-0.44163479610598977, -0.11702348971678567
-0.4429473513878655, -0.11655223278100828
-0.4393964667719131, -0.13837793716805832
-0.4392671933430841, -0.1383980271366752
-0.4393969521738679, -0.13812377437465184
-0.4429372626806355, -0.11633228926161822
-0.44162309372374015, -0.11667233493398482
-0.441576213665247, -0.1167212041651383
-0.44176106943408383, -0.11682581019854464
-0.44127082222523006, -0.1164036608357684
-0.44118804787847415, -0.11594204397719508
-0.44163604053761235, -0.11575032415212212
-0.4394887705341127, -0.13796104639281334
-0.44123777008918624, -0.11641787778087384
-0.44304613564742684, -0.11641540514514567
-0.4412383408077708, -0.11692678958857099
-0.4412041768855469, -0.11707118864839572
-0.4414624961701484, -0.11689383563305787
-0.43955420524014915, -0.1382039864405842
-0.4375316922921676, -0.13814701608203345
-0.4392038867073075, -0.1382983652868187
-0.4375605726266495, -0.1384637225660701
-0.44129334597820813, -0.11666200521104893
-0.4414552366699631, -0.11693198512246168
-0.4415932429208096, -0.11730451748436611
-0.4414915969268193, -0.11680130272778468
-0.44117466479883666, -0.11639906491489943
-0.4378569775077737, -0.13814876163486456
-0.4376192672883479, -0.1382829349078188
-0.4429354877224268, -0.11592005607419899
-0.441595349677683, -0.11670441022188194
-0.4414775376170956, -0.11713646777193171
-0.44127536378542975, -0.11701804188336501
-0.4416607255993704, -0.11684975396713972
-0.4413413212357951, -0.11620118386785348
-0.4376492868445841, -0.13836453616771904
-0.43777204853470303, -0.1383203036861613
-0.439767124699202, -0.13809849120352294
-0.44170669418280073, -0.11657886353963029
-0.4415436781832027, -0.11702984174627182
-0.44180836203728296, -0.11703345642063219
-0.4413332568940751, -0.11692703856117796
-0.44120152672011625, -0.11655522813619196
-0.43761714431955606, -0.1385498970864475
-0.4378188443791876, -0.13840958698871764
-0.438151417258436, -0.1383963212599302
-0.44144612689452556, -0.11649871950782886
-0.4417579593291146, -0.11691423066452956
-0.44174541579273957, -0.1174189131052556
-0.4417383263492758, -0.11701866859527715
-0.4416097609630248, -0.11657461815114166
-0.43797471142226163, -0.1384140432268047
-0.4394154795836509, -0.13821368160084663
-0.439329493986257, -0.13826961412440547
-0.44133098017136557, -0.11622679834465664
-0.4430519676212799, -0.11670326847790455
-0.4417802039019208, -0.11706415491609434
-0.44146229780767543, -0.1168250668875077
-0.44310088824960037, -0.11620884833325791
-0.4414528968465662, -0.11615322936441552
-0.4375942584135177, -0.13851644921759576
-0.43778499508412827, -0.13816451617554065
-0.4411535717465213, -0.11642130963231923
-0.4431896289437855, -0.1167008070229897
-0.4416262115345121, -0.11675726448439923
-0.44326101808387103, -0.11669626677788691
-0.44288888277254285, -0.11624527767689503
-0.4393771591689829, -0.13817959044066108
-0.4377217194483596, -0.13866422466563702
-0.43934608662238206, -0.13818553338019862
-0.44136162850060046, -0.1162216851507825
-0.441812256078832, -0.11677241909740853
-0.44171099826917715, -0.11707438632808309
-0.4416730406778149, -0.11694467729868141
-0.4420065671834695, -0.11660756199534177
-0.44135516370099287, -0.11620159481931866
-0.43779329345890544, -0.1383273693751071
-0.4394026679493665, -0.13812882632590093
-0.4412839294991594, -0.11641099250809418
-0.4430278350544221, -0.11641992544756703
-0.44287335356901303, -0.1169476685930849
-0.4414635272196647, -0.11704046953876499
-0.4414237526519073, -0.11698101002097641
-0.44172479099318945, -0.11617922620548926
-0.4396455803055808, -0.13822599699636287
-0.4376363135650352, -0.1381601916343155
-0.4381841275138132, -0.13793248417529094
-0.44154884045509873, -0.11655715790395972
-0.4417234125168392, -0.11673355751220592
-0.44176432054238385, -0.11684385504233646
-0.4417875492299397, -0.11662477985615628
-0.44125708453420137, -0.1164083097980497
-0.4393379340904877, -0.13831101367162596
-0.43772755541447317, -0.13847137731138998
-0.4426269957756187, -0.11616730212942056
-0.44272340865900556, -0.11665762609192212
-0.4415838544258646, -0.1170677112997218
-0.4433154389378717, -0.11651407059719711
-0.4429304788610533, -0.11646513316970371
-0.4413334422177909, -0.11644997229374948
-0.4376503572051618, -0.1384442653993399
-0.43758793670784585, -0.13839822188173567
-0.44261178000086243, -0.11653720524669096
-0.4413836820977377, -0.11672143577416894
-0.4413062067152596, -0.11698988322245649
-0.4415779513096993, -0.1167938247004925
-0.44316599308752364, -0.1164471789725885
-0.4414367338336776, -0.11644979484771223
-0.43948257665905344, -0.13825129283184143
-0.43768243607399926, -0.13836215431566323
-0.44140496362668996, -0.11642823628807321
-0.44144646868554804, -0.11666590059542506
-0.44179344007390775, -0.11675127678080716
-0.44181780479732863, -0.11676105584084746
-0.4417145863829877, -0.11656447596345638
-0.43790919083753777, -0.13847958244711
-0.4376222810943682, -0.13843545678798738
-0.4377163985840911, -0.13857272496976222
-0.4377114066210271, -0.13844570290313302
-0.4429664771990445, -0.11651384199789758
-0.4413067784418772, -0.11698342982118026
-0.4429396646459991, -0.11658967507813217
-0.4414836944068012, -0.11647012653927459
-0.44282339610624627, -0.11643260969940304
-0.4395135302274693, -0.13790892042951716
-0.4429412041080655, -0.1162916051124194
-0.44291661139126237, -0.11648030676183271
-0.44138924282003167, -0.11658573388587187
-0.4415948825296167, -0.11699510603747187
-0.4414661310579577, -0.1170810022355581
-0.4427526121792771, -0.11625671832618222
-0.4411713612800287, -0.11642093572604555
-0.4379897424848231, -0.13840277439654242
-0.442837177262147, -0.11617307944241131
-0.4414591570418789, -0.11631395363106534
-0.4415843876434162, -0.11676416383122336
-0.4415973629996867, -0.11701803205463676
-0.44175720318358225, -0.11684899793230644
-0.4416913448750877, -0.11661400878343695
-0.4413667409196336, -0.11643726505991073
-0.4414341439899428, -0.11615857623806551
-0.44114287493127635, -0.11627470268167812
-0.441291657476059, -0.11644021030131706
-0.4427533121375075, -0.11693827113185071
-0.44122342094738576, -0.11718553998508774
-0.4412472638529713, -0.11674242867287767
-0.4415643805811795, -0.11651989933352093
-0.4379381723351808, -0.1384009715913754
-0.44140030981021755, -0.11621244142057115
-0.43810261276448437, -0.13829406194304256
-0.4417555094360443, -0.11657742942685416
-0.44156705755230535, -0.11656656486962445
-0.44168521702916586, -0.1168188768732711
-0.44309729061472203, -0.11674042816934177
-0.442909841679919, -0.11650769621876274
-0.4413675275225666, -0.11677568900348528
-0.4426745357567902, -0.11622535135445304
-0.4413884967753916, -0.1165255916827517
-0.4417393411572985, -0.11672832879669694
-0.4416123213779442, -0.11706711599941558
-0.4414218025899406, -0.11696155591809962
-0.4418922415726402, -0.11692633451768779
-0.44163686767240135, -0.11663656183997122
-0.44171837350895793, -0.11656736960514348
-0.4415348606070283, -0.11617513879972055
-0.44304345636606035, -0.11609953030270105
-0.4415959783782175, -0.11668111166025291
-0.44292812402615545, -0.11650579686274874
-0.4415562754144184, -0.11727237174861872
-0.44149042436729596, -0.11714777064825609
-0.4415464429030804, -0.11675926855014036
-0.44153395100128534, -0.11684216757395949
-0.44163219312397856, -0.11649838650134843
-0.4415914915230129, -0.11623147059613786
-0.4416470786955267, -0.11648007239521534
-0.4418336215084703, -0.11658758164120457
-0.44317878830021923, -0.11667787741963309
-0.44154863307535014, -0.11698451566798662
-0.4414742031487222, -0.11676024653678166
-0.4412989247331642, -0.11687298696066169
-0.43801317622547764, -0.13857752709301518
-0.44137369716238467, -0.11655497027669422
-0.4414566944867071, -0.11676893290997727
-0.4416259692803821, -0.1167047219510545
-0.4416837171318789, -0.11698063067758939
-0.44162742897363483, -0.11688940031704108
-0.4415683786550622, -0.11660023569434806
-0.44139975309754054, -0.11674354638530868
-0.44140296611962815, -0.11638648268773145
-0.4414053959022313, -0.11644766285546743
-0.4411313767428394, -0.1166623242218873
-0.4413069597254691, -0.11693341039063283
-0.4416550827739738, -0.1168483703933163
-0.4415142604545644, -0.11702919533773505
-0.4415227252482467, -0.11681156622702765
-0.44147639004688016, -0.1165016829241335
-0.44171135808608347, -0.1160423165760524
-0.4415830711965279, -0.11665656754669537
-0.44141266245435057, -0.11664575679687986
-0.4416297699274921, -0.11658780824216906
-0.44159711170529375, -0.11697986391062164
-0.44161435101771307, -0.1173393016825317
-0.44155407328038937, -0.11700544711275909
-0.4412774072667815, -0.11667016865507464
-0.4413309474935371, -0.11672688471451706
-0.44137253967069234, -0.11655901310456819
-0.43794745682285713, -0.13863660384599752
-0.44317531278303934, -0.11662129273124919
-0.4429665532733924, -0.11659717695182141
-0.44174322390003706, -0.11676245645234475
-0.44306100247991587, -0.11663962788996149
-0.4431927525781659, -0.1166142197075611
-0.4414154327703684, -0.11659972190385055
-0.4377615871934382, -0.13879682098132728
-0.4432969342915971, -0.11638608077246444
-0.44284324314385076, -0.11651515798712979
-0.4434014183465716, -0.11665602446988656
-0.44302453266442887, -0.1167622550032075
-0.4431928033437906, -0.11648806339016393
-0.4427218588234694, -0.11609585945217117
-0.4414836604295833, -0.11630028434866714
-0.44148494124722015, -0.11652934725322076
-0.4417898017914996, -0.11657808290874948
-0.4417174603643372, -0.11662284941651695
-0.44169959853661056, -0.1167546590107044
-0.4414391039831538, -0.11683892955646878
-0.4415095562186895, -0.11632345307697471
-0.44328494552224473, -0.11622626815429019
-0.44142429339147293, -0.11634634179075434
-0.4412987350733129, -0.11630974832870032
-0.44125607734047445, -0.11643236644042179
-0.4415740581921832, -0.11672685530836033
-0.4430656100233151, -0.11623022600161431
-0.44175957433610163, -0.11676684828156837
-0.4432002846226226, -0.11642360893291315
-0.44131637805728957, -0.11665377799412475
-0.44140677490404817, -0.11648653962876736
-0.44138217336304353, -0.11661832982977723
-0.4430709690382454, -0.11623267201629144
-0.44155710996747194, -0.11669678919286493
-0.44150721212547545, -0.11680498448995279
-0.44301827547340655, -0.11645850289440043
-0.44326397045327504, -0.1163023431685646
-0.441286571525815, -0.11643434540473303
-0.441492380599923, -0.11638232765223415
-0.43796601572536287, -0.13848816329362196
-0.4431410839239905, -0.1163532921088888
-0.44147566103557107, -0.11681238226950923
-0.4430764197716237, -0.11662996411135698
-0.4416570235525675, -0.116858641635305
-0.4431675354131055, -0.11660485558293819
-0.44123193629668467, -0.11630694752591805
-0.4413276721306893, -0.11626739549472141
-0.44272270844418904, -0.1163128544987901
-0.44163348137796027, -0.11648934610865565
-0.4415803728152245, -0.11662098575626392
-0.4413310839104823, -0.11655282962989341
-0.44143190761487366, -0.11679533198736433
-0.4416471155244392, -0.11666260349714974
-0.4415941573607194, -0.11649593792226212
-0.44112783421431406, -0.1165410623444676
-0.44141883563886475, -0.11650895739176798
-0.4412397101189319, -0.11650339950538167
-0.44154269063019463, -0.11674697328711758
-0.4432993524629383, -0.11669325598920832
-0.441504891094865, -0.11666290189956606
-0.44161757658044937, -0.1165835074406412
-0.4415770267178942, -0.11641228430724439
-0.437926356233582, -0.1383233767555762
-0.4412783983155029, -0.11597986797208314
-0.44277879231366807, -0.1164406878278768
-0.4429000436471226, -0.11676376166336569
-0.44134519360337243, -0.11683658801565593
-0.4415883320767778, -0.11661859879074336
-0.44146874948930587, -0.11664391345202478
-0.44140717849493566, -0.11620494923887938
-0.4415986833432407, -0.11616478616031059
-0.4380954009304689, -0.1382104837616769
-0.44179544135301824, -0.11660844372384366
-0.4416718734588834, -0.11673845752958367
-0.4418907131342118, -0.11687175531039191
-0.4414020390989296, -0.11667750514675945
-0.44121014181697915, -0.11636087952745644
-0.4416315328326516, -0.11649801806568306
-0.44131228057652633, -0.1162410365412748
-0.4414607697164114, -0.11635068679170317
-0.44142970404892384, -0.11633401849980837
-0.4415814890510116, -0.11680048660072385
-0.4417109582562679, -0.11656164635790689
-0.44170687867475983, -0.11665125389940878
-0.4415129133932624, -0.11660780962040526
-0.44165551645132195, -0.11632710430343218
-0.43956339586001314, -0.13813107406936884
-0.4413495914949781, -0.11613422303625189
-0.4414265978361821, -0.11633482973370145
-0.44308107589016316, -0.11634764906210462
-0.4432050158048511, -0.11670255935810599
-0.4418191442202973, -0.11697088339539845
-0.44154862358167934, -0.11654047070909548
-0.44149604369712186, -0.11634119179157155
-0.4414530924858846, -0.11621543444090807
-0.4412798717196122, -0.11608018163554915
-0.4413471163056847, -0.116229160488098
-0.4431920755257733, -0.11621134226186353
-0.4414282022366733, -0.11691898975604542
-0.4415481596607626, -0.11687580169190688
-0.4414736402590782, -0.11693030927526325
-0.44146938046431855, -0.11661311571874443
-0.4411288983069499, -0.11636082053123041
-0.4412563820206707, -0.11655272705017494
-0.4413991270355466, -0.11649794819499898
-0.44161463039717835, -0.11666800950187696
-0.44315046672417485, -0.11683593391544866
-0.4415943439435771, -0.1170163763730743
-0.4429805782647497, -0.11658067099745378
-0.4430186102322705, -0.11625526201558536
-0.4427285628882202, -0.11627923501808465
-0.4412914838766171, -0.1163579746309266
-0.4414983103578907, -0.11626082031556427
-0.4412536621505485, -0.11627381711789099
-0.44182683381734683, -0.11651760929772094
-0.44181595770814375, -0.11680809280015256
-0.4427917214667415, -0.11666338074964698
-0.4416920518018065, -0.11665546557050249
-0.44122898966122714, -0.1164838727274757
-0.441275458120468, -0.11638571362838272
-0.4375983968380959, -0.138407681230217
-0.44303428926642413, -0.11618976409900618
-0.44158905938709825, -0.11682089744408986
-0.4416246633822605, -0.11691984373055724
-0.44161402043543657, -0.11682018471895778
-0.44175814950695086, -0.11680337784594794
-0.4432005046648624, -0.11625863210002299
-0.4414322837384202, -0.11646304612283402
-0.44152061063253245, -0.11639500915591287
-0.4413976650321381, -0.11650468635576534
-0.4413614404687298, -0.11683054367437352
-0.4417522403026165, -0.11701380061456332
-0.4413982956641578, -0.11689769723676452
-0.44151628865079934, -0.11714551145119288
-0.4413670399248773, -0.11693464665495852
-0.4417945378288908, -0.11664301437726524
-0.4415764267509667, -0.11648460954489119
-0.4413414039640043, -0.1163968867632111
-0.4428343198000104, -0.11644311086288983
-0.44165015953263276, -0.11717244688890283
-0.44152266413460733, -0.11730733258767576
-0.443149195510442, -0.11675914878740605
-0.4417276752723726, -0.11693835957708858
-0.4429948461473633, -0.11668400343890255
-0.44135639568644985, -0.11699333342915555
-0.4415223419362359, -0.11662530902926063
-0.4414552686904764, -0.11695464877743533
-0.44284461582828144, -0.11691673699554314
-0.44302878258183737, -0.11684293791270735
-0.44156164078944155, -0.11695768748254244
-0.44154019800094046, -0.11707627121339724
-0.44286487173047545, -0.11665887388071697
-0.44138492463186424, -0.11657165404525216
-0.4416036851482297, -0.11676550989616519
-0.44150917788310257, -0.11688362266772709
-0.4414244498129146, -0.1170322816567097
-0.44153628464427547, -0.11697960259900109
-0.4429218279026085, -0.11668834741111535
-0.44133617147134746, -0.11698412197287757
-0.44313761410648367, -0.11650529623158636
-0.44139591808960194, -0.11683069351187036
-0.44132514359876734, -0.11661763459241428
-0.44129725384817603, -0.11650016229267919
-0.4413534787177127, -0.11668011290270124
-0.4413522602551966, -0.11697003385673617
-0.4418946230737108, -0.11688950994472182
-0.44154627291394144, -0.11709418542061474
-0.44112937680465797, -0.11696638945923284
-0.44129445101034737, -0.11646541936950838
-0.44145097438567865, -0.11654191603093245
-0.4413438338150622, -0.11651682894773124
-0.44117620736485313, -0.11664149183757083
-0.4429074057097732, -0.11673714694926621
-0.44301476833350917, -0.11664717224019959
-0.4418105148001071, -0.11657778679267379
-0.43807195227254947, -0.13845904619095237
-0.44158950360839416, -0.11652878441156539
-0.4417608904649239, -0.11654567900861582
-0.4417872193902678, -0.11687301117124799
-0.44340735904195167, -0.11649408425270419
-0.44156573838872853, -0.11660330502313845
-0.4429381161446667, -0.1167358232707514
-0.4431781843590243, -0.11622327551632275
-0.44311091716430556, -0.11649570934782258
-0.4413043040735429, -0.11673854243338454
-0.4430042914640643, -0.11640396375296382
-0.4417024579081305, -0.11669028876562486
-0.44142655085246535, -0.11704221456789553
-0.441746257397077, -0.1168399200039894
-0.44171159560873907, -0.11666928692934074
-0.441564339437472, -0.11658574532458969
-0.44115272411067663, -0.11641406602781934
-0.4416588126445127, -0.11633611743380128
-0.442913431710431, -0.1163629168554311
-0.44154979796255023, -0.11675503238073413
-0.44164157096429935, -0.11686043800309434
-0.44310004118538077, -0.11655867475512388
-0.4416512626971164, -0.11673450084768593
-0.4433147061264844, -0.11626650521049664
-0.4416559844599497, -0.1165723436730621
-0.44158338487514365, -0.11648731895824334
-0.44151984036937214, -0.11661811977729489
-0.44338997951013315, -0.1164937925334306
-0.4433520192278655, -0.11645919126744379
-0.441463741331391, -0.11661798250239526
-0.44319685113906604, -0.1164081345240743
-0.4417420860089402, -0.11635750545860929
-0.4413715527196671, -0.11629571230396135
-0.44149752715813256, -0.11647530558178454
-0.4430632797991305, -0.11650202887343986
-0.44150432352442714, -0.116711767895879
-0.44169035584689625, -0.11677089438531303
-0.4430880498549347, -0.11676643877483506
-0.4433617627203973, -0.11625277515375394
-0.44138533908838623, -0.11648521079344612
-0.44290682470696197, -0.11595652564798434
-0.4397602188276743, -0.13804864516927026
-0.4414023578833897, -0.11662730715211508
-0.44303096627466043, -0.11672021973069628
-0.4414163224135001, -0.11690001799169569
-0.4415954020677502, -0.11691015843131834
-0.44158731773807514, -0.11673789933262492
-0.44174462103131074, -0.1166403790648112
-0.44134837949547373, -0.11617996036360097
-0.44147581238463485, -0.11646165505838722
-0.44138787500562077, -0.11654300780283809
-0.4428880674676827, -0.11618114918136674
-0.44167886805733164, -0.11676243075595104
-0.44156720052689596, -0.11684332132712241
-0.44161292297365884, -0.11679489135852272
-0.44115203869209063, -0.11639577012282344
-0.44142872174183934, -0.11652317865854264
-0.44148334369489545, -0.11634014324889681
-0.44145999610699516, -0.11625860772145574
-0.4429727039452143, -0.11652052789417731
-0.44152960546750086, -0.11721910920351525
-0.44175658845568555, -0.11686848105975557
-0.443019028690616, -0.11634927388228013
-0.44350215259575854, -0.11614786984606325
-0.44314792163688627, -0.1159371440350807
-0.4414044449302182, -0.11613746778049965
-0.44139156590468537, -0.11657506390417485
-0.44335268245638537, -0.11656184125258297
-0.4416201913462491, -0.11687425351860245
-0.4415021500989522, -0.11676129702239099
-0.4416663252693824, -0.11677389103557063
-0.4430250396854013, -0.1164647574429006
-0.4413250697561188, -0.1161693593929554
-0.4396422057626183, -0.13760378430725784
-0.44315499780757345, -0.11590242039277315
-0.4430383320475836, -0.11620250897909962
-0.4433558017084191, -0.11650741965082113
-0.4415239299387047, -0.11695301922536713
-0.4416192243152341, -0.11696520666117419
-0.44119354352413587, -0.11686814586464798
-0.44140828702859214, -0.11624907512812536
-0.44273990850707595, -0.11604233270581918
-0.44118998020038613, -0.11650374059770466
-0.44316923664362584, -0.11621719009201166
-0.4412770237658138, -0.11675240357905955
-0.4415335702776698, -0.11711620935469728
-0.4417256865599459, -0.11667783174054618
-0.44301242202765845, -0.11646550318443365
-0.44125009187003117, -0.1165911365753304
-0.43775666435466287, -0.13837932891248836
-0.44116191877274463, -0.11643950090793474
-0.4410354177229794, -0.11669408588422395
-0.4412190778656252, -0.11697246552289721
-0.4429445666290136, -0.11692705313486218
-0.4427255633453218, -0.11687930963584932
-0.4415218754524121, -0.11674699525428463
-0.4414378931253853, -0.11647274713886367
-0.43781970832668815, -0.13848200252804763
-0.43773044021048396, -0.13855724930919697
-0.44126149178042945, -0.1164893588614205
-0.4413841351480202, -0.1169774507985733
-0.44299269509287703, -0.11688484394267608
-0.44280096183334655, -0.11684238643587923
-0.4427572433565134, -0.11644311819464584
-0.442503955861439, -0.11652815421541225
-0.43740829033777395, -0.13849904003524452
-0.4391782173763243, -0.13831747561692376
-0.44266814917550656, -0.11637479207471976
-0.4413851935259962, -0.1168179743974599
-0.4414325351223512, -0.11688582872461935
-0.4417454786495503, -0.11682300173183342
-0.4414778263810639, -0.11672501965440013
-0.441447870616478, -0.11656362173733754
-0.4413340871820707, -0.11651918540833706
-0.44146738266180946, -0.11636051964042704
-0.4412672049598792, -0.11647896121111048
-0.44132441037170583, -0.1168817988353877
-0.44157896492985005, -0.11685607669440416
-0.44145369979533605, -0.1167635009820759
-0.44169863011470645, -0.11655347729070661
-0.44169900227209785, -0.11643495534250005
-0.43780176789304154, -0.1383490353674962
-0.43784433599578365, -0.1383594527837362
-0.4416016887547549, -0.11641892715793035
-0.4416397505821644, -0.11666507276974952
-0.44302121467640293, -0.11650326314505581
-0.4412829041244044, -0.11674321757201137
-0.44138021241575454, -0.11663258122363299
-0.43796880998470034, -0.1382157917205575
-0.43974239247956337, -0.13809279019571252
-0.4376423121076991, -0.13836719255134106
-0.4414150442469572, -0.11614808116082595
-0.4415040917869734, -0.11661166424495682
-0.44150243673685036, -0.11701155216485744
-0.44172708553917456, -0.11694007703104028
-0.44171622161452984, -0.11672926454325971
-0.4429946601760673, -0.11611711595188204
-0.4427814139176929, -0.11604682225847511
-0.4377373120086824, -0.13846408133366903
-0.4411994906700695, -0.11656044286873324
-0.4410990400398829, -0.11675871217588112
-0.44319409699759904, -0.11663269795974211
-0.44127159500009855, -0.11700504240208107
-0.4411553698367305, -0.11706913061033954
-0.43799286522248604, -0.1383607445513619
-0.4409189397409393, -0.11634335558024018
-0.4427371212883855, -0.11607139805796791
-0.44286030216277755, -0.11635494170957092
-0.4429671602076281, -0.11649665265071568
-0.44156789854837153, -0.116873302736502
-0.4413555931870861, -0.11718513187587219
-0.44270251513341674, -0.11662098217974072
-0.44164457923252953, -0.11653570130875526
-0.4377201491982914, -0.13847869021521936
-0.4395196061345959, -0.1381033780897596
-0.4414356719450539, -0.11640962427924716
-0.44131982198293096, -0.117069370127627
-0.44151766383510815, -0.1170307456367446
-0.4413037277622137, -0.11727606384078536
-0.44137848633716176, -0.1169829600638372
-0.44274787258234777, -0.11622887735719517
-0.4375372386565607, -0.13860145343018654
-0.4410607205467984, -0.11630228439375752
-0.44102886266017444, -0.11631715879449084
-0.4429692272509516, -0.1165299365434267
-0.44157867776763643, -0.11714802066371198
-0.4428954032171221, -0.11709652031154313
-0.4413675947394965, -0.11688036778647308
-0.44134546700790983, -0.11661599239281355
-0.44279068090586876, -0.11608266421900144
-0.43919485076740283, -0.13834157890884044
-0.4411040805183228, -0.1166192937560384
-0.4430758038788483, -0.11666247660378033
-0.4412951343269943, -0.1171247672915799
-0.4415299726458888, -0.11702895996681051
-0.44152225269126943, -0.11707298591668858
-0.4413681297416739, -0.11658164671901979
-0.43981142332811723, -0.13808860864995356
-0.4391749626024488, -0.13836056115966083
-0.44105606604872993, -0.11650120618462396
-0.44285492657832515, -0.11631278515158379
-0.443071313378808, -0.11663978029953766
-0.44139624678793854, -0.1172355367737777
-0.44153372635101146, -0.11695612295103885
-0.44130745711248426, -0.11638565355195862
-0.4379457039511922, -0.1384995328820983
-0.43914726298310874, -0.13825612601246445
-0.43789360678796607, -0.13856456705674963
-0.44279316397764273, -0.11641042265537299
-0.4414197765981529, -0.11718449909481816
-0.44182137492935236, -0.11694277791736483
-0.4414984802848392, -0.11712713487382885
-0.4412974935604573, -0.11649570325924957
-0.4377228275716606, -0.13835803930178772
-0.4376094936710333, -0.13829863612925433
-0.44119982900465093, -0.11611229252371234
-0.44158304086546696, -0.11665776528219138
-0.4414763270017422, -0.11675976938671477
-0.44151601106548555, -0.11704177068777301
-0.44150429441729055, -0.1168140878053963
-0.44122770320596916, -0.11692701961604592
-0.4379818770167911, -0.1384908905674963
-0.43777951230321815, -0.1386292496417857
-0.43975647927166256, -0.1384243813719864
-0.44303343954387314, -0.11618894464962791
-0.44166441778262544, -0.11681864903780483
-0.44155349024498924, -0.11705536657140218
-0.4417279846121466, -0.1169157770458779
-0.4415949878446468, -0.11665773714985564
-0.4380955628790819, -0.13842495194061855
-0.43779134263658626, -0.13823910095707392
-0.4376479128213968, -0.13829783266221765
-0.4414338863999087, -0.11628353877124173
-0.4431254443773863, -0.11642698220576664
-0.443027752196542, -0.1167901456689414
-0.44302249887284656, -0.11667651526232194
-0.44311771967321045, -0.11630483391608185
-0.4395868982396479, -0.1383021852192661
-0.43765805474033365, -0.13828369104203944
-0.4381249600504024, -0.13826758318376234
-0.44157501627405277, -0.11668156573200943
-0.4417351023914123, -0.1167765590437715
-0.4431972866940758, -0.11640287627416449
-0.4412965799642417, -0.11678389278059144
-0.44133531814864424, -0.11628124678035757
-0.4379711589935565, -0.13845847295434588
-0.44288450715535227, -0.11614550069910431
-0.44159814528172414, -0.11635808851525878
-0.44140305743865516, -0.11667467435555195
-0.44172944156476035, -0.11643042259952936
-0.4414641907121183, -0.11677256016597709
-0.44140234159456015, -0.116796677942974
-0.44133138293440427, -0.11654469496004702
-0.4378082087743159, -0.13853905951354847
-0.44134966610462184, -0.11634730850307477
-0.4378066580429011, -0.1383112526281327
-0.44162447539368654, -0.11644154365343604
-0.44140864423069665, -0.11679779871752943
-0.4416219629665397, -0.11688339765790921
-0.44122757887551967, -0.11679815485280197
-0.4412638558515472, -0.11668842001267943
-0.4412702251193556, -0.11627964433942013
-0.4430304205881707, -0.11614532889912109
-0.43952954976742087, -0.13837052048890242
-0.44132542750943415, -0.1165064448746996
-0.4415864501650222, -0.11676109913778605
-0.4416182216953544, -0.11679274854849282
-0.44318066304303216, -0.11663845644344553
-0.44145838782341223, -0.11691610009493456
-0.44153769741787324, -0.11629571375573716
-0.4395736894366917, -0.1382039212876754
-0.4375319069831537, -0.13852613242643075
-0.4415326375973341, -0.11648046614240896
-0.44141281808604205, -0.11700030383745619
-0.44161317706729986, -0.11704359423026427
-0.4413245911728774, -0.11710083881722141
-0.4414458284843892, -0.1165609021546706
-0.4431072153890483, -0.11603387292522127
-0.43768954158750784, -0.13846130516061012
-0.43776911219004827, -0.13864161617097412
-0.441366828637216, -0.11666919355627611
-0.4415674414973616, -0.11688927943562381
-0.44156304802205865, -0.11712492425618883
-0.4413799416359664, -0.11695111757619485
-0.44110844175276326, -0.11650169156138872
-0.4380136952534975, -0.13833363551175926
-0.4396142960233445, -0.13823999825451042
-0.4413872569295554, -0.11658409934949696
-0.44166119794736725, -0.11663438356368563
-0.4417995591427109, -0.11694042477737916
-0.4419266645960568, -0.11693304664887906
-0.44169299287179226, -0.11665477646108903
-0.4416886298821852, -0.11649891613663077
-0.44287099879023506, -0.11608418808345046
-0.4394211673533602, -0.1381938913124692
-0.4397345812600985, -0.13788332689154847
-0.4428617217955115, -0.11619974734354686
-0.4430082028240364, -0.11651723920464585
-0.442841546526702, -0.11692363318886508
-0.44163093255016883, -0.11681385021094214
-0.4414219152309622, -0.11669484223562669
-0.4415814370789608, -0.11638332559605571
-0.44159542264257756, -0.11623358868895002
-0.44322609458667456, -0.11600258450055743
-0.4415416911319735, -0.11650214897616128
-0.4430870316022776, -0.1163340396678074
-0.44168326005192354, -0.11667667980373284
-0.4430985647106454, -0.11656891140715661
-0.44270359723133124, -0.11663287334982042
-0.44134849614178745, -0.1166658462808618
-0.43794006486912485, -0.13842701488577042
-0.44141814664960494, -0.11616815321347035
-0.4414757508979088, -0.11639017178789896
-0.4417365898920796, -0.11674399389084288
-0.4418778404127013, -0.1167860332357207
-0.4416314508023016, -0.11639203363695998
-0.44174925913581997, -0.116587296445176
-0.4430691515238113, -0.11596564466749075
-0.4414672076719448, -0.11625671987667564
-0.44287146046698717, -0.11616175544722915
-0.44126489184666867, -0.11656007956296063
-0.4414237618398691, -0.11666596275321159
-0.44147384277838353, -0.11682854535545668
-0.44158719398472873, -0.1169967132555943
-0.44152400182671847, -0.11670586397878281
-0.4416445325905039, -0.11650557249355674
-0.44172304642382904, -0.11661203838845831
-0.44131211868854503, -0.11638021679659505
-0.4414270997776684, -0.11653902717468251
-0.4413849844612126, -0.11680978762947199
-0.4432796528787074, -0.11643350119413261
-0.4414657830675501, -0.1168052564436533
-0.4416281411906666, -0.11673117371176979
-0.44120600571640006, -0.11644590046874041
-0.4426951642008411, -0.11634213990867584
-0.4410777114194886, -0.11687321039466327
-0.4413382163178289, -0.11696092570955532
-0.4414387119081438, -0.11712047216446116
-0.4413429035282618, -0.11701590877972068
-0.4418773919445347, -0.11684219419802935
-0.4414948175697572, -0.11673547078277119
-0.44159892278223517, -0.11639602367053783
-0.44116376914764716, -0.11663920117190973
-0.44276787273293505, -0.11613495307561678
-0.4414608194904796, -0.11664777242367183
-0.44281157995680903, -0.11685003597123761
-0.4427640437362277, -0.11691453741822432
-0.44288598928083145, -0.11700435327126224
-0.4426984840985249, -0.11649350693861761
-0.4412423015186348, -0.11662657560886093
-0.4428493427511448, -0.1161298470645107
-0.44142571679519754, -0.11654728860407158
-0.44173421972469534, -0.11649904511320118
-0.4417011489030796, -0.11655802067520542
-0.4416439857491577, -0.11698091722011139
-0.44145264996976863, -0.11703954721284567
-0.4398185905912114, -0.13846674974509238
-0.439231060669687, -0.13817452168353314
-0.4377904068273413, -0.13868536716035912
-0.44097907166129613, -0.11662636603411586
-0.44266385429196053, -0.11648708913220372
-0.4412966256197803, -0.11689173497605145
-0.4417387666636253, -0.11682360990991837
-0.441695354185472, -0.1169042228988574
-0.4417926013494001, -0.11628731272659552
-0.4417501645046781, -0.11639875023426888
-0.4377509270363367, -0.13803560501312448
-0.4412952295519313, -0.11628535452833974
-0.4411189149324366, -0.11638711533486447
-0.44140005588829756, -0.11692338597631691
-0.44119230627500317, -0.11680577566158097
-0.4428126035651371, -0.11668282796701966
-0.4415524737436572, -0.11681323985929878
-0.442863946271562, -0.11632872848088416
-0.4378823641813397, -0.138424485462474
-0.4414488309756309, -0.11640996559200359
-0.4415018987010288, -0.11645707080707769
-0.44327277363157513, -0.11621365885235797
-0.44174400524092605, -0.11673918402555265
-0.44162470143724747, -0.11694062519175805
-0.4414793649956653, -0.11670574453124617
-0.44130753299071257, -0.11661751907880086
-0.4428654723588107, -0.11630221076548955
-0.4413514039281199, -0.11635975903592875
-0.44141474218446924, -0.11656823195808323
-0.4431410164034179, -0.11662022202529156
-0.4431148452281608, -0.11699676983199142
-0.4429292185502975, -0.11653471604347054
-0.44136160770249144, -0.11659415267710005
-0.44138793424557826, -0.11647924199974904
-0.44136677521087847, -0.1164879178928584
-0.43793945593840555, -0.13826545564420578
-0.44133126555642743, -0.11646854974721675
-0.4413198816455517, -0.11646152604191366
-0.4428148918079284, -0.1165607990808536
-0.441472228219721, -0.11722393932384476
-0.4411362830319554, -0.11698926858000218
-0.4429116509537727, -0.11654719751835767
-0.44251238389820174, -0.11624834288529518
-0.4411761640691616, -0.11633191899703052
-0.44295344579511353, -0.11631922347004214
-0.44155994188998543, -0.11644171283226348
-0.4414449652623289, -0.11651882722563682
-0.44165117899004097, -0.11700384215017445
-0.44149703160341564, -0.11683146027963473
-0.44164350140360686, -0.11650949740942515
-0.4417531617220801, -0.11658647405559673
-0.4414238344631457, -0.11660233621087006
-0.4429054070042798, -0.11598415785854628
-0.4431314381489615, -0.11637564822894252
-0.4412634996717438, -0.11655452843592475
-0.4433565554468461, -0.11640024188980061
-0.44315795261681973, -0.11633398371514173
-0.4414531415022509, -0.11650202031298602
-0.44162963004956957, -0.11609183719918645
-0.4414402401194531, -0.11635726476090058
-0.44184520138112454, -0.11662737527695424
-0.44162679927416615, -0.11646262415399584
-0.4416789443286038, -0.11675475782815913
-0.44166022805783905, -0.11685886514525452
-0.44170766143331447, -0.11674794007290518
-0.4430629508687927, -0.11626861055282635
-0.44312325822394427, -0.116043372281595
-0.44143341891592314, -0.11663884920609661
-0.4414672998933468, -0.11656836744616052
-0.4413509641313818, -0.11656626155819204
-0.44166961129941895, -0.11669756364357368
-0.44140861625130184, -0.11676453015175697
-0.4414474464781672, -0.11671464917398175
-0.4430883151933364, -0.11659125874728105
-0.4415480851516836, -0.11626894117370126
-0.44148472949556183, -0.1164421638023814
-0.4414031019824485, -0.11635700257214088
-0.44130177896549777, -0.11642135779587391
-0.44157991619491105, -0.11658308800492677
-0.4415584040773624, -0.11688182389804512
-0.44146935758723277, -0.11673263710990331
-0.44135011350853626, -0.11668006812077625
-0.442961937215093, -0.11635980772181403
-0.441274619597041, -0.11619567567118878
-0.4414688233369857, -0.11625122293061195
-0.44142399311688607, -0.11645076670431649
-0.4418492713617737, -0.11658827136453481
-0.4415634666111808, -0.1168205258324537
-0.44159636637290034, -0.11668005825863484
-0.4429204626953894, -0.11658968002325042
-0.4417259093932489, -0.11659740547654135
-0.44150121294373873, -0.1164223142730516
-0.4415176832915137, -0.11635500364199895
-0.44137469524621414, -0.1162082054706866
-0.4412916966087432, -0.11659616317224407
-0.44168744334790044, -0.11703063173668862
-0.44161416249681457, -0.11670157464652194
-0.44145876646925825, -0.11667248880293209
-0.44146232004269104, -0.11656451067334717
-0.4429870870429836, -0.1162394073452496
-0.4413192161698061, -0.11632452186378736
-0.4412456540500357, -0.11646826013501518
-0.44138591909960023, -0.11684899277049154
-0.4416646310035641, -0.11694639079800753
-0.44119574125367844, -0.11698034527423352
-0.44158189976090334, -0.11660435981350449
-0.44125333877718415, -0.11617573495253096
-0.44305915656901684, -0.11607535387459819
-0.43772423944684397, -0.13837699007446172
-0.4415299849136195, -0.11652637796694597
-0.4415983029849585, -0.11678259339944605
-0.44313511435873243, -0.11680882889924858
-0.44170796463483075, -0.11688656014364872
-0.4417622754487102, -0.11669965599974207
-0.44146055217735786, -0.11634672750593664
-0.4378375064811801, -0.13827103602739924
-0.43950422152101065, -0.13823636571424908
-0.44165530920176166, -0.11641601367687487
-0.44312065132068656, -0.11650159588132179
-0.4433111210184583, -0.11668299131093067
-0.44145569250193395, -0.1170320425660284
-0.44332910795295044, -0.11671091651041995
-0.4414262380797761, -0.11643767548545603
-0.4397915349681424, -0.1382195260324795
-0.44164092131854293, -0.11632272561827767
-0.4378910502856932, -0.1383058704874095
-0.44314590586954594, -0.11618196296061352
-0.4431508912361287, -0.11682408404870136
-0.4415131954470436, -0.11695857309091912
-0.44171897807473093, -0.11651216706782332
-0.4415248619295238, -0.11655086427653144
-0.44157072620075294, -0.11624671616928253
-0.438016387588465, -0.1383906470734578
-0.4412546890439756, -0.11649567706910548
-0.4412436913587072, -0.1167117901585703
-0.44141210390900726, -0.11687177156879489
-0.44142684106973884, -0.11709997212780038
-0.4413110359966508, -0.11685516831844794
-0.4428362913601175, -0.11647400460490574
-0.4428320267278467, -0.11605414946317137
-0.43752289952427376, -0.13850682076768778
-0.44126217384472677, -0.11659083463739445
-0.4415267007097657, -0.11648454403939003
-0.44155727912701276, -0.11693526199488617
-0.4413726653646544, -0.11689432774664223
-0.4415560734850096, -0.11696402087078081
-0.4431903144366416, -0.11628530850342916
-0.4379889345313798, -0.1385037109969242
-0.44292373111354133, -0.11629505237808818
-0.442720512942493, -0.1161477620860092
-0.44154417918817457, -0.11662190448332972
-0.4416411274713872, -0.11687169489941562
-0.44150139008443734, -0.1169121455229594
-0.44162021800760176, -0.11682365825950175
-0.44133718910906083, -0.11674233028613294
-0.441451675943268, -0.11614216809442907
-0.4414164683633244, -0.116082141226976
-0.4413603084105036, -0.11620227202004742
-0.44300781446481724, -0.11613551211240525
-0.442759356136264, -0.11671929442589217
-0.44293549269063853, -0.11689369863805729
-0.4427646558899387, -0.11680712393695589
-0.44134207600760444, -0.1167991639157
-0.44106034225257673, -0.11673496415754601
-0.4372765935930762, -0.13873758332952643
-0.43723623284728547, -0.13880249731281605
-0.4415072511213271, -0.11604149775109371
-0.44171334779743565, -0.11673832128538558
-0.44193643266567645, -0.11669572684556637
-0.4420406279798479, -0.11703861646503441
-0.44328285543366386, -0.11613083096685844
-0.4380368738610521, -0.13842730196822536
-0.4391165881714011, -0.13852042260517913
-0.4377006605559449, -0.13850252457907913
-0.4430436585309647, -0.11655140050788884
-0.4430802490413695, -0.11683470831895294
-0.44163695399070757, -0.11706849503051234
-0.4415661456910241, -0.116835673744805
-0.4415613936863162, -0.11649466945077809
-0.4413509001454392, -0.11636458883146929
-0.4430644485797659, -0.11616857362337663
-0.4376866376439607, -0.1386294356952177
-0.4427713774299092, -0.11670532174842314
-0.4413199379387462, -0.11704771099645297
-0.4410044814868186, -0.11719108472832067
-0.4410404614696032, -0.11719352791966023
-0.4426603503973352, -0.11667126811456556
-0.4393926348072715, -0.13853047506031282
-0.4412507843811511, -0.11642332627683752
-0.4428141961644142, -0.11643450728961227
-0.4411539542358232, -0.11666069279628116
-0.4430903237972853, -0.11646882336504316
-0.44303920919750633, -0.11689384850126658
-0.441409255360278, -0.11687691313287771
-0.44102720516115296, -0.11695680212954149
-0.4407619731908094, -0.11689773467055664
-0.43762022781047993, -0.13867135717675255
-0.43770826823340653, -0.13856316439599556
-0.4414321545494564, -0.11652871369577723
-0.4415980238244937, -0.11666419126889466
-0.4417944374356273, -0.1166547359684283
-0.4418254012182635, -0.11666715657813947
-0.4432050603939355, -0.11632278470305117
-0.44000377718635447, -0.13795994120749835
-0.43799515296821157, -0.1378733873991681
-0.44160689792910984, -0.11608618878529901
-0.4418058694243292, -0.11645071367354887
-0.4419291647526136, -0.11655705908118914
-0.4417160939172947, -0.11660319631346877
-0.441884918283893, -0.11669733158369112
-0.443202916505173, -0.11611754160635358
-0.4395114978051327, -0.13798818050557432
-0.4397164384170185, -0.13815428650071673
-0.44332898019987155, -0.11588565430018118
-0.4381980220086222, -0.13819469654156605
-0.44132504747250395, -0.1166393161847232
-0.44336160336911457, -0.116436182919678
-0.44205093732959266, -0.11646637990383482
-0.4417730438301736, -0.11673375444598615
-0.4417109847992761, -0.11636729517862161
-0.4396080134491872, -0.13816927014834846
-0.44170020873035604, -0.11655066388787466
-0.44327158672024947, -0.11628935986531921
-0.44177523464148777, -0.11676136302729101
-0.44341150096847914, -0.11651235724146129
-0.44191695668431386, -0.11672113947152145
-0.441723312500925, -0.1164295220234648
-0.4415161448792013, -0.11652055676979439
-0.4416165991624104, -0.11654736254264063
-0.4417119742465969, -0.11623823167530685
-0.4414700692943244, -0.11651454851587159
-0.44294702173430145, -0.11656196006034857
-0.4416972644707113, -0.11680108117892521
-0.44289149142133766, -0.11644713230172025
-0.44267619911138323, -0.11635544389658099
-0.4430377030617811, -0.11638547848048095
-0.43781480033658177, -0.13878976855246386
-0.44132926610963197, -0.11659981514094366
-0.44106323351259474, -0.1167669085503019
-0.44162186078400106, -0.11684701760688189
-0.4415714584501504, -0.11666588782329392
-0.44150769342548996, -0.11668297589405036
-0.4414384574152131, -0.11631112486687316
-0.43795589153802117, -0.13820356404849082
-0.4396110171196738, -0.13817395601611748
-0.4429819976777196, -0.11620518453556677
-0.4430358691389102, -0.11651979724743937
-0.4431341061894231, -0.1165857485868764
-0.44319054461749874, -0.11656463216385465
-0.4414305783721559, -0.11701140060369886
-0.44152630554377764, -0.11679781672960567
-0.4417505350790393, -0.11650681852388485
-0.44159129181251455, -0.11623836217541066
-0.4416318384712861, -0.11635322326122519
-0.44327720031304585, -0.11611902916040882
-0.44141013798200296, -0.11672467374611836
-0.4430727932182027, -0.11659109369692701
-0.4412796620769923, -0.11686860850191305
-0.4412815832911555, -0.1164364842785327
-0.4392918705889245, -0.138281576668538
-0.4395927498331208, -0.138390126939492
-0.4379693623128324, -0.138395213906897
-0.44138970108938824, -0.11637004928537534
-0.441580171967548, -0.11667625805325554
-0.4414172579737055, -0.11664747058684873
-0.4418620521128226, -0.11631016652415312
-0.4414705021884655, -0.11625690823548902
-0.44311564316316865, -0.11598604907848686
-0.43773489739786625, -0.1383552137647094
-0.43766946705355536, -0.13838261645944344
-0.4394198210780621, -0.13821643422602137
-0.441415881910204, -0.11695111267632771
-0.44145905524763124, -0.11695164805939
-0.4415134486856319, -0.11666708563683251
-0.44274215863205807, -0.11612352143260855
-0.44289674687314506, -0.11582754218802287
-0.4395125823418035, -0.13798193319741792
-0.43783220997803785, -0.13809721000492495
-0.4413435761989651, -0.11618798964660589
-0.44159804229195576, -0.11650447998521053
-0.44163403544243823, -0.1168160074864615
-0.4413264432323519, -0.11690926302308248
-0.44151271231557687, -0.11678077081968158
-0.442872239326957, -0.11640378884684818
-0.44107171624537334, -0.11626342990375713
-0.43929378883013, -0.1382254816224734
-0.4427822335470141, -0.11623300161058261
-0.44288151945254994, -0.11621323566043433
-0.44295041080743836, -0.11681152170665934
-0.44161050646941197, -0.1170077696762552
-0.4416387255545337, -0.11701521883198304
-0.4415618426907107, -0.11675708156247024
-0.44159609993882004, -0.11633909154974958
-0.44158641197172793, -0.11632951128176988
-0.4414664940873455, -0.11658099255425233
-0.4415816760955988, -0.1165407325108417
-0.44292624308504525, -0.11645927380311827
-0.44157487912874377, -0.1167745865281779
-0.4430015982734891, -0.1164100928774371
-0.4431557099875288, -0.11614800314374996
-0.44282879937887737, -0.11593851743353553
-0.4397335725182267, -0.1381404461328181
-0.4376020138439027, -0.13838303989171075
-0.4415366037371192, -0.116433431956046
-0.44157468570110026, -0.11666292362604488
-0.44192506185250374, -0.11675181912066107
-0.44163259541828725, -0.11691366940882283
-0.44171075227975604, -0.11660324895838733
-0.44305253334352857, -0.11600984106900934
-0.43939360306294883, -0.13821738602101225
-0.4430168028764756, -0.11606114034711969
-0.4430191792218081, -0.1162403929666634
-0.44115733907705906, -0.11653172704231812
-0.441688686432904, -0.11693592870827159
-0.4412869393900797, -0.1171213378116754
-0.4414234739194776, -0.11692889130917847
-0.4430379078627254, -0.11623701460207557
-0.4375074911556319, -0.1384599248897642
-0.4414960045540327, -0.11618848037666543
-0.44297946775442987, -0.11613799412691733
-0.44174044665783657, -0.11661909735183812
-0.44331331836097015, -0.11658148375117935
-0.4418682320676636, -0.1166664208312614
-0.4413086966454167, -0.11655517472817557
-0.4412132904422207, -0.11632385793654805
-0.4413661681105638, -0.11620992549095875
-0.4375170176860799, -0.1382836056174163
-0.44139694088442893, -0.11642290026404427
-0.44162500683990497, -0.1168652953039464
-0.4431352323371332, -0.11673592659767222
-0.44306592718642224, -0.11661810571778633
-0.4431564794576137, -0.1164470271403087
-0.4414124968006546, -0.11634956934422039
-0.437967304873675, -0.13822918245031804
-0.4395327080721341, -0.1380702099761809
-0.4428709189622776, -0.11599015819441848
-0.4416027014618918, -0.11661309895107959
-0.44162017978972873, -0.11703504990582808
-0.4414875063243484, -0.11728161989726503
-0.44162064203422025, -0.11687126759511565
-0.44127547339412376, -0.116337534595811
-0.44305285299644775, -0.11612759749139838
-0.4396642882954725, -0.13804453473589207
-0.4429731004708927, -0.11605580677560692
-0.4430346484898608, -0.11635111800536832
-0.4430657015592115, -0.11659690165324882
-0.4432566549092791, -0.11649279124214089
-0.44123275278928864, -0.11703606707744063
-0.4415667728392217, -0.1164534145527256
-0.441169363837085, -0.11649631031123218
-0.4373917834775632, -0.13863765281049148
-0.44134884046019857, -0.1164068846815223
-0.4432939514205809, -0.1163582226391761
-0.4432628800212597, -0.11641850114429575
-0.44142533411159557, -0.11666873086615805
-0.44311726021077164, -0.11655456839673983
-0.44156781109089654, -0.11634154697647198
-0.4395988136890665, -0.13823327417677306
-0.44150133409115283, -0.11621665617799169
-0.43795070515652884, -0.1382885873972314
-0.4414205390062101, -0.11655684046557059
-0.44282355633045756, -0.11662042822045085
-0.44274953076362794, -0.11671506896843392
-0.44164716168591817, -0.11676387004762126
-0.4413469297372519, -0.11680540010841242
-0.4415099765722802, -0.11617856340427389
-0.43783869632654215, -0.1383825645386023
-0.4378198449977477, -0.13841722727423417
-0.4414903680477347, -0.116506753886469
-0.4432820350652884, -0.1163787264002559
-0.44162782388894267, -0.11697577347966903
-0.4416130598119177, -0.11718382765696647
-0.4425553666237539, -0.11654987285905456
-0.4377135201206175, -0.13854769218039176
-0.4375815335149879, -0.1385597665692695
-0.43776572100065425, -0.13855986260193762
-0.43800030720463073, -0.1384204134506412
-0.44154071098439523, -0.11660524418102618
-0.4416239247343154, -0.11699867575626187
-0.4416808646336028, -0.11671156371758207
-0.4415721428683326, -0.11676006677908922
-0.44135135621683164, -0.11639030259683603
-0.4414132454358028, -0.11624410664122384
-0.43769026362789, -0.13841788922698942
-0.4427400814735952, -0.11636474921370205
-0.44147792857826396, -0.11672801235917887
-0.44153079429200226, -0.11657820840776599
-0.44166750869057314, -0.11686385584622135
-0.44323935587099705, -0.11660238634820198
-0.4413858039312043, -0.11676817144774007
-0.43794142704411726, -0.13833272120317697
-0.43807638872114124, -0.138422150236299
-0.43966757854604593, -0.13822166982711276
-0.44160716754590423, -0.11662177198845139
-0.44296291050293946, -0.11655722637706575
-0.4432625504228898, -0.11652712408254476
-0.4428533332013582, -0.11661630850216512
-0.4427894944081622, -0.11647593866847315
-0.43771121668096824, -0.1383196422279788
-0.43912699768380914, -0.13861401092370004
-0.4377982607379599, -0.13821746716278194
-0.441580072978997, -0.11641708888540339
-0.44136580090984945, -0.1165549848187206
-0.44153539272470727, -0.11677791988769522
-0.44312882090226824, -0.11666786161891204
-0.44290317406028257, -0.11623731556243518
-0.44114501133831596, -0.1163582233496025
-0.43765959307585495, -0.1384848544865972
-0.4395665161103114, -0.13825330393120178
-0.43781641995250675, -0.13840489084560068
-0.44153248187248484, -0.11693018917376602
-0.44176888562736993, -0.1168023716538048
-0.4415672350649252, -0.11673670495490858
-0.4417448582103795, -0.11668409911342861
-0.44133343402101816, -0.11638030255605814
-0.43756265175409575, -0.1382603211630427
-0.43938759992048565, -0.13811570131966433
-0.44278000684864144, -0.11643799056421107
-0.4429858718641717, -0.11633805222536955
-0.44281781992436897, -0.11677147842939983
-0.44158582067009916, -0.11687595105184674
-0.4415390185180022, -0.1166551697757252
-0.43780214529651795, -0.13826191479106528
-0.44113523300206514, -0.11616821234676698
-0.43789212959558804, -0.13829038192676274
-0.43783427542357567, -0.13824680016571278
-0.44152576909310004, -0.11637665647992013
-0.4415066004437272, -0.11659578380754869
-0.44155788445159233, -0.11647470999876429
-0.4414736990289978, -0.1165002270607256
-0.44139665592914445, -0.11649071957269197
-0.43763780341581954, -0.138373644799712
-0.4394784162926637, -0.13803778777083112
-0.4396110692155629, -0.13851055096402495
-0.4416037223055745, -0.11653710110239145
-0.44159733906254384, -0.11700166491023031
-0.44182662550219975, -0.11680042541111978
-0.44147398451143793, -0.11651670828334383
-0.4377654114630047, -0.1384560815165363
-0.43760774442408784, -0.13830812236972578
-0.44280790560659616, -0.11606695576108329
-0.44274770273456804, -0.11640888367995035
-0.4410689839834582, -0.11726386641845474
-0.4414114005541525, -0.11746136471458912
-0.44134114516589645, -0.11728960562486371
-0.44131267841810906, -0.11696545571534737
-0.44135978413303933, -0.1165110600535653
-0.4394828942146622, -0.13821089450384638
-0.43950119957756967, -0.13803044733397607
-0.4414904526407696, -0.11655997005512622
-0.4414838222989266, -0.11695210598394784
-0.44165515570096886, -0.11702090635479813
-0.44180914341836514, -0.11683510357963416
-0.44173106898223924, -0.11673454409689057
-0.43787537090046275, -0.1386639163702996
-0.4375933702755615, -0.13834088324173902
-0.43774995612244116, -0.13840126972500094
-0.43775167755828376, -0.1385513972855447
-0.44312533861419917, -0.11644560315085863
-0.44163057675129486, -0.11695127815004223
-0.4417049890900644, -0.11704096750584764
-0.4413998631169244, -0.1168692461635383
-0.4413535147871372, -0.11637019659149198
-0.43792022442067535, -0.13806330928831353
-0.4378778034570766, -0.13839070200486817
-0.44276978461637784, -0.1162652312573596
-0.44149843561008023, -0.1165920517791554
-0.44320661845629317, -0.11690920837062592
-0.44298717521729275, -0.1172743315074435
-0.44167251969311605, -0.11701977137031569
-0.4412456546515747, -0.11663120252887887
-0.4377339846928652, -0.1386128024403331
-0.4393829385969685, -0.13836572569102804
-0.4392303438598941, -0.13794077559731352
-0.4412786231443895, -0.1162693499017287
-0.44163026782333403, -0.11673418089109697
-0.4417644952877499, -0.11683658297430266
-0.44180892800561744, -0.11681318721655329
-0.4415487010213257, -0.11682860471016586
-0.4377570211552247, -0.13843240782369665
-0.43759652017096357, -0.13861229735550776
-0.43934284864148626, -0.13815299829738031
-0.44272683077538344, -0.11643665881771494
-0.4428167177379902, -0.11686608303182976
-0.4430249132325362, -0.1166757730823891
-0.4416201766371787, -0.11742187833930129
-0.4414376316556869, -0.11714198465905123
-0.4415126548299117, -0.11655655982837004
-0.43803740795806745, -0.13832364520504026
-0.44144482587401696, -0.11615810337115928
-0.4413783697906305, -0.11622369654515945
-0.442965143492762, -0.11631984585376387
-0.44310926522988253, -0.11678349211693084
-0.4429062413153645, -0.11696395063265849
-0.4415344926470775, -0.11700228340476522
-0.44115776827720965, -0.11689015222612843
-0.44112326227521914, -0.11668495368870198
-0.43947535661419446, -0.13844714196179883
-0.43778370232232006, -0.13850556661432664
-0.44138776535474716, -0.11648188506239529
-0.44161427566954764, -0.11655169843378162
-0.44322048034802325, -0.11644654180459246
-0.4416080921519996, -0.1170143992850892
-0.4431669492843752, -0.11657635281414057
-0.43774222822513426, -0.1385978348430217
-0.44089179238571174, -0.11660236364628118
-0.4392580562369807, -0.13849146851753144
-0.4394671746013983, -0.13834823118485653
-0.4429274615250915, -0.11634946888619889
-0.4415425440760906, -0.11712580199950008
-0.44318019649254586, -0.11696656002569085
-0.44162434319112753, -0.11679897278481528
-0.4415216527028209, -0.11657732733163496
-0.43800787006750724, -0.13852016889526245
-0.43783944126696034, -0.13862401352838646
-0.44295232587851535, -0.11611303545954739
-0.4429384659166785, -0.11635153776881213
-0.443178449957488, -0.11649075469000036
-0.4430405610766452, -0.1167360088225249
-0.4428813721619108, -0.11674507645422845
-0.44300239076727654, -0.11653704951260097
-0.43738652466352085, -0.13859769066618172
-0.43785072570481404, -0.13862882494594317
-0.4376810874404401, -0.13838564254198737
-0.44166642317241567, -0.11663958207502723
-0.44183165449661455, -0.1166060575668026
-0.44169477419037445, -0.11679650656769103
-0.4417305788735854, -0.11680928092117888
-0.44151068388278264, -0.11672386471153376
-0.44141333887615963, -0.11648483523217353
-0.4377027017870404, -0.1386006816984122
-0.43937823086528865, -0.13842075211168406
-0.4425651244713423, -0.11638487235070574
-0.4427783939326048, -0.11624309767857859
-0.44153215517115485, -0.11658253892566267
-0.44140749806621155, -0.11680805798562913
-0.4430847441095238, -0.11638439798035274
-0.44136754602409944, -0.11653301770263487
-0.4414756996770205, -0.11654815763098036
-0.4432213284410908, -0.11633600845038354
-0.44098957636137115, -0.11639014943113582
-0.44309220404577887, -0.11631902371793082
-0.4429542934353804, -0.116592836747873
-0.44130577887251465, -0.11670087858331238
-0.4430580996044032, -0.11627485249750458
-0.44149605864933744, -0.11658867771683835
-0.4416873878558787, -0.11634195122765245
-0.44145734433502887, -0.11645306985831995
-0.44129340220442487, -0.11659688829187505
-0.44130745788326126, -0.1165928783517954
-0.44144523464212904, -0.11663903665819748
-0.4430885291517715, -0.1164912869008082
-0.44133217167819677, -0.11683481222020667
-0.4412349375554484, -0.11674014799374553
-0.4414880138246406, -0.1163843298965787
-0.4415187550399857, -0.11659185940867163
-0.4381906288684834, -0.1385147810307485
-0.4429948377176408, -0.11637230041127153
-0.4416894185985208, -0.11653341296832637
-0.44280487232072674, -0.11653422643599007
-0.44281569896415707, -0.116471870038576
-0.44306742142186684, -0.1163424903857502
-0.4412145460859938, -0.11655406823095596
-0.44098970449960534, -0.11666867931409675
-0.4430380818502777, -0.1162503748090244
-0.4415057673432561, -0.11668146705613652
-0.44305055667172716, -0.1164575670808428
-0.4416601265361101, -0.11662625756956245
-0.4416356613946959, -0.11652232404158873
-0.44274207324736675, -0.11625116702151356
-0.4428688268570679, -0.11646469637295129
-0.44277820740316054, -0.11613551275723565
-0.44134135929897234, -0.11675731081266905
-0.4428841055857387, -0.11640390457064624
-0.44150890591344283, -0.1165078775665666
-0.4412162881161467, -0.11664104909567875
-0.442896662428398, -0.11651105914285864
-0.4412851051903496, -0.11659611243534963
-0.4430832293357737, -0.11622701058799376
-0.44151983155811736, -0.11650410770797408
-0.4430430149751127, -0.11647501378872013
-0.4415364150883034, -0.11654905113308144
-0.44307091221979916, -0.11653649878502739
-0.44129530415440726, -0.1168174248085661
-0.4413904614025523, -0.11646577341911511
-0.4414332674643641, -0.11666590537644335
-0.44139222693971475, -0.11640842524635596
-0.44142051870704474, -0.1164819831885045
-0.4414383272998583, -0.11660925747350165
-0.44127232431125935, -0.11673459701451751
-0.4414922089760532, -0.11679744821832336
-0.4433216882162792, -0.11659775232682514
-0.4428143900050959, -0.11650047777416597
-0.44124628385318343, -0.11644084029670124
-0.4431142423562961, -0.11622725052901736
-0.4428987555050246, -0.11601188661207548
-0.44130401941180797, -0.11660589849668106
-0.4414164322821449, -0.11663208506167923
-0.4415118937942023, -0.11693517373112679
-0.4414011895822122, -0.1167407529661572
-0.4410407679698208, -0.11677541658463189
-0.44100102370628086, -0.11669958261443157
-0.44297838849526355, -0.11616354286787212
-0.4411688559626872, -0.11638366596211464
-0.4427918116613557, -0.11630614763742997
-0.44285703892290146, -0.11638435611204542
-0.4417582526782025, -0.11665418307519677
-0.4418084838386824, -0.1166400073079172
-0.4432892383948922, -0.11655436495107331
-0.44147381066524827, -0.11648812880743774
-0.44122847414598787, -0.11638005603493422
-0.4377921852463553, -0.13843166485915454
-0.44296261985773466, -0.11632404581974441
-0.4427136732526519, -0.11647442541836524
-0.4430850406900937, -0.11630171837094298
-0.44148858066485486, -0.11685146354808532
-0.4413800018230993, -0.11678217459601717
-0.441542743641127, -0.11642920493043422
-0.44152380275436, -0.1163145554912244
-0.44143674352289053, -0.11620315224088854
-0.4415448386884621, -0.11624977831710843
-0.4416612435711054, -0.11642369873268718
-0.44157674526011237, -0.11670004766071727
-0.44297444198180874, -0.11651791761281943
-0.4414077040566226, -0.11699983349287005
-0.4414140462914963, -0.11692377656783604
-0.44105047687015914, -0.1164099407134449
-0.4411627256471734, -0.11623423745151391
-0.4377317818151522, -0.13829563807251552
-0.44111984679488436, -0.11643906515682924
-0.4416986119193248, -0.11668670541693661
-0.4414019005167329, -0.11685186410415208
-0.44316111833486665, -0.11690405877280476
-0.44156060626672183, -0.11665756430522349
-0.4412180745716715, -0.1164891240125797
-0.43772863014818814, -0.13825265626569722
-0.44258993890830833, -0.11593207877050307
-0.43808177204500015, -0.13828659606635854
-0.44137655153702854, -0.11657532831129416
-0.44300108713209935, -0.11667917304391351
-0.44136534810378, -0.11694708761697695
-0.441568384696945, -0.11691651977672043
-0.44309696898616996, -0.11647221785301973
-0.4431112552366363, -0.11604857113501939
-0.4380058199589561, -0.13818719826474202
-0.4412647522309766, -0.11616725208716797
-0.4413747893838221, -0.11639726493339962
-0.44151801430384785, -0.11662911754144209
-0.4417118125830868, -0.11694971731399173
-0.4414619006176968, -0.116923575503777
-0.44138660195281043, -0.1168478901281758
-0.44145446468917204, -0.1165697995233507
-0.440903157148139, -0.11621313667294215
-0.442995080852659, -0.11599523146754373
-0.44318635744993495, -0.11622981664335638
-0.4427275839809456, -0.11661365119658697
-0.4429249986051473, -0.1165037214665838
-0.441463234509748, -0.11675827907203613
-0.4429681011021511, -0.11650928453869774
-0.43780025188539196, -0.13834208300994993
-0.43778565119097, -0.1383006760361411
-0.44115658244418077, -0.1164231516371957
-0.4411386455000358, -0.11643306522501505
-0.4415496234183199, -0.11661108037481506
-0.4415094188183664, -0.11677018841370157
-0.44127794164983897, -0.11667295682802167
-0.4430046714238294, -0.11618371423509227
-0.44148488674291647, -0.11657266952769137
-0.4413430509126263, -0.11671664267089277
-0.44114081969296065, -0.11624932315270106
-0.44145299034358365, -0.11635944773403677
-0.44118779635303595, -0.11666575823376014
-0.44139431611857327, -0.11671611964650795
-0.4413807945085745, -0.11649334382757129
-0.44168258445144976, -0.11676654005097963
-0.4415159380806122, -0.11657611954022493
-0.44122174131904873, -0.11643970300196387
-0.4377142071571773, -0.1383678578673768
-0.43801856510812154, -0.13843507020132922
-0.44315698443771234, -0.1160043368131129
-0.4430576152569907, -0.11633418416824111
-0.44284297230278497, -0.11651478938138987
-0.44285768850016394, -0.11641672794788724
-0.4428697355419077, -0.11655160293922519
-0.44134353710081325, -0.11697256098154683
-0.4412859497704363, -0.11657601966629014
-0.4412736249857785, -0.11643229271454882
-0.44117104110235783, -0.1166225937054358
-0.44285231495080996, -0.11619861982704534
-0.44143589797748045, -0.1166766552488637
-0.4429982096615931, -0.1163390628424778
-0.44132195794685325, -0.1168648027085413
-0.4412848399172516, -0.11673278199066016
-0.44282208429382874, -0.1163339331797735
-0.44116131758795407, -0.11682510867031091
-0.4415277348910175, -0.11628148318044428
-0.44140085934150886, -0.11644066173009408
-0.44134858395184245, -0.1164971544607731
-0.4415050728708681, -0.1163542768101409
-0.4415975379896868, -0.1163817631456733
-0.4417183603460862, -0.11625929115918393
-0.4415825802854931, -0.11662501296824807
-0.4430803819002248, -0.11625642443631484
-0.44290164242186975, -0.11633411755745898
-0.4428660028478486, -0.11633560001335425
-0.4380638963946574, -0.1384248840485477
-0.4412911398855595, -0.1164189133087845
-0.4431807814292594, -0.11628521085071471
-0.44173346539891983, -0.11635318960196597
-0.44330659477540135, -0.11658293371611726
-0.4416892514882586, -0.11646540420042512
-0.4415140265126371, -0.11654981672573429
-0.44314862174595604, -0.1160018272701725
-0.4414831705578418, -0.11619820316770453
-0.4413278328890338, -0.11645185033902751
-0.4413966005250995, -0.1163089230522362
-0.4414336048767968, -0.11649324629064536
-0.44303192561527777, -0.11660712876930036
-0.44157445946539, -0.11655097543041673
-0.4412761759208769, -0.11654705854869613
-0.4414640187495721, -0.11659844113691667
-0.4414936276965632, -0.11663597087266492
-0.44302854199447167, -0.11626691163457607
-0.4414187384733843, -0.11641578806087152
-0.4427054155315274, -0.11623981496784942
-0.44144930399361765, -0.1168495290534257
-0.4428658130858054, -0.11626675026943703
-0.4415397685527258, -0.1167078995714122
-0.4413057135225283, -0.11662831042053658
-0.4412083605540483, -0.11659078696515732
-0.4413847332557981, -0.11650996190298121
-0.44124675991160744, -0.11670957187755375
-0.44144643987034526, -0.1167143810515628
-0.4431725049922206, -0.1164220717693939
-0.4414792614290974, -0.11642952582958807
-0.4414364601491751, -0.1165587556724173
-0.4416854789573552, -0.11641878649771054
-0.44134414797742155, -0.11657591392864806
-0.44140404805066225, -0.11648768317218168
-0.44123474125808687, -0.1166951389619622
-0.4411479148967488, -0.11655249913516591
-0.44133067312497487, -0.116600328338019
-0.44308591644642525, -0.1164182024427761
-0.44164681538310174, -0.1165320696934599
-0.4429198770988446, -0.11619662838672476
-0.4415248120295103, -0.1166025668424323
-0.4415956749007949, -0.11643543037575461
-0.44156951045467924, -0.11639607683883846
-0.4414649300463925, -0.1162118547024987
-0.44299707095117213, -0.11643543766770385
-0.44180014819704155, -0.11651751193310601
-0.4414504819740239, -0.1165754509137633
-0.4431140311413279, -0.11620226557535661
-0.441339740152263, -0.11640004283480702
-0.4415496439396064, -0.11634718549075568
-0.4415474187693354, -0.11669087953496944
-0.4411859917247279, -0.11666194077703654
-0.4431081844985098, -0.11639512898404962
-0.4431652328688796, -0.1162985590558403
-0.44294646407044247, -0.11626475744465928
-0.4429526376570893, -0.11587321972311972
-0.4432037517147476, -0.11618387515834572
-0.4433584998818587, -0.11629931046296269
-0.44302102632168544, -0.11633197233349009
-0.44117919653550036, -0.1163165655253304
-0.4412250949003215, -0.116463275393507
-0.4414034562668483, -0.11651440963304252
-0.4428956907038145, -0.11631024479350546
-0.44113094429630934, -0.1166658916847842
-0.44139418885943843, -0.1167388591569409
-0.44327534254499973, -0.11627816916636952
-0.4414717257460882, -0.11624029090784682
-0.44149845582951175, -0.11641823017041092
-0.44165905246485093, -0.11651241722322384
-0.4431374297355788, -0.11632620467652825
-0.44132368885482864, -0.11670256857081834
-0.4412705105201853, -0.11681687814280003
-0.4429306407625005, -0.11635402255679775
-0.44133629121780227, -0.11658128412049004
-0.44307067513373394, -0.11617015968018607
-0.4428638895217017, -0.11614272965014347
-0.44161584418528965, -0.11640199345501365
-0.4416671216034316, -0.11640568936469252
-0.4415633007243668, -0.11636751449855057
-0.44170339256972935, -0.11650748557781185
-0.44160739958979683, -0.11655747160808332
-0.4412818461765609, -0.1166626270001934
-0.44281834988486374, -0.11628390061670202
-0.44144092904926746, -0.11667070419631954
-0.4412013933964713, -0.11641166207551647
-0.44311637989294456, -0.1161496611758562
-0.4414047475890291, -0.11653256821180848
-0.44292998568074554, -0.11651350752440577
-0.44269425768529724, -0.11644402456592862
-0.44155638302985983, -0.11655412067763417
-0.44130253450334805, -0.11668734244278256
-0.44162882377492924, -0.11649400885387974
-0.4415020671408983, -0.11652850327220413
-0.44312481150360156, -0.11643985418420066
-0.4412331992343371, -0.11665916687839203
-0.44313304287540384, -0.11631984882691677
-0.4414833055802282, -0.1167325679697148
-0.441470224904477, -0.11665396954623791
-0.4428186352419201, -0.11634260106930527
-0.44278135426383386, -0.11627132761377038
-0.44301484432886923, -0.11634163907767807
-0.4429943159172375, -0.11630848218985698
-0.4430018332025042, -0.11655724443870714
-0.4414488252712076, -0.1166952754155436
-0.4414121420005258, -0.1168493198480478
-0.4413444027390341, -0.11676690294671972
-0.44285588754843314, -0.11640456754414684
-0.44116649392181984, -0.11662065820309045
-0.44293816024496707, -0.11618518593742747
-0.44131537605016696, -0.11662586615872708
-0.44146807605518523, -0.11663912329864005
-0.44270109588301215, -0.11664954998081864
-0.4428627258648445, -0.11670366747947128
-0.44137142551441155, -0.11672835626915169
-0.44131555146581486, -0.11667366689249525
-0.44110223815222027, -0.1166517605225226
-0.4413122341443874, -0.11639271033495442
-0.44148757756727613, -0.11634644288776004
-0.4412503053709695, -0.11683135668093998
-0.44128938946797214, -0.11683016584245057
-0.44311603921354564, -0.11661299437126944
-0.44150147975094683, -0.11700669508753272
-0.44299560694873846, -0.11648369210856324
-0.44289757819405257, -0.11647588441672105
-0.44281673727192944, -0.11626309144198635
-0.4377674880991712, -0.1384704374771876
-0.44297474507421064, -0.1166167822998533
-0.44134878400029404, -0.11694614545443269
-0.44145616068025645, -0.11683082096285559
-0.44311315241113974, -0.11665072803851786
-0.44294830612715663, -0.11637270921842897
-0.44147541622086395, -0.1164972526956108
-0.4414933183598793, -0.11641016751794189
-0.441028938635612, -0.11635365347801467
-0.4415179822072102, -0.11632040211562844
-0.4414519364297485, -0.11648255183010477
-0.4427347527894683, -0.11687884374320599
-0.44283983038953123, -0.11662426507358956
-0.4428071128231627, -0.11628585050067815
-0.44107210503739047, -0.1166143259972632
-0.440971510927053, -0.11684143767529225
-0.4412693722297746, -0.11649618569669036
-0.4415192316848653, -0.11651798916858123
-0.44340587881677873, -0.11627600369075429
-0.44159324176278686, -0.11632157530802419
-0.4419694772182401, -0.11636535220408262
-0.4432606201447766, -0.11621638262148952
-0.4415247611110794, -0.11672153414571264
-0.44155281289321197, -0.11654157488103811
-0.43766402061050674, -0.13848514128760903
-0.4428281511178292, -0.11623343238167659
-0.44288618256941814, -0.11616976271402518
-0.4428144517539041, -0.11640701585808824
-0.4416417549537647, -0.11670182611863042
-0.44324531989704746, -0.11627827162919264
-0.44142961271432346, -0.11632886004510974
-0.44151622875595237, -0.11645678882737251
-0.44166722623597676, -0.1161776835893757
-0.4415973641710136, -0.11631023225337674
-0.44150839527843405, -0.11630723729815522
-0.44304013629105266, -0.11628363037810814
-0.44313087628373066, -0.11667901468203577
-0.4428217457727522, -0.11643997643723827
-0.4428966301222772, -0.11642710230786574
-0.44284644049881294, -0.11639419576234156
-0.44269933098490416, -0.11654926485053282
-0.4416042778439888, -0.11638091444692138
-0.4414407693810153, -0.1165854639927009
-0.4415775323474452, -0.11652505038846783
-0.44168161590647637, -0.11676562407192122
-0.4416333877103738, -0.11670520242743203
-0.4419010524899762, -0.11674117659096493
-0.44313427903309205, -0.11644911010645648
-0.4430115037031199, -0.11655449209731238
-0.44150190487597435, -0.11645188870689138
-0.44134570637826226, -0.11658984397081266
-0.4429520594615445, -0.11619287247570131
-0.4430663053475737, -0.11649798166378018
-0.4416544564299615, -0.11670780607279276
-0.44184020749273994, -0.11665920541559929
-0.4415690813586116, -0.11677576393547474
-0.44336241533182474, -0.11645043208370677
-0.44173725520729057, -0.11619644017031674
-0.44119300309125997, -0.1164357019601287
-0.4418425764369535, -0.11656222605113171
-0.4416520375884313, -0.11650459196556702
-0.4431870973807588, -0.11658230168898316
-0.4415876987644452, -0.11675825093013455
-0.44147578089105544, -0.11689771295444609
-0.44125681265470423, -0.11670376176957112
-0.4430269676070171, -0.11629121086036553
-0.4412544394858352, -0.1163055838784757
-0.4432068223342814, -0.11594413615527777
-0.4417541994457594, -0.11631244564857784
-0.4415423187548512, -0.11658773370782774
-0.4419110229211946, -0.11693775004564477
-0.44171804811127835, -0.1167747648228417
-0.44167267604524574, -0.11663487441602653
-0.4428984176671898, -0.11619338803600218
-0.44318131555130313, -0.11619593805957049
-0.4431172706425916, -0.11619036370699948
-0.4431674045695053, -0.11635855858188858
-0.4415829596628823, -0.11662018392073871
-0.44170768012661926, -0.11681572887589063
-0.44185426886787343, -0.11680791392802693
-0.44156139766075275, -0.11671255948604183
-0.44166880496555405, -0.11651957335971981
-0.44144159898604124, -0.1164880223674733
-0.4416900055697554, -0.11653324610430844
-0.4417145600532233, -0.11651642823636002
-0.44189756760256765, -0.11660847362549484
-0.44162454286682573, -0.11670933391129816
-0.4413334663872644, -0.11707475850000254
-0.441498840973223, -0.11643902432293368
-0.4412047625700169, -0.11662133290800136
-0.4412931294309772, -0.11662689841660173
-0.44299386221527426, -0.11634875362600448
-0.4415453541229024, -0.11646928946426212
-0.4413610489107451, -0.11690964717671777
-0.4417988870999526, -0.11675939403009133
-0.44159114283432827, -0.11664560406519374
-0.44157388478706605, -0.11673774910186403
-0.44322931469171106, -0.11616536835186816
-0.439479411480258, -0.1380585776224042
-0.441076279076943, -0.11637665344425369
-0.4429036226576302, -0.11644326423785453
-0.44279115125674157, -0.11684388959294134
-0.4415989358857897, -0.11702633320696373
-0.44177680132348746, -0.11700710500763672
-0.44139594598168597, -0.11684330285002772
-0.44156650825943283, -0.11685532212519911
-0.44153565844454, -0.11658301895600097
-0.4414376348282632, -0.11641018916137523
-0.44283429116488465, -0.11630023096844078
-0.44156243138575924, -0.11655589742536408
-0.44136931952623193, -0.11669954466532377
-0.44319293443855595, -0.11673701850263518
-0.4413693227146316, -0.1166157672268631
-0.44174220186732677, -0.11685828707884774
-0.44137691126643125, -0.11666589291360635
-0.4413217954573732, -0.11657090601905368
-0.44142613708959483, -0.11696524569177434
-0.44140549965648546, -0.11673276968492867
-0.44155286608918626, -0.11688558005911652
-0.4415653376328709, -0.11675497727972473
-0.44316600018953867, -0.11657400690613853
-0.44159093250801906, -0.11646057685754926
-0.4414495346561503, -0.11674119258817556
-0.44302247366406766, -0.11619525747253971
-0.4416544325037267, -0.11643467370059615
-0.4429119131939, -0.11627998253462933
-0.44180883749788574, -0.11709914566696179
-0.44157905822102206, -0.11702552661755394
-0.4416373137983849, -0.11673135342075744
-0.44149201952915806, -0.11676878438449598
-0.44303530916671535, -0.11656990911920549
-0.44152252133077335, -0.11647008985081174
-0.44173398059577085, -0.11632155103607852
-0.44185765394746174, -0.11659566818005468
-0.441933831082555, -0.11682405654132619
-0.4418916214678729, -0.11686747019454356
-0.44190116233026483, -0.11694948955637974
-0.44152646396357575, -0.11668402002061055
-0.44133584610543886, -0.11659346769769101
-0.44125384678551904, -0.11653115656860137
-0.4418437282537338, -0.11644741882971815
-0.4415719125679122, -0.11681366177950842
-0.4432815550241704, -0.11661520885368383
-0.44323836307240416, -0.11647877958135071
-0.4429456440935297, -0.11643366376913976
-0.4417403256618467, -0.11629380209433875
-0.44171806167450445, -0.11636774090652502
-0.44139956184185897, -0.1162911286878507
-0.44151988154058536, -0.11665432331916295
-0.44298856411176435, -0.11643011538617583
-0.4429005335984473, -0.11648500847032013
-0.44283683718153843, -0.11636454897519555
-0.44287972398626674, -0.11639114804828726
-0.4413415059512974, -0.11656933734968998
-0.44341750833179755, -0.11620180444112944
-0.44312875052069767, -0.11621653006232716
-0.4416581067277968, -0.11656874844538993
-0.44154765560011117, -0.11648631761591571
-0.4418178957097928, -0.11645970884152479
-0.4417361443747086, -0.11665088492906614
-0.4415787113505178, -0.1164394909809181
-0.4427259810373392, -0.11651479604139968
-0.441446294510169, -0.11690878340642027
-0.44284612104054377, -0.11651218026248486
-0.4426935557798137, -0.11631405852907153
-0.4410799292131906, -0.11675373896883048
-0.4425909681886648, -0.11648770648968783
-0.44166721618129506, -0.11642425864115138
-0.4415253560623742, -0.11658818357793382
-0.4416829001249035, -0.11664318179057816
-0.44163484202728925, -0.11664060471471578
-0.4413216061946998, -0.1165297376306136
-0.44164319396121476, -0.1167460704318092
-0.44270052350925093, -0.11651900040428878
-0.4397188379211727, -0.1381944262141843
-0.4429676772747737, -0.11647369196960732
-0.4429562186891504, -0.11661337482297265
-0.4414609853044894, -0.116553510451192
-0.4430042058665251, -0.11638942473831525
-0.4413366180080362, -0.11668826163314158
-0.44318401732557167, -0.11626060675864248
-0.44150303973829863, -0.11622176767610415
-0.44157087670082573, -0.1163875527250421
-0.4432222347999551, -0.11630889228646794
-0.44294808309729805, -0.11640761216929664
-0.44161947232132254, -0.1167264576407995
-0.4412372535463166, -0.11690584276726329
-0.4432373138246368, -0.11663887221506339
-0.4431149786979406, -0.11622254109757758
-0.4411979404464689, -0.11634208643826503
-0.4427596002426405, -0.1160874283703322
-0.4427801299186889, -0.11609696090320216
-0.4414377469228376, -0.11641497388064234
-0.44156050121855406, -0.116537869119059
-0.4411985765942132, -0.11645739606684441
-0.44130905168653406, -0.11657992258922352
-0.4414047509445083, -0.11650558584016629
-0.4414910076364965, -0.1163436004617654
-0.44144955444385353, -0.1161559326203926
-0.44139111253578106, -0.11632982640617681
-0.4417190855392059, -0.1165008749263009
-0.44157366146148763, -0.11619436664669178
-0.44174490512470116, -0.11653712323168722
-0.44157817249003556, -0.11659180212902263
-0.4429501132435761, -0.11606925784267128
-0.4430408960201298, -0.1162554280400729
-0.4428990909093869, -0.11609118776476426
-0.4415881089746364, -0.11627281770252751
-0.443288984238012, -0.11594076226347028
-0.4415767167431795, -0.11655208651636295
-0.4433096614402315, -0.11628448916520318
-0.44200873797656437, -0.11638386491447465
-0.441883205648782, -0.11646963690561392
-0.44180862593319653, -0.11630177308842846
-0.4378396588828259, -0.13834498211822743
-0.4414225846497277, -0.11606326126560257
-0.44142622596417735, -0.11635052236905331
-0.4430137298497867, -0.11634993794294386
-0.44310192163903694, -0.11633881402532306
-0.4430921521575645, -0.11645116103676877
-0.44306997876000476, -0.11627216619176413
-0.4414665080440594, -0.11645352619404566
-0.44303862844119807, -0.11594952023282383
-0.4417453022935589, -0.11611561590263815
-0.4430071042901757, -0.11627084093212306
-0.4417856821048151, -0.116401656523115
-0.4416708343810155, -0.11639481767152451
-0.44157578173109086, -0.11660399216000716
-0.44130228387364673, -0.11664239272176304
-0.44328452674571384, -0.11615833845305504
-0.442708375264208, -0.11623881205676102
-0.4426750175921057, -0.11591956506215138
-0.43976075838497575, -0.13802503050725365
-0.4432294289961871, -0.11612479296255622
-0.44290641261086594, -0.11643458828743616
-0.4432788889595267, -0.11648211389815807
-0.44168300517325404, -0.11656485085920669
-0.44297456028431487, -0.11592671115709337
-0.44162380448364635, -0.11587558601201571
-0.43771741914650025, -0.1383719502065661
-0.441357112196701, -0.11608910969958944
-0.4429396905718099, -0.11636296659695726
-0.44284437576567287, -0.11641038278578715
-0.44293027428074266, -0.11680674145240895
-0.44136105523874014, -0.11693879795031256
-0.4416072094266107, -0.11628094401259544
-0.44131430001199834, -0.1161987586935213
-0.4380258647949648, -0.1384094491682628
-0.44128096136329853, -0.11619589415483096
-0.4414626849366005, -0.1164658875833608
-0.44295653927583434, -0.11698652375338138
-0.4428656270156305, -0.1168945780812171
-0.4426963117856439, -0.11668849101172869
-0.4411568566910373, -0.11692621531112525
-0.44107348296312787, -0.11658206266237542
-0.441166762314847, -0.11647337548568007
-0.4413051548520439, -0.11651668884242254
-0.44145277856005494, -0.11672694129528133
-0.44159980044630687, -0.11678993828910456
-0.44295856036239045, -0.11665463071239951
-0.44123053770605675, -0.1170050642398323
-0.44159221495595025, -0.11655179783619216
-0.44122836281008904, -0.11638241474476259
-0.4426103484639299, -0.11624641802846294
-0.4414287581335694, -0.11665863917491907
-0.44131942193155116, -0.1166868602464523
-0.4415823096604435, -0.11697057850699849
-0.4413855127351494, -0.11686046890557134
-0.4413787617099015, -0.11662798664013115
-0.44296826413202817, -0.11645879009976151
-0.44096679629026925, -0.11661301644850992
-0.442586928963954, -0.11621408724739894
-0.4427140290791303, -0.11631113521746286
-0.44274573088362257, -0.1165307652457487
-0.44294874228241876, -0.1169301689067433
-0.4415690523707147, -0.11684645164143358
-0.4414659719622694, -0.11683426260637936
-0.4414872873105614, -0.11667074876601925
-0.44123264180239435, -0.11599956993359276
-0.43757996605556576, -0.13823524645931845
-0.4413894575325595, -0.11623079981050032
-0.44149713223970916, -0.11651824863485331
-0.44290822484581965, -0.11643356737083929
-0.441494540507848, -0.11682867496931901
-0.44295107732933114, -0.11644585571157824
-0.44138210723889665, -0.116340275252803
-0.4427510274185549, -0.1161608261650902
-0.44267168074229, -0.11623548069677389
-0.44142292201545563, -0.11640611126039183
-0.4414304695293162, -0.11643606948518738
-0.44163118531276085, -0.11666002310046487
-0.4433032560189583, -0.11679678145499983
-0.44185678932861744, -0.11658593083379647
-0.4414347050910083, -0.11653896942673347
-0.4428411466681274, -0.11622490455637904
-0.43958305633149825, -0.1381587956938626
-0.4428164695252995, -0.11658192339328659
-0.4430375446786251, -0.11647981609963678
-0.4416217778323752, -0.1168166740433235
-0.4415745576010704, -0.1168853771072405
-0.4414853566712646, -0.11691199541040709
-0.4418297800625541, -0.11642231779932462
-0.44175740205094366, -0.11623638376838927
-0.441444254928524, -0.11637043147776974
-0.4377718898247287, -0.13845134774236914
-0.4413486949438842, -0.11654106672499286
-0.4430246526019651, -0.11662248466999213
-0.44144576052257484, -0.1170046453378014
-0.4413356034736423, -0.11716001808622971
-0.4426894883905515, -0.11660091361764086
-0.4395455337573049, -0.1380869967516042
-0.4380122456935468, -0.13825510782978537
-0.4430627165276602, -0.11615370744049701
-0.4415768753584097, -0.1166139738627038
-0.4417404914823325, -0.11685151547192127
-0.44318279535069316, -0.11656387572336767
-0.44108944083420615, -0.11675207380874038
-0.44264795204170543, -0.11624859691874308
-0.43938645333951365, -0.13809371078795543
-0.43762094566373994, -0.13827654981260143
-0.4416459463877133, -0.11650046149045708
-0.44165348967988477, -0.11659512422413644
-0.4429779010623774, -0.1165442980863828
-0.441558027581411, -0.11677363715605427
-0.44304236861081653, -0.11639739928423083
-0.4413365543877907, -0.1166051156170266
-0.44113353939326333, -0.11627201368565544
-0.43929380744188246, -0.13778707737620233
-0.4394108361280862, -0.13804572137247276
-0.4414083827711775, -0.1161719934115957
-0.4429521623009577, -0.11631756568538791
-0.4414323154577438, -0.11675013353858782
-0.44154967164080905, -0.11675000715747277
-0.4413380937193202, -0.11650229974116062
-0.44291624560529824, -0.11621641872914094
-0.44291166592735803, -0.11623655867595045
-0.4430278403032885, -0.11590915902532004
-0.4416517655868115, -0.11602450553798573
-0.4417043573666671, -0.11659343903192848
-0.44170416255048883, -0.11698635073170788
-0.4416065137186469, -0.11662878396425112
-0.4414852480634896, -0.11657165809721533
-0.44140205647519415, -0.11672920329162571
-0.4413575453027671, -0.11640280106765254
-0.43787402420426524, -0.1382735988079016
-0.4413416164707797, -0.11619037297614129
-0.44298663216813944, -0.11625473856617377
-0.4431206678347204, -0.11628996572579695
-0.4432260635428654, -0.11649962139558172
-0.441348427606921, -0.11632162474596824
-0.4415137998120576, -0.11654014416079501
-0.44140017960189054, -0.11626197622060082
-0.441411921806547, -0.11636005633989119
-0.44309234568512257, -0.11634330957998544
-0.4412212762325775, -0.11655131217593812
-0.4432615522552979, -0.11646294887256256
-0.4415715150992516, -0.11655134223404724
-0.44158003568499854, -0.11642609539758539
-0.4431109803834774, -0.11645846632792602
-0.4412908471575784, -0.11658539123645126
-0.44326671641410137, -0.11628900539888223
-0.4432500275102535, -0.11626199228522498
-0.4417341044366906, -0.11643046540129143
-0.4431605934546983, -0.11634534898564777
-0.44168240905855766, -0.11641040944183763
-0.4416807327846911, -0.11661699739130534
-0.44132480716946126, -0.11650779639141819
-0.4431490610700397, -0.11643093396067854
-0.44154920288776833, -0.11671495033223168
-0.4412865387503008, -0.11669669877992657
-0.44288988228789056, -0.11637834361530686
-0.43776411624817724, -0.1382146637411598
-0.44308024256542755, -0.11611892736438365
-0.4417356215426372, -0.11650785621889584
-0.44131989334168237, -0.11657290141690926
-0.4412615746962851, -0.116628503881061
-0.44132733879060965, -0.11660342888324499
-0.441295941452605, -0.11655384800197885
-0.44291837565983566, -0.11646389962876147
-0.441284209064045, -0.11667000516190823
-0.4412584293901123, -0.11657017239485067
-0.44150267585694597, -0.11637083689690804
-0.4416185215002073, -0.11649587998061242
-0.44141742515339616, -0.11635132557839854
-0.44159564673389806, -0.11661678990756034
-0.44140061541188436, -0.11667853855492202
-0.44140552608473227, -0.11682941578506734
-0.44131579109218116, -0.11662692625754582
-0.4425466819303687, -0.11628054271507954
-0.4427926863892791, -0.11617518370088081
-0.4425106953381009, -0.11635772604868254
-0.4413540399565101, -0.11640023849768207
-0.44146220573840195, -0.11663745729837917
-0.441599409852319, -0.11677998878401898
-0.4417134511054507, -0.11657681053727269
-0.4414166923940733, -0.11666121916608851
-0.4415909784430942, -0.11621274952501524
-0.43772887084094525, -0.1382420051120806
-0.44305870204160996, -0.11591030254676168
-0.44302342069320905, -0.11593826147662872
-0.4430725649868751, -0.11609763431575595
-0.4417169940952323, -0.11640434562080525
-0.4415185379931741, -0.11665166179998407
-0.44149471844227184, -0.11659621657083163
-0.4416399690257303, -0.1165573514371891
-0.4412355528658256, -0.11623874920893336
-0.4395406996017207, -0.13805416454491376
-0.44148229505173536, -0.11612977227378671
-0.4416078856207201, -0.11629982590114628
-0.44304797082021935, -0.11629606324823907
-0.4413899131568272, -0.1168203120299575
-0.4410548664626423, -0.11672087821891462
-0.4413008659818526, -0.11677024710127688
-0.4376783680282133, -0.13836858361448484
-0.44112542722665277, -0.11639683534464319
-0.4411276198222851, -0.11648119133180382
-0.4417725915182253, -0.11629205344711309
-0.44160905226691205, -0.1166655466194702
-0.441526201928896, -0.1166748306070069
-0.4429384994638214, -0.11628421351091632
-0.44275330869909674, -0.11627571408140991
-0.43786508717252237, -0.13855032680936483
-0.44130881167117286, -0.1166083986242043
-0.4429353916893199, -0.11634814940861513
-0.4432605705655457, -0.11662595616710753
-0.4415127347204637, -0.11645153388847682
-0.4415550254325308, -0.11657796706269408
-0.44184996234086404, -0.11665983442397262
-0.4430116337344148, -0.1164135273364215
-0.437828979085866, -0.13842355606909412
-0.4427659041160169, -0.116231206683172
-0.44283442211771196, -0.11640515990508231
-0.4428190023929811, -0.1162753256046656
-0.44286824282900783, -0.11658787675944637
-0.44139165628322646, -0.11691504742417962
-0.4412871398400413, -0.11663607077345216
-0.4414210677089785, -0.11659410822074617
-0.44157920733211226, -0.11670600886117606
-0.44152497073823876, -0.11640813857328627
-0.4415430276627224, -0.11659058274284669
-0.44289159962120006, -0.11604782492825254
-0.4430110565547385, -0.1163822462797197
-0.4428675956312759, -0.11635220975973473
-0.4427045303017033, -0.11625107045002289
-0.4411824427886414, -0.11659748278301511
-0.44291624043183786, -0.11639927971767344
-0.44329483654585167, -0.11622427545256586
-0.44123152288106776, -0.11650702120168441
-0.44137576093223846, -0.11649281242635859
-0.4414601389419626, -0.11653652864671338
-0.4413394246721343, -0.11674625869913738
-0.4416270544336804, -0.11649752414064495
-0.4415377282010562, -0.11639898554284994
-0.442981280899272, -0.11607250907603094
-0.44303830940830613, -0.1159836703541668
-0.43944280810790093, -0.13808993348441623
-0.4379495203876672, -0.13860236805979814
-0.44133793143318734, -0.11684647249068075
-0.44301613440252896, -0.11652907901331676
-0.441449650186855, -0.11668584984557202
-0.4413625283683971, -0.11649722253931007
-0.44294548564663744, -0.11608621906256487
-0.43993915425886143, -0.13790004496066202
-0.4431214671476964, -0.11590496660234341
-0.4429799122949676, -0.11619961439808475
-0.44163421803709213, -0.11634681724129957
-0.4431837601162195, -0.11628389000441629
-0.44122804573491614, -0.11673872259946527
-0.4379599137616542, -0.13835512756097992
-0.4411512365630828, -0.11654210653269978
-0.44117371702010383, -0.116866103551695
-0.4413923995243362, -0.11666079078798024
-0.44289506957446967, -0.11626516736725642
-0.4428036108106707, -0.11614679661413126
-0.44301507515338434, -0.11652706857314243
-0.44315120259322377, -0.11637706053494606
-0.44273467378634945, -0.11627115268805252
-0.44270546838161073, -0.11628410543208452
-0.4414540736896542, -0.11664081025924576
-0.44103699096918, -0.11683044306038987
-0.4412606873703912, -0.11677921632507299
-0.4414675097806508, -0.1167917293426733
-0.44124385410524886, -0.11687637347474573
-0.44129469939533267, -0.11667330271135849
-0.44273339143314605, -0.11619638109366545
-0.43945634750833495, -0.13822177198438965
-0.43968886858737477, -0.1381211050588364
-0.44295741894492896, -0.11613635327080872
-0.4416947864068878, -0.11650731325045305
-0.4416294682379807, -0.1165114894826354
-0.4418032424964826, -0.1165850576689348
-0.44157365224415346, -0.11629962813489346
-0.4383532473588057, -0.1380683322245588
-0.44162815274209694, -0.11612710985852119
-0.44157036897555163, -0.11606944559803323
-0.4431596812432364, -0.11602425243693493
-0.4433070433722402, -0.11614593170835807
-0.44147315994292724, -0.11640344530673068
-0.4417445822541629, -0.11647095469570183
-0.4432043555085415, -0.11602912287584428
-0.44150703345031206, -0.11626446299927574
-0.4415756784034451, -0.11627745616270968
-0.44144154107769823, -0.11658288390353151
-0.44146659407533423, -0.11641894186234059
-0.4413586141711271, -0.11651681665759006
-0.4411843268026527, -0.11669853853306576
-0.44159419853233095, -0.11656522966352434
-0.4429429245562285, -0.1163398124320155
-0.43970136323888703, -0.13788845727782886
-0.43789711334913733, -0.13827093930565634
-0.441386369965063, -0.11599385085443249
-0.4427518210176789, -0.11621367211938595
-0.44177224711849594, -0.11646568280831984
-0.44154469705162547, -0.11687270377555804
-0.4415239690880161, -0.11640770178131002
-0.44332544075886143, -0.11601897593095147
-0.44315296842109886, -0.11604079338001962
-0.4428505406318497, -0.11590379934872702
-0.4430643791945575, -0.11638787075530391
-0.44148902539527807, -0.11659091132861796
-0.44169224682835145, -0.11669542726901991
-0.44161431888224384, -0.11650570522501086
-0.4418318601083959, -0.11638040940892881
-0.44156228595921126, -0.11624426028721795
-0.442866751588517, -0.115956548958302
-0.44122839387484214, -0.11623263557640284
-0.4429110900791889, -0.11645729992447018
-0.44277872310861116, -0.11664938945632337
-0.4414200319883262, -0.11684371458797124
-0.44299227916759504, -0.11659258175350835
-0.44320270943361173, -0.11645073084885155
-0.44134424299270003, -0.11647056929402529
-0.44136642848044977, -0.11603606265416683
-0.43798957972089525, -0.13805158922512045
-0.43809373022930564, -0.1381077332651309
-0.43787926719722736, -0.13815102384433903
-0.44143298874216785, -0.11706455588054525
-0.44120147281481037, -0.11719149993472898
-0.4412465317322704, -0.11720943951924157
-0.4427045875426996, -0.11675672913156729
-0.44277679926261804, -0.11632970239404458
-0.43752390746770714, -0.13838051557673695
-0.44280216116579113, -0.11629842215211518
-0.44323772489842705, -0.1162869203084957
-0.4413715188922665, -0.11688427855200048
-0.4416779273787766, -0.11686845881182946
-0.4431670956071961, -0.11662059786132233
-0.44312146504944455, -0.11655353147703436
-0.4375916904712125, -0.13868909311618818
-0.4392335029729179, -0.13809667729637662
-0.4426140923446457, -0.11622538147201643
-0.44284228806671155, -0.11661262981019135
-0.4413863582444892, -0.11694154839577711
-0.441762584267154, -0.11706509586082438
-0.44187317309585067, -0.1165931117598077
-0.4415172962465387, -0.11643956865020978
-0.44309954800900875, -0.1160611317223191
-0.4378208775263449, -0.1381914267670513
-0.4415466643544715, -0.11593070618673347
-0.4414256992604679, -0.11641663585614079
-0.4431097868865917, -0.11661539684588255
-0.44305203067076937, -0.11699979117642108
-0.44154710138611275, -0.11715007946465794
-0.442927702808557, -0.11670009680105528
-0.43785627719971, -0.13837825360830272
-0.43778451119148176, -0.1382906200629296
-0.4415137818339178, -0.11581843736554137
-0.44341271089128076, -0.11589150213284868
-0.44354004602065256, -0.11631971119389323
-0.4416291530874982, -0.11687192700451095
-0.44177354425525306, -0.11715037519687657
-0.4416867928486117, -0.11674275017260621
-0.4378432804460653, -0.13848668240714154
-0.4376560416151108, -0.13837107645335847
-0.4375786881449472, -0.13861601577104848
-0.4428274919124964, -0.11588378055082602
-0.44161283291708525, -0.11673409212463563
-0.4430442348700256, -0.11674980289149471
-0.4419075742207529, -0.11692825723032096
-0.44324737865101194, -0.11638017020643177
-0.4415755813003541, -0.11607598251947734
-0.43778227571719797, -0.1384588024411073
-0.437868978911961, -0.13830923165997216
-0.4413239614648525, -0.11623364045774193
-0.44150038938217745, -0.11650974937440689
-0.44332396428918086, -0.11672831105262577
-0.4416224919826137, -0.11712971176794702
-0.44129790067962404, -0.11694819817869506
-0.4412397785737181, -0.11676335108259665
-0.4414350310188514, -0.11616193354938804
-0.43956324478002895, -0.13822038192769678
-0.4396466842417977, -0.13816283234775004
-0.44128789250164374, -0.11641326873092886
-0.4415781791505033, -0.11668515443161949
-0.44188815931908243, -0.11726374799594318
-0.44141002091914733, -0.11730611697206583
-0.4412842813829826, -0.11661384594112888
-0.4377656792834573, -0.13862378474522127
-0.43786075331504315, -0.1385421609634168
-0.43964357780173946, -0.13813584948218083
-0.4428579447392799, -0.11618911961336499
-0.4432297002562465, -0.11664477847483165
-0.4431307598405577, -0.11692848676032003
-0.4431937056800977, -0.11677899631719796
-0.44293205424823756, -0.1164513265067826
-0.43947788244840574, -0.1383178531446959
-0.4395295322012596, -0.13825397912960471
-0.44122454797490074, -0.11607566738421904
-0.4415623078667647, -0.11638243360339999
-0.44162637362628065, -0.11687640999380912
-0.4417689177173944, -0.1171258576694162
-0.4417225514789627, -0.11711015612859085
-0.4430892577507365, -0.11647242103072518
-0.4394328566112832, -0.1381457782452686
-0.4397082671957133, -0.13837774978508843
-0.43766093922225346, -0.1384129738177401
-0.4430364093874704, -0.11614098233744655
-0.44167830453759344, -0.11695957352924714
-0.44168070036363993, -0.11692293874201201
-0.44183327823623364, -0.11694661841698886
-0.44358179588624885, -0.11617176870265128
-0.4384306831574741, -0.1381161462896269
-0.43788024243285834, -0.1384304756111304
-0.4382050963324159, -0.13832526078797222
-0.438211652284376, -0.13834990035955463
-0.4419302505124436, -0.11656101823423265
-0.4415562797413585, -0.11686813728743013
-0.4416155324414157, -0.11696925169092456
-0.4429777025084521, -0.11633262404990705
-0.44283624456453907, -0.11614050616765174
-0.43784015836002926, -0.1381074310480787
-0.43773622815510416, -0.13861048971565185
-0.4412950588650683, -0.11621818629198936
-0.4416878412943992, -0.11683050953786275
-0.4420503529291021, -0.11690251953616301
-0.441522686284205, -0.1166910116576976
-0.4417642504623517, -0.11653458548514252
-0.44272766418476295, -0.11598153427788323
-0.43776072244630015, -0.1384721487212347
-0.4373057234123333, -0.13854206941381808
-0.44144024063277865, -0.11658595092481047
-0.44157818386779435, -0.11678315504409478
-0.44299140695173617, -0.11711017787891598
-0.4415550237880246, -0.11700936901071875
-0.44147082182614655, -0.11671878749552646
-0.439483984096758, -0.13816405098228876
-0.439273397117572, -0.1379359163552234
-0.43959419594981186, -0.13799799008293454
-0.44311004450885905, -0.11609720766170008
-0.4416852199544636, -0.11690592563823415
-0.4430496382416308, -0.11692848321236181
-0.44164426816369867, -0.11732791008851166
-0.4415017966149726, -0.11659536453926787
-0.4409396681403278, -0.11643001015208972
-0.4427378643774339, -0.11595415505803841
-0.43952570808694863, -0.1381246230141919
-0.43805699021633593, -0.13810268587318655
-0.4416731358554382, -0.11658566850824155
-0.44174357150037996, -0.11703331336161084
-0.44186697110674067, -0.116808322022973
-0.4417669513653017, -0.11661431676887711
-0.4411973550930669, -0.1164186500528483
-0.4375920093263153, -0.1384249549977395
-0.43784658548462657, -0.13849992194645383
-0.4393537319960097, -0.13808728276504256
-0.44160541011573773, -0.11687711098723583
-0.4417587939742796, -0.11673551667536093
-0.44159615072428593, -0.11679861243758059
-0.44310629456694833, -0.11652336646141237
-0.44337911566881427, -0.11587351114683582
-0.43981670751682617, -0.13810351479929783
-0.43787756741238965, -0.13826723612325448
-0.4413877290090003, -0.11655320368184156
-0.4413410023044931, -0.117022384922247
-0.4414090400177856, -0.11751176960087416
-0.4413406608449758, -0.11751685544191662
-0.44150144025177884, -0.11702165426112669
-0.4428733128844196, -0.11623987986603455
-0.4377073477107384, -0.13827735388179063
-0.4378287862051992, -0.13810768645337304
-0.4433651426937701, -0.11578595135991925
-0.4418216402154931, -0.11672932381839671
-0.44198313154838487, -0.11697891099090367
-0.44186085391418223, -0.11698918790675723
-0.4413723575429035, -0.11704170249203945
-0.44134157896846893, -0.11651637183863629
-0.4377571378426449, -0.13877179382597277
-0.4412750542786732, -0.11594882328334051
-0.44100834206849926, -0.11615198635429619
-0.4430698819451637, -0.11634344418216677
-0.4417634380213335, -0.11684527258946754
-0.44173924697765776, -0.11699106584174412
-0.44154650126806766, -0.11685334738272903
-0.44164277304620514, -0.11635596905111709
-0.43949889188009533, -0.1382332305575147
-0.4375876388812679, -0.13849869375892562
-0.4427379453556464, -0.11616763841416576
-0.4412286504766877, -0.1169501091278593
-0.44155773439384244, -0.11708389525855578
-0.4416965497638123, -0.11740014783805465
-0.44161481241998507, -0.11712557374731143
-0.44159020856872955, -0.11652606504115728
-0.43785499912582426, -0.1385276104412027
-0.4395752346272993, -0.13814247332802815
-0.43781484916375085, -0.13827773138583677
-0.4430670247790048, -0.11621425620938822
-0.44312478378916814, -0.1168394904507351
-0.4430667856039732, -0.11715374253062118
-0.4427490893727867, -0.11712263598426946
-0.44126264169454765, -0.11691121189699377
-0.44123573139013683, -0.11648408422778721
-0.4378368551887458, -0.1382178792879681
-0.43985731514506204, -0.13787109855342894
-0.44137615133636693, -0.11638776535182226
-0.44157485957505416, -0.11666647138263607
-0.44347366033158997, -0.11661053301893849
-0.4431040354876999, -0.11655559038562383
-0.44286795905584164, -0.1164423862801412
-0.4395712479343114, -0.1382815506634744
-0.43932403316861407, -0.13848754025880675
-0.43783293950716473, -0.13842633614144326
-0.44298014036559147, -0.11652537547950863
-0.4416168541597623, -0.1170738293836787
-0.44316032527301746, -0.11672587362854338
-0.4433515249856882, -0.11650224040629918
-0.44335644133720636, -0.11607263052553561
-0.4382568369218464, -0.13838381497101712
-0.4380282714591677, -0.138269692380657
-0.437942332172576, -0.13858326320159658
-0.4415261131389346, -0.11650339631281333
-0.4431120742214807, -0.11682407566572593
-0.44306448271957755, -0.11704323855183207
-0.4427054979008984, -0.11712111964445963
-0.44130517769655386, -0.11674692742610776
-0.4379003642368077, -0.13850173999373108
-0.44171570758928835, -0.11632099171772185
-0.4384413671990421, -0.13847610356286938
-0.4416126383972134, -0.1162863887126692
-0.4417100311857683, -0.11641538689583131
-0.44311865424489305, -0.11656528095045553
-0.4429565064714057, -0.11652259370160553
-0.4428733024396732, -0.11647363930731074
-0.44275726421289635, -0.11633394131557925
-0.43771122556948355, -0.1384696592689396
-0.4427961972084524, -0.11647567604384834
-0.4415641977967171, -0.11685201114652762
-0.441604592123436, -0.11670291976178476
-0.4417812959637369, -0.11668185862540645
-0.44329307535572227, -0.1165607116733485
-0.44160452280079426, -0.1161746975335127
-0.44159255779623724, -0.11625272699957252
-0.4415336203071857, -0.11608253032507547
-0.4415624068921477, -0.11662369702324012
-0.44149090693946486, -0.11671642484198837
-0.44136721219849934, -0.11666829450654113
-0.4414997864362168, -0.11692333732659482
-0.44276649308322624, -0.11667727441333788
-0.4431585065310411, -0.11634466192905141
-0.44316569675582157, -0.11628178794438974
-0.44295349097608167, -0.11604840550828631
-0.44134857861806187, -0.11610810744498198
-0.4415481027538338, -0.11628857455053614
-0.44319929777610934, -0.11621197780045614
-0.4418767996709866, -0.11650337472758347
-0.4414846057304481, -0.11649465846844062
-0.4416279820419766, -0.11674193709433292
-0.4414933811733592, -0.1166841588312272
-0.441393005991958, -0.11623719978603092
-0.4410000606486985, -0.11672030159355574
-0.4377803509867412, -0.13853149405571855
-0.4426900163790925, -0.11631350480031624
-0.4432345763535751, -0.11629517251790696
-0.441624720301323, -0.11651004154038415
-0.4415363028769417, -0.11654152252804477
-0.44172857419928035, -0.11622854689829241
-0.44154498280508697, -0.11647126833978741
-0.4414661678615743, -0.11652961856237798
-0.4414236725700416, -0.11642868307304163
-0.44128381738817635, -0.11654128959140844
-0.4412161764123797, -0.11668829904371235
-0.4431772732725821, -0.11643521383593297
-0.443395379110055, -0.11641119093844576
-0.44310823578788794, -0.11632348266411308
-0.44121494861831007, -0.11658080493438938
-0.44138466156342177, -0.11636885849112302
-0.441303254849777, -0.11624860643181163
-0.44128453837052944, -0.11657904757984901
-0.44147856931276047, -0.11669235484466176
-0.4413448170793535, -0.11680769453836569
-0.4415444083197856, -0.11683122060937752
-0.4413955854307826, -0.11665384001404341
-0.44149616338225756, -0.11626928227597859
-0.4413952492706607, -0.11643292702048509
-0.4415232939266979, -0.11642742399227955
-0.44322859775683227, -0.11616359825297644
-0.4414151380355499, -0.11623535057497211
-0.4416070570651179, -0.11666990445709383
-0.4431225340829222, -0.11624359888479151
-0.44148953174313005, -0.11661015245476843
-0.4429037089986332, -0.11621018325364416
-0.44159384050145944, -0.11638082132008017
-0.44125996821270336, -0.11650807189714925
-0.44320338661481357, -0.11628458171696435
-0.4411186256016412, -0.11663342876978534
-0.4426619670186745, -0.11633564191438427
-0.4414265098238917, -0.11668667608480891
-0.44143749581974456, -0.11622876743358396
-0.44135873664398834, -0.11649940204313654
-0.4430819477881901, -0.11613603599365739
-0.44315531735204416, -0.11587913150972083
-0.4431687418924711, -0.11615021050942914
-0.44136410860160713, -0.11675667469504142
-0.4429543492860325, -0.11642605563924396
-0.4414206979252065, -0.11663562244301576
-0.44128663596475864, -0.11659120832351275
-0.44277276495323153, -0.11636959401548977
-0.44306090371708434, -0.11621541340754805
-0.4432014789853684, -0.11607689411491935
-0.44174845670031904, -0.11634416496648087
-0.44183627833141453, -0.1165227610328053
-0.44180524052122183, -0.11662702047683379
-0.44323232930055956, -0.11650063159141398
-0.44310695926930244, -0.11621509027965544
-0.4427802169606525, -0.11607310732936693
-0.44141852455529157, -0.11631983829528265
-0.4431937579953348, -0.11592867285642239
-0.4431052474663852, -0.11633063929714707
-0.44346274907850725, -0.11644438886043615
-0.4418918322904811, -0.11657909634228711
-0.44136191756502335, -0.116329265232024
-0.4416205604161806, -0.11649334425701616
-0.4416561556843565, -0.11633744062302127
-0.44156164186511926, -0.11640119980727867
-0.44319215054540545, -0.11601120985972065
-0.4430319681676934, -0.11605691831631242
-0.44320182726028456, -0.11623673112322264
-0.4432320374127311, -0.11629487513147214
-0.44313768404708703, -0.11661680493848314
-0.443222096214678, -0.11627284416395892
-0.4415352599456666, -0.11649433421690113
-0.4417112293063661, -0.1161545692392087
-0.4417182568334674, -0.11642258980847939
-0.4416271530111626, -0.11607517501647563
-0.44182041101444597, -0.11624769449510075
-0.44165118188427127, -0.11664014935648381
-0.4430398204753369, -0.11634972915731628
-0.44310828176451034, -0.11615262619748079
-0.441219784502545, -0.11637254304375927
-0.4416069358816712, -0.11636576963200469
-0.4395819758108181, -0.13828944269401375
-0.43983857284288636, -0.1381386091689394
-0.44322156228567794, -0.11648211577745822
-0.44170045640314115, -0.1162705001246953
-0.44170625529531393, -0.11652664987792957
-0.4418175041776955, -0.11648895677758399
-0.44326369367344676, -0.11619447011004548
-0.44290943690397505, -0.11595981342287554
-0.4415073981377743, -0.11605983633750662
-0.44312428424791334, -0.11587749536876708
-0.4428589485924887, -0.11643511593877764
-0.4434217661021326, -0.11644594417360114
-0.4416601103018706, -0.1169159706339124
-0.44334240454804946, -0.11648243093215671
-0.44177681710208955, -0.11670366331619995
-0.4429800705261536, -0.1158858912317011
-0.43767073443483673, -0.13823052881790013
-0.43963929896260434, -0.1380169859940732
-0.44136438084755986, -0.11628219243825395
-0.44152750456924456, -0.11661767754362581
-0.4414600037010805, -0.11676355115084942
-0.4416353505584816, -0.11643536177587048
-0.44170966121005945, -0.11658097826111063
-0.44144131667963726, -0.11650210844243956
-0.4396585094567706, -0.13832122586142764
-0.443052570909399, -0.11590941261730744
-0.44314075244003526, -0.11614724499464062
-0.4414096015829399, -0.11651945521928454
-0.44306689792925275, -0.1165591621928988
-0.4432434358286279, -0.116428655412893
-0.4431790616121312, -0.11641828862337802
-0.43783203600972104, -0.13835200415793028
-0.4431267566373873, -0.116070867643094
-0.44293907087807693, -0.11610681020302584
-0.44298325681913603, -0.11610681483471665
-0.44144135060772094, -0.11666307395857485
-0.44317321320300285, -0.11660628124099294
-0.4415512494474854, -0.11681858302002272
-0.44305288524572306, -0.11639760971773241
-0.44298069146715646, -0.11604310663443794
-0.44285484313554474, -0.1160192896844622
-0.4396118203912858, -0.13804639647418812
-0.4415387840761817, -0.11627337261280356
-0.44147041808080156, -0.11649821210353814
-0.4416998347095137, -0.11678145070574417
-0.44186031922104874, -0.11714191304842399
-0.4415374498054908, -0.11686842893177514
-0.4414568530968633, -0.11644470922961288
-0.4380863951233698, -0.13831044093156847
-0.4396317011298161, -0.13811470143788895
-0.4397703191940086, -0.13808370631978012
-0.4431059298985559, -0.11628391465895956
-0.44163978778895085, -0.11676989481295554
-0.4415252907151208, -0.11687169244027881
-0.4413611713050615, -0.11683513178611638
-0.4413518816351719, -0.11664422862194378
-0.4377178746381639, -0.13832910444463226
-0.441657148638717, -0.11622900681348376
-0.4415310333817534, -0.11628756737975227
-0.44147354309082, -0.11649925752194562
-0.4416993286963309, -0.11665142830570648
-0.4417214382289561, -0.11667989343231117
-0.4416073469537508, -0.1167268619773956
-0.4416208165483616, -0.11648161287373467
-0.44157805717718296, -0.11643322139659629
-0.4396983809498117, -0.13812513787237446
-0.44134730779153025, -0.1161560688492745
-0.4429131297819417, -0.11618702103918144
-0.4416501804713517, -0.11678883437454857
-0.4431612727296977, -0.11662055491556697
-0.4416368247269814, -0.11683825361417856
-0.4416548740986193, -0.11638930797187191
-0.4380522255782921, -0.13836954810098023
-0.4414397907814894, -0.11603137898728261
-0.4377789483645197, -0.13818880277741571
-0.4417184355525109, -0.11649699003850551
-0.44178798124264945, -0.11661869315068761
-0.4429806853669342, -0.11715663746962524
-0.441610269797395, -0.11680045395421258
-0.44174594384408755, -0.11643751247537447
-0.43786268121689237, -0.13848449263481022
-0.4378281520362054, -0.13825143025548683
-0.4380275292744614, -0.1380958722431383
-0.44314185743530293, -0.11604173603460924
-0.4433867793879402, -0.11633207728059178
-0.44174553464770266, -0.11689413813415145
-0.4432867512986574, -0.11667950517773251
-0.4415258891011606, -0.11643023417467298
-0.44155521854421753, -0.11619432618455826
-0.43801975721245073, -0.13825619678968323
-0.44154067005600467, -0.11608612957249873
-0.44295226687216654, -0.11615541278416792
-0.4430482508698712, -0.11619134332236011
-0.44173832765574084, -0.11686134157443259
-0.44337309045886325, -0.1166923754464605
-0.44168501606498134, -0.11642243323476018
-0.43969886675506087, -0.13810845731596982
-0.43775436200025536, -0.1383150613345946
-0.43778336629377573, -0.13824237803676065
-0.4413662024829539, -0.11634020759554232
-0.4431181409831415, -0.11651367382627478
-0.44162150653828647, -0.11701572120186568
-0.44293314028600095, -0.11650823365418665
-0.44300031280099533, -0.11660957760412394
-0.44135394618400076, -0.1165615803996943
-0.4377009735291265, -0.13836283758958365
-0.4378940722276309, -0.13821601635638794
-0.44149515891412505, -0.11629951791055318
-0.4413583865058487, -0.11649506964405938
-0.44159733418777075, -0.11665498807427162
-0.44171016397721125, -0.11698689795307367
-0.44150974683414546, -0.1166511583692679
-0.4412806552046306, -0.11620071057782348
-0.4377351565995272, -0.13845538510466876
-0.44143025291715204, -0.1164728326114542
-0.4413576873092628, -0.11620021209531921
-0.4433523132875487, -0.1161361152772456
-0.4433535869639119, -0.11625081147011111
-0.44348772316556456, -0.11652026664908528
-0.4431679329065331, -0.11607179313808495
-0.44320274150250466, -0.11608667943268924
-0.4376378045889351, -0.13842980295944682
-0.43939327443955994, -0.1382082443929032
-0.4412501827818264, -0.11634335247335234
-0.44149819173880456, -0.11677868008539567
-0.44333072608556456, -0.11664786787095945
-0.44169814139724745, -0.11685229926012305
-0.4431356722267249, -0.11636242769835912
-0.44171029899915903, -0.11666993268252725
-0.44145850996051417, -0.11627444397475245
-0.4416389387859506, -0.11651692371164207
-0.44277356475564317, -0.11625658235754555
-0.4415822083870627, -0.11662151279773429
-0.4430231716026671, -0.11642177787384111
-0.443176862444874, -0.11645504883303469
-0.44292590713818975, -0.11636311219439106
-0.44127038405054075, -0.11659334992153009
-0.44288425156751265, -0.1161020942820321
-0.4413486431724839, -0.11640299596963934
-0.4414511637390245, -0.1166176700236205
-0.44165387657220867, -0.1166241574047227
-0.4415052278983563, -0.11681178420129651
-0.4430220564922777, -0.11647197228107933
-0.44304012065511966, -0.11622523382006927
-0.4413414169390362, -0.11616070647372782
-0.4393565601565265, -0.1381091515033825
-0.43974891934305016, -0.13819306248373428
-0.4415578647121226, -0.1167244910784094
-0.44170491330611295, -0.11685292453000891
-0.44163688834725817, -0.11691487130907031
-0.44135645456492006, -0.11694682087472678
-0.44300810865497486, -0.11635383189654902
-0.4429015789430622, -0.11591623643714948
-0.44149172685089527, -0.11616277636734225
-0.43802057702828634, -0.13806658937677363
-0.44288450437008475, -0.1162828911164535
-0.4413633477805794, -0.11679445871863493
-0.44168098431651215, -0.11680696522430259
-0.44148678626350274, -0.11697329742474599
-0.44139564645824086, -0.11652644608635795
-0.4377737198498677, -0.1382846911842635
-0.437921360480805, -0.13834210043032671
-0.4428877153210898, -0.11591592080540844
-0.4416650549837518, -0.11647760685449925
-0.4417397393043604, -0.1164353934637388
-0.4415940477134869, -0.11684456264905717
-0.4415936685445197, -0.11677855204930122
-0.4416377969155818, -0.11629674038145517
-0.4415628880572837, -0.1163520468211377
-0.4377176013175406, -0.1384517568460003
-0.4395089262604233, -0.1382253571279143
-0.44310553691533267, -0.11637458671556437
-0.44129903871760773, -0.11689804625854827
-0.4430737813236075, -0.1166721020525752
-0.4416401699621265, -0.11685646774709144
-0.44290430469065983, -0.11639529845722875
-0.44158897767930133, -0.11610642906062689
-0.439558688371273, -0.137783367185514
-0.4411902498463764, -0.11612116164208884
-0.4429227590135429, -0.11625920304898789
-0.4416755391676303, -0.1168906265877666
-0.4415274986563787, -0.11689797619575942
-0.4430378636793366, -0.11666061874151347
-0.4413049156116347, -0.11660600903301317
-0.4378845822524894, -0.13835625371585947
-0.43803447912247967, -0.13830094032574808
-0.43784900352976774, -0.1382358417262596
-0.4417665388668975, -0.11599972414495828
-0.4432345735645585, -0.1165729816796884
-0.44184735960317933, -0.11688886109298902
-0.44162124983709733, -0.1167867991290203
-0.4412753176103501, -0.11655909245599007
-0.4377519571181329, -0.13852362151341183
-0.4393563393309324, -0.13827010167049833
-0.44277408269645613, -0.11591015381706361
-0.44140194088998663, -0.116280317099271
-0.44314247968680814, -0.1164320854611536
-0.44171027145815, -0.11660431393064404
-0.4415442332760025, -0.11672669458802089
-0.44152384109686843, -0.11644513164662412
-0.44320513148843815, -0.11619490120940752
-0.4396208880621228, -0.13823073032923955
-0.43808937258579667, -0.13806843294463908
-0.43956651173173383, -0.138063147408044
-0.441387964842699, -0.1164024620088496
-0.4432782240275295, -0.11649872245262369
-0.4413541291872138, -0.11688932425089454
-0.44129845829823744, -0.11638571541039322
-0.43792197639790986, -0.13858719894491375
-0.4394857914826989, -0.13834831647813464
-0.437928025080287, -0.13844839313686724
-0.4377430459210208, -0.13825094611816016
-0.4416552841618311, -0.11631380944943767
-0.4416299249321956, -0.11634742959967233
-0.4412886175585069, -0.1168050965558044
-0.44336670705796766, -0.1164971068580058
-0.4415568360097269, -0.1164513281827322
-0.4378065674378049, -0.13847664751129524
-0.4391842194204968, -0.13822723405662288
-0.4410999351569824, -0.11641455645563759
-0.44319872860919696, -0.11623904205202087
-0.44148969006173766, -0.11689210718741401
-0.44163465904044463, -0.11665177352303667
-0.44162601268325546, -0.11668680281461108
-0.44155125795409633, -0.11656652341749575
-0.4431212345098231, -0.11586788888444657
-0.4412009821851653, -0.11655204024717014
-0.44292179588917674, -0.11619573606645603
-0.4413263430300162, -0.11668415580482562
-0.44256208991040585, -0.11665656338271294
-0.44278779005170166, -0.1166862591022466
-0.44297903541835076, -0.11655858936037204
-0.44123948393737983, -0.11642483808282633
-0.4412952040856461, -0.11647751044072138
-0.44144792702384483, -0.11638686664355422
-0.44151932747668493, -0.11643214353139472
-0.4416592857798151, -0.11641502770272709
-0.44303861050575805, -0.11645889533577333
-0.4416339964192779, -0.11678949333103265
-0.4428653946311089, -0.1165943079261637
-0.44136722514811266, -0.11686273694653936
-0.44285237518289267, -0.11632922094073037
-0.4393531000291358, -0.13826196622891282
-0.43945086950602036, -0.1381254198092823
-0.441174607033239, -0.11674234390731601
-0.441254459693189, -0.1167001287596611
-0.4413371427300953, -0.11678168328840113
-0.44148096817953847, -0.11643952107655646
-0.4414212830725873, -0.11647079397103265
-0.44305759119696414, -0.11606213805524378
-0.4412092440317705, -0.11634979669739419
-0.4412809532252854, -0.11647790326132532
-0.44132266389712677, -0.11668902699193132
-0.4415055266017701, -0.11695897451118072
-0.441676243948694, -0.1167696296023202
-0.4415324024608508, -0.11676597663954578
-0.4428829726308741, -0.11627457624655574
-0.44167342039834506, -0.1162656299233585
-0.44134066567091657, -0.1162857092697188
-0.4412962725806535, -0.11657718680594695
-0.4429949516990744, -0.11658591727013837
-0.44149518988382197, -0.11673813211016489
-0.4414434747844528, -0.11688275181283098
-0.44153614773845823, -0.11669818414419952
-0.4412138305787004, -0.11668015080582447
-0.4415839164975737, -0.11668381316902517
-0.4414033650571967, -0.1163092831018505
-0.4415085591014106, -0.11631310241103311
-0.4414644924718507, -0.11650105123243315
-0.4414198800054625, -0.11657371719469127
-0.441659816448221, -0.11676760215647189
-0.4412406881295075, -0.1169630903997793
-0.4414594359754219, -0.11692075707092808
-0.44101546088158877, -0.11663437021298526
-0.4414001892369485, -0.11631634806533744
-0.4413609559205314, -0.11647223769377366
-0.4413117324642447, -0.11650256186089711
-0.44142355998907834, -0.11638849949706058
-0.4418183478647819, -0.11661061591187714
-0.44143176457881117, -0.11673373234876543
-0.4430270545859077, -0.11632748819526353
-0.43764788017372924, -0.13845924473974508
-0.4428549705901634, -0.11615441399320481
-0.44274858218602986, -0.11626312114567106
-0.4428675972808007, -0.11604362225344024
-0.4431143089382801, -0.11653144093730242
-0.44294510571464935, -0.11644045365575727
-0.44144374130609937, -0.11679528405044544
-0.4431191785334791, -0.1163452846457464
-0.4428848059309958, -0.11639889455500052
-0.4430961171982223, -0.11596092616637216
-0.43802743323440163, -0.138318696764152
-0.43977057402250724, -0.13816129159714338
-0.44147546958356354, -0.11650848053577446
-0.44282969187506355, -0.11643308166676675
-0.44153054921182194, -0.11704407032460065
-0.44170706922690833, -0.11687301168394967
-0.4414078803890703, -0.11666523126034183
-0.44133449099865896, -0.11643616804777994
-0.4414350606126524, -0.11598254163958492
-0.43771784253785445, -0.13835455072878403
-0.4431811553035741, -0.11612070762480417
-0.44145881655871394, -0.11687722265372061
-0.4429760691720845, -0.11672370485807558
-0.4416492963783178, -0.11676038042534274
-0.4414641892859825, -0.11653673826669211
-0.43794010634118435, -0.1382931876438228
-0.43751807914438556, -0.13853856642044318
-0.44133289259787806, -0.11619151106485756
-0.44114686330354574, -0.11643651970866402
-0.44297257267366885, -0.11646994485037516
-0.44148486384927216, -0.11692669708629186
-0.4433570371781566, -0.11643440767951761
-0.4412820061152955, -0.1165401604847108
-0.4427769702640754, -0.11641836397024492
-0.4395300262579455, -0.13807392064218388
-0.4377209272395073, -0.1382613721508897
-0.44250371080729756, -0.11621227449163357
-0.442788297134522, -0.11639542277528715
-0.44146073685112763, -0.11659325933023731
-0.4431000206779387, -0.11665202123729412
-0.44157875968502885, -0.11693570878599087
-0.4414722594628562, -0.11663494703778521
-0.44314404677178687, -0.11605893431711971
-0.4397115313729052, -0.13813677724430326
-0.4378538028306558, -0.13829655029364496
-0.44146990247712903, -0.11636150611018076
-0.441567423890779, -0.11678102279270139
-0.44163448156784685, -0.11696704264302259
-0.44166032588228266, -0.11694835715967451
-0.44150218207591885, -0.11657750360252207
-0.4376724630833845, -0.13852126880913485
-0.44124837710333664, -0.11638216402512894
-0.44262182541635703, -0.11595723722076692
-0.44309820216413304, -0.11610423933874475
-0.4430268173404419, -0.11662447534223726
-0.4419195487534575, -0.1164994619000964
-0.44196783383333427, -0.1166401886120531
-0.44185950492837545, -0.11640024671786646
-0.4379499286001861, -0.13825470732027045
-0.4379916906188095, -0.13805781664943345
-0.43957291690923994, -0.13831873925850036
-0.44278599918871303, -0.11628133855151429
-0.44282510881514153, -0.11642105996939565
-0.4430145252390298, -0.1164377059726078
-0.44286683434083296, -0.11653970287403627
-0.441431814972067, -0.1168076596118953
-0.44158125340802346, -0.11621863735523277
-0.44150504963529125, -0.11619095750167346
-0.4381541963164946, -0.1383102022665661
-0.441584832930229, -0.11596147018351328
-0.44317489119183967, -0.11627256635419667
-0.4415191419901696, -0.11670033901414709
-0.44279115724242274, -0.11663093794082188
-0.44267263785413574, -0.11647219100286939
-0.44263915893489997, -0.11638370101593806
-0.4429083995831932, -0.11605764480731756
-0.44274860033820285, -0.11594106332650524
-0.43794984131826625, -0.13829682215111894
-0.4414779033180548, -0.11654168371774218
-0.4417088285541742, -0.11655054854017159
-0.44323957806199904, -0.11656522553862234
-0.4419194759564333, -0.116411590204922
-0.4413962196930049, -0.11642129815165662
-0.442988574634427, -0.11617105661051093
-0.44128467015077444, -0.11646659115274331
-0.43774942193007615, -0.1383105836878364
-0.4378435360677447, -0.13826878608029472
-0.4415721656395118, -0.11676789686780718
-0.44317531216496625, -0.1164271961408213
-0.44154366642490017, -0.11657781359425716
-0.44183877751118944, -0.11653488788442451
-0.4416515793164091, -0.11638986277034896
-0.4416696850354928, -0.11589444231553045
-0.441788586155605, -0.11619032512459158
-0.44316381288034845, -0.11631176484814365
-0.4428796567238303, -0.11632522230348884
-0.44125388026390483, -0.1166192181425297
-0.443061013759753, -0.11655770122500936
-0.4410489578845245, -0.116723885986635
-0.4430552144117874, -0.11631250876032001
-0.4411552513748667, -0.11636843807068901
-0.4377866872060835, -0.13829892483307835
-0.4430773467788892, -0.11632317945503104
-0.44162999897558886, -0.11667786751171452
-0.44146250118213476, -0.11668031124696715
-0.4415361878489966, -0.11689883688051372
-0.44182864437705843, -0.11676640209970462
-0.44317843404697405, -0.1164790247873567
-0.43979204394487953, -0.13810878834799625
-0.4411250297644883, -0.11606212498633359
-0.43793989072728423, -0.13844578497193205
-0.44150158610508533, -0.11639147179946625
-0.44177864223924684, -0.11687554609061623
-0.4415062198992098, -0.1170933193091777
-0.4416548476151044, -0.11651273993024754
-0.44142084597468706, -0.11664228997507826
-0.44124370869985796, -0.11637315290845399
-0.4399337831380889, -0.13788462383005984
-0.43969009653302027, -0.13794275761866273
-0.4397395490523497, -0.13781669346892306
-0.44330575586603255, -0.11608968230865102
-0.4416000651732114, -0.11680170082987702
-0.441764455680126, -0.11698406860930086
-0.4417109708660772, -0.11680390723205153
-0.44132541404019987, -0.11659860027420764
-0.43940798551437915, -0.13820126203834776
-0.44136286542991493, -0.11640007344541495
-0.44146312460879933, -0.11631589825796522
-0.4417197941146486, -0.11627113810409379
-0.4415898126662979, -0.1167591926533115
-0.4419116085676279, -0.11684013590466424
-0.44168005023689455, -0.11657542629357161
-0.44168454545160996, -0.1162886375143155
-0.44139524243931055, -0.11628601972005002
-0.4412973275024129, -0.11623187707876058
-0.4416534699229475, -0.11618331889963444
-0.443111207784036, -0.11633690466938525
-0.4415178984691721, -0.11666208986670286
-0.4416932364170401, -0.11686424954408578
-0.441501838147283, -0.1169241956934099
-0.4415252131853652, -0.11640580634796331
-0.4429609982201805, -0.11588365281121642
-0.44289025711256913, -0.11598227079851571
-0.44157652043867024, -0.11636511277992859
-0.44154066781577755, -0.11631452129671277
-0.441687740621462, -0.11655238374545587
-0.44325535752818507, -0.11686034327519966
-0.44150981386609467, -0.11670077079643887
-0.443026335955732, -0.11633058107093615
-0.4414581436661689, -0.11646784598502313
-0.44142313387566695, -0.11634793928087274
-0.44133973213276045, -0.11613116315521964
-0.44139415961812656, -0.11645947932559303
-0.44334805829871826, -0.1163472033869265
-0.44164210422117167, -0.11669843302296208
-0.44180227494109264, -0.11685572712659327
-0.44187350073845294, -0.11696174779860474
-0.44174485340421293, -0.11654208239419335
-0.439682113730613, -0.13823951811430343
-0.44260166783278176, -0.11603452229675734
-0.4429286139475033, -0.11606240775045439
-0.4429243880823577, -0.11601778356335664
-0.44300189026379644, -0.1165232309880544
-0.4414486305843165, -0.11701086277614105
-0.44140809138930304, -0.11703225304844692
-0.44167580016262253, -0.11639005040660624
-0.4380163832623991, -0.13844285240681808
-0.43782236036288963, -0.1383586441365807
-0.4379782838676101, -0.13813663140926855
-0.44146453344524483, -0.11666263585049036
-0.44146310150317436, -0.1166794373218374
-0.4434829409034336, -0.11641737768283088
-0.4414580557357974, -0.11671335008470272
-0.4411389164614891, -0.11649544075065815
-0.4428017007536824, -0.11642957699663646
-0.4376099898543292, -0.1383344359995567
-0.4428398177580929, -0.1161617431003745
-0.44133775788021373, -0.11640595212831925
-0.44146869519719206, -0.11666525249570774
-0.4417976975362735, -0.11685677516420412
-0.44192332248109145, -0.11668626914413444
-0.441759962574423, -0.11640894733175206
-0.44150469079522264, -0.1163741284333095
-0.4380871647347976, -0.1381426836577475
-0.44311720597529686, -0.11571259801438616
-0.4431543252323783, -0.11620668656625255
-0.44151138440279003, -0.11658084788741865
-0.4431370545878093, -0.11673452049490673
-0.4412835484560589, -0.11669629405331876
-0.4431120397570606, -0.11646752787897414
-0.4415531736152682, -0.11639738191502803
-0.43813303523838387, -0.13848989094465725
-0.44152808204908606, -0.11632525029310037
-0.44159453824642875, -0.1165517538921043
-0.44171018717028177, -0.11663312398170517
-0.44325948022494127, -0.11657484924130687
-0.4431929540427865, -0.11679522622800878
-0.4430511577277795, -0.11627782821995838
-0.4431568860190168, -0.11636354710233708
-0.44274285026622856, -0.11637871511300389
-0.4426372080768802, -0.11629778760291443
-0.43950426358203704, -0.13852462225780748
-0.44282273120863325, -0.11653356633203273
-0.4415591885831751, -0.11682820161261354
-0.4416240641842949, -0.11687131767974802
-0.44312887426622793, -0.11635241284621373
-0.4432739931834983, -0.11621877849494672
-0.4379503661163769, -0.13804229290748513
-0.43812576126839986, -0.13815181527248335
-0.44137383314145706, -0.11616266233705907
-0.4415677484131973, -0.11642155284427276
-0.4413389104091091, -0.11654342952933731
-0.44292411557090133, -0.11653069064819555
-0.4430630058205129, -0.11664294711720626
-0.4430946076861027, -0.11604477719360777
-0.4426999119101014, -0.11589607530600135
-0.43961887533998073, -0.1380668514223418
-0.4429953793282242, -0.11596604589249486
-0.44175529437715394, -0.11616893609174347
-0.44176096336327353, -0.11651975468470842
-0.44163588118820846, -0.11665520681129879
-0.4418404854113638, -0.11658189454100772
-0.44156018225807764, -0.11651313892980797
-0.44139854093761555, -0.11635331321195702
-0.44149305594339844, -0.11621640560827878
-0.44144750410264505, -0.11630376440491509
-0.44111950280154477, -0.11671091067523129
-0.4415116411622974, -0.11658718998412945
-0.4416182133361795, -0.11667019530819095
-0.44162132680097027, -0.1166088991183003
-0.44182782990484676, -0.11648876597546233
-0.44327942334604753, -0.11602046792072541
-0.44154723296921333, -0.11605483269428116
-0.44121911466199637, -0.11645855472259446
-0.44148518383729896, -0.11649480443444694
-0.44325526243912616, -0.11649913588897318
-0.4433252769228972, -0.11659915825994258
-0.44170266666114455, -0.11662032930948034
-0.44158124310951646, -0.11668616299954188
-0.4429355357153397, -0.11623052168550048
-0.44162357195906654, -0.11660391029596949
-0.44146890158747204, -0.11633499155480712
-0.4398813411708859, -0.13791845906465727
-0.44148072331633353, -0.11648674721863113
-0.4414107354335751, -0.1166240890722983
-0.441593851127228, -0.11655411722137211
-0.44165084279643146, -0.11680132778255087
-0.4430874176637657, -0.11640769442043446
-0.44172620722327066, -0.11648819770596752
-0.4413778036784838, -0.11624799390086694
-0.44151443526981554, -0.11633781323756255
-0.4412831292255552, -0.11643452183315606
-0.4415755664581863, -0.11644956852849
-0.441611809199265, -0.11666279612737003
-0.4417380007203176, -0.11655795236061806
-0.44142378635327095, -0.11649935287280379
-0.4430285429345746, -0.11603362947778807
-0.44297676243217815, -0.11598480809407748
-0.4414581294168698, -0.11647025818928432
-0.44277962496964535, -0.11603912092394338
-0.4428728536626417, -0.11658841741389606
-0.44147225774731547, -0.11669648914575483
-0.4432702169650218, -0.11641335223187738
-0.4413495216481466, -0.11656616930175938
-0.44164603936930097, -0.1164933032488403
-0.4412398470917689, -0.11654098421213444
-0.4413041457696698, -0.11623190415730719
-0.4414263184078405, -0.11634095105754404
-0.4416714304044525, -0.11654656608124973
-0.4416314790889967, -0.11649039989784113
-0.44179294037664496, -0.11665129442161537
-0.44150402376195363, -0.11680381796236657
-0.44151770855731554, -0.11646215370099618
-0.4428485692293212, -0.11587973239226815
-0.44264882635219926, -0.11623916162822129
-0.4427402388232871, -0.11608705437315153
-0.44301702619397976, -0.11613633753139882
-0.44319247784122184, -0.11614636310577832
-0.44154362291617094, -0.11674686645299999
-0.4416684252999214, -0.11669748602798949
-0.4415637850232073, -0.11644397109284693
-0.4414220672072038, -0.11637042532576276
-0.44146130181683796, -0.1163060363279726
-0.442795851333959, -0.11609758647314615
-0.44292803329683966, -0.11621875154505247
-0.4414530457527302, -0.11665652870684914
-0.443123137214749, -0.11648923208642825
-0.44147040425479306, -0.11684952695799805
-0.44193719767100065, -0.11680788270309089
-0.4430003009545756, -0.11642812782583321
-0.4431592988245581, -0.11627734070135895
-0.44133288913163166, -0.11617097858701096
-0.4414448583661589, -0.1165514808248531
-0.441627023953242, -0.1164629039276287
-0.4419092133801922, -0.11654428909542629
-0.4431296668714482, -0.1165058920696566
-0.4430792431123888, -0.11655490419282787
-0.4413930979899876, -0.11672896606205073
-0.44287917598725207, -0.1162987617121458
-0.4417079009660531, -0.11629847781467924
-0.43939312412110937, -0.13802624363047175
-0.4395080166381753, -0.13826307243173952
-0.4415281083718995, -0.1165262637204194
-0.44148655762580963, -0.11690841478113542
-0.4418328214464224, -0.11692402008532032
-0.4430789867723703, -0.11666714942220867
-0.4413220330977994, -0.1164792804946032
-0.4412665581473364, -0.11646162169012973
-0.44135305376845807, -0.11614506714250043
-0.4428359105756064, -0.11608728164789757
-0.44153729826940097, -0.11634039425849756
-0.4415862507888045, -0.1166124085123912
-0.4417850177638267, -0.11660820060233094
-0.44332875415953454, -0.11668141406850646
-0.44123808638622236, -0.11669857355227399
-0.44303771861140356, -0.11636570886370985
-0.44118644676222346, -0.1166074081668092
-0.43943061987994864, -0.13828356081179796
-0.44135997741829613, -0.11612138192479954
-0.4412060489508152, -0.11669567003746346
-0.44310849422952414, -0.11667258222334617
-0.4432897685113461, -0.11672164968192403
-0.4412508646939139, -0.11669898285076336
-0.44274512689615775, -0.11641486787618575
-0.4412313455497254, -0.11627871693471185
-0.4415572883199467, -0.11621453065781895
-0.4397375271269023, -0.13809375660063122
-0.4431054275685504, -0.11619923183833174
-0.4416867742260713, -0.11677973724975596
-0.44158261283242434, -0.11704033633957774
-0.4414535930077077, -0.11679040783105755
-0.44134202738272993, -0.11686913402798838
-0.44161648584443997, -0.1163412100404527
-0.43959578419662626, -0.1378775004673977
-0.44134671274984427, -0.11629417955965307
-0.443291677826035, -0.11618777735140673
-0.44164530953308806, -0.11669548195361736
-0.44156731940992294, -0.11683789083148302
-0.44314952421884146, -0.11680791004517595
-0.44139391331949107, -0.11663836306242259
-0.443012786070357, -0.11624664398047209
-0.44284967875354697, -0.1160074898142441
-0.4377382103732338, -0.13842169891652686
-0.44135679476075873, -0.11656202775277562
-0.4430440709080762, -0.1162511207336582
-0.44147488577955607, -0.1165627680282838
-0.4430633813400135, -0.11658070927218628
-0.44147371177189004, -0.11667812654758825
-0.44166281309487765, -0.11627596600599255
-0.44171508579014057, -0.11631053808672494
-0.44290822741948294, -0.11598380998262603
-0.4395578449146704, -0.13813031114680083
-0.4411766763568648, -0.11644157501942727
-0.4432767276933074, -0.11635229097806457
-0.441434322815433, -0.11668537622119655
-0.44162060392874203, -0.11651211598917788
-0.44329045024284897, -0.11614563297950252
-0.44309596343103574, -0.11619600702843189
-0.4380198644729735, -0.13825267579915052
-0.44292354621953045, -0.11594944591740358
-0.44293378702279473, -0.11618656786289167
-0.4416158567206046, -0.1166163660124396
-0.4418145022873583, -0.1166706147407893
-0.44161849976508943, -0.11657182666284933
-0.4415885066385636, -0.11638786388305472
-0.4382049255968537, -0.1383207705080732
-0.4417258547711799, -0.11638939614335203
-0.4415050034055482, -0.11652470822347079
-0.44307211389612994, -0.11619999837686759
-0.44146286021814735, -0.11674713812350472
-0.4416311845189727, -0.1169047768144783
-0.44160099611231096, -0.1165154285719772
-0.4415679081902567, -0.11660103786497929
-0.4428752871751966, -0.11631936673548861
-0.44144023637908997, -0.11627398535914828
-0.443302035113799, -0.11593980962512852
-0.4430838032583308, -0.11625054795204588
-0.4415264824794299, -0.11662747893613831
-0.4416945123845455, -0.11661544087956893
-0.44324222218953824, -0.11662307228232233
-0.441511760910585, -0.11675298999868276
-0.44147431687011734, -0.1161596979236233
-0.4376969948112459, -0.13828227989449254
-0.44133814078224676, -0.1165106527610319
-0.4416289339948019, -0.11675629777920472
-0.4417540044871075, -0.11659710338171236
-0.4416694924966389, -0.11681300456355206
-0.4414337632961067, -0.11650671353567948
-0.44158020199406256, -0.11614198434852506
-0.4416081325270362, -0.11616064643874062
-0.4377521360024782, -0.13839414250887397
-0.4413514850327129, -0.1160598428583767
-0.44150825474116906, -0.1162546982629011
-0.4414835324886623, -0.11700789112947241
-0.44166428615841846, -0.11658891864996021
-0.4416169775003105, -0.1165932354197139
-0.4415062622216658, -0.11658398229394698
-0.441453301030947, -0.11621554135097072
-0.441414393431865, -0.11574260876170783
-0.44157837592784244, -0.1160048572498267
-0.44322272257889384, -0.11604743562275015
-0.441711356412481, -0.11655850274200726
-0.4418789259330682, -0.1164528844401173
-0.44314000056541675, -0.1162193454243257
-0.44296118736424206, -0.11604485466741221
-0.44278522816148286, -0.11637091753810543
-0.44131227027326775, -0.11621350118043888
-0.44151678374145586, -0.11639726021922318
-0.4415713113854997, -0.11610080513656451
-0.44144446379585006, -0.11664409317547285
-0.4416102394247855, -0.11641478465035894
-0.44189422958307895, -0.1163982689226836
-0.44163352146941576, -0.11656914164769683
-0.44161420417522895, -0.11629557860361697
-0.43969286364954147, -0.13777350011204742
-0.441276582031954, -0.1164403338913007
-0.4430547759018857, -0.11623896460611735
-0.4430975235756598, -0.11623117557435658
-0.44162901421425527, -0.1170466145097783
-0.4433298235880744, -0.11650590015400257
-0.443420262051659, -0.11615617054700088
-0.4383132552597573, -0.13808916916783348
-0.4381272841305658, -0.13802306482586366
-0.43974502078124644, -0.13779618072911481
-0.4414640652662332, -0.11647958989434458
-0.44309954071826924, -0.11629904507921886
-0.4419101259227831, -0.11708174150406041
-0.4417563980625868, -0.11646705680778116
-0.44190253214904957, -0.11625378510472174
-0.4382375758196472, -0.13814127926462283
-0.43817459932481234, -0.1383136523280566
-0.43982970727914944, -0.13806713318030173
-0.4416961823240374, -0.1161885164817194
-0.44178889241050046, -0.11654915269254613
-0.44307440133209347, -0.11662259477822484
-0.44176805165398136, -0.11696588076703937
-0.4433139454990211, -0.1160021041447491
-0.4416567234320949, -0.11633323760949599
-0.44319458434135167, -0.11610322515644478
-0.44161948483135716, -0.11601195175263243
-0.4432304528059581, -0.11607015131617282
-0.44146510069757816, -0.11664685210483526
-0.44153531066202933, -0.11652764762218955
-0.4415703085287119, -0.11670810257624538
-0.4430678222865307, -0.1166463017965094
-0.44137653697487544, -0.11633451374017918
-0.44160752264913433, -0.1161785624003937
-0.44308672320898784, -0.11580574439308787
-0.44154634580817703, -0.11609831539595233
-0.4431986190695145, -0.11604961657575959
-0.44193232570906826, -0.11655411226864147
-0.4416287284964695, -0.1166642705251933
-0.44153315329813986, -0.11669726964972663
-0.44152820616233235, -0.11648206393442527
-0.441245127942384, -0.11647669907482792
-0.4396401548108822, -0.13802236474275995
-0.4430376470575465, -0.11594381113736661
-0.4431670909582377, -0.11631042310957397
-0.4431186871835774, -0.11621287369423366
-0.44162114178355216, -0.1166632781656647
-0.44306803049050447, -0.11649297312967802
-0.44139746461739565, -0.11668450882862366
-0.44150391515451554, -0.11638346868962221
-0.4430745451361202, -0.11607208184828641
-0.4415284923092413, -0.11614936306398499
-0.44199552545561666, -0.11618166133089429
-0.44329796080978096, -0.11629281874191431
-0.4418517556759499, -0.11676881322682041
-0.4432312196824201, -0.11627582981585963
-0.44316322519926804, -0.11624652776744605
-0.44129446276499945, -0.1164277471982029
-0.4413467645917442, -0.11625809631495178
-0.4429348183347231, -0.11598872579669418
-0.44277528389557874, -0.11639582505069536
-0.44148451079899287, -0.11674403262331763
-0.4418388114795349, -0.1166464103799249
-0.4418816589940822, -0.11675587019595222
-0.44167706279916774, -0.11659018496513968
-0.43802122795730614, -0.13827881244099868
-0.44171716869209726, -0.11617707081426258
-0.43797030376642837, -0.13827261847795194
-0.44139325883494795, -0.11629516020911934
-0.4430731545358438, -0.11637323455294177
-0.44321442110802073, -0.1166247822096772
-0.4431185664809329, -0.1165703404378978
-0.443024779266591, -0.11644661298036223
-0.4418219237736138, -0.11656739760552903
-0.4416473287793133, -0.11652548193501845
-0.4380090396442173, -0.1382120212295876
-0.44184461824061816, -0.11629852163811003
-0.4418780294890358, -0.11607382476504265
-0.4415409153695197, -0.11652409061868065
-0.4433142239922325, -0.11661164179918014
-0.44321737025191865, -0.11646421829029202
-0.4429097508293148, -0.11637554863669784
-0.44111618596669955, -0.11647663228270101
-0.439613836792036, -0.13811621943204147
-0.4394480958974881, -0.13820467593290228
-0.4398059368429261, -0.13805145788649922
-0.44150039750044345, -0.1165041919687782
-0.44144476019039897, -0.11653645227389813
-0.4417460598675426, -0.11667631516384908
-0.44152090316521286, -0.11664517279532735
-0.4399128765194071, -0.13820470265283039
-0.4428039335577571, -0.11612220553325288
-0.44291585575207915, -0.11609689074560187
-0.4431005303873215, -0.11619410702474015
-0.4412983081356618, -0.1162603198841632
-0.4413307784107591, -0.1165431862236531
-0.4430203559694153, -0.11658348836081046
-0.44157749171282656, -0.11651759597708666
-0.44130576270464034, -0.11650345726936173
-0.441581581187815, -0.11627622571350094
-0.44158029702848056, -0.116271073389766
-0.4430358662421356, -0.11596026097346096
-0.4425069499165632, -0.11630443379749116
-0.44297849266412254, -0.11612146090222063
-0.4427750012623102, -0.11613997516614774
-0.4428865997518894, -0.11618368497908857
-0.4430397071243799, -0.11652329597622611
-0.44294728781029563, -0.1162293650034007
-0.44147450691501655, -0.11642691463574423
-0.4413036132291585, -0.11619912901890175
-0.44174041047815177, -0.11625901382118137
-0.44131419465390914, -0.11636756211506434
-0.44322608882256415, -0.11610434490021501
-0.443365195351678, -0.11632988601434151
-0.4430645841591755, -0.11643201623669008
-0.44139322531490777, -0.11622052074779983
-0.44311208798586216, -0.11631055972339584
-0.4415476688713967, -0.1162531270209705
-0.4428819039399452, -0.11633518107243972
-0.4430237068175262, -0.11626527746414259
-0.4413321942695841, -0.11638414517381512
-0.4429988162881539, -0.11626227758238197
-0.4418182036703351, -0.1163611026499018
-0.44162551381324394, -0.11639947809561482
-0.44151782461156835, -0.11637425892602303
-0.44159236258850476, -0.11619889000495288
-0.4415512292362026, -0.11620025994377949
-0.44291208622111394, -0.11606901992986861
-0.4429973083192897, -0.11596781662270444
-0.4414487458855663, -0.1162989820186552
-0.4427697932399965, -0.11638683426066211
-0.4413167238135343, -0.11671208182002817
-0.4430915788203246, -0.11644446145402512
-0.44174822158370686, -0.11663638558283965
-0.44138251211163204, -0.11638644931663418
-0.44177043138650496, -0.11642066331761208
-0.44184153845401447, -0.11629192594881396
-0.4433327548515991, -0.1162494817563944
-0.4417278385604899, -0.11650440204991888
-0.44139056796504406, -0.11627397709218157
-0.4430437995687649, -0.11643119433000738
-0.44152438296183183, -0.11656757167154692
-0.4431913598563127, -0.1163876034310701
-0.4414502227350356, -0.11648100199917256
-0.44285907732491314, -0.11625464156676411
-0.44319276524104256, -0.11612185996507761
-0.44289917678798446, -0.11631311564442155
-0.44326333813348046, -0.11606501006113157
-0.4419095474091047, -0.11643183348495331
-0.4417081703116778, -0.11653482815829197
-0.4414461074405256, -0.11634479468515635
-0.44166902890056603, -0.1163590607027443
-0.44310192469001225, -0.116408705930033
-0.44123654577324334, -0.11647771628059725
-0.4429541690405956, -0.11637036267909366
-0.4413524580178511, -0.11648116338774814
-0.44152176228921436, -0.11672793089656038
-0.44313295845805334, -0.11618137329412251
-0.44288412009980693, -0.11615218937433786
-0.44146968774799733, -0.11657959151068396
-0.4431597060057143, -0.11612115360144123
-0.44306107194603506, -0.11633048701716964
-0.4414699100359434, -0.1164327132956321
-0.4412376352972616, -0.11636658260794894
-0.44134151340333394, -0.11628029563178052
-0.4413646036834408, -0.11657672776765751
-0.4414698885020919, -0.11671623687077966
-0.44305638405243497, -0.11664876739932717
-0.4429615494694292, -0.11651132585349819
-0.44130638034202047, -0.11658082967348977
-0.4429106951200593, -0.11573270650302395
-0.44306468659396114, -0.11583547058465811
-0.44141370825782983, -0.11644624192965963
-0.44162731748459017, -0.11645791382530021
-0.44190468389386556, -0.1164285743245727
-0.44157736856599583, -0.11669039074845003
-0.44154977196225864, -0.1164136364307595
-0.43783406404470626, -0.13827339103820618
-0.44137566691572355, -0.11626642456509768
-0.4427934370031186, -0.11641345749573458
-0.4396838174173392, -0.13819392402859826
-0.4429071220865906, -0.11624023838692799
-0.44146454509712474, -0.1167373159710008
-0.44160426048982143, -0.11666243227543506
-0.44161167727014966, -0.11630347155761256
-0.44176369457090536, -0.11631221327552452
-0.4415583822332879, -0.11633541358978984
-0.4385277380031675, -0.13809045763510797
-0.44158063873041675, -0.11610257092382541
-0.44323213195004607, -0.11599380320860048
-0.4433875860627346, -0.11628389538971567
-0.4430944951249177, -0.11637492937269231
-0.44309485978459484, -0.11625132316417242
-0.4429430603541031, -0.1162356036541414
-0.44314648840179544, -0.11632025572072954
-0.44157124209319737, -0.11641629626635962
-0.44177019665593886, -0.11643811317711478
-0.4414393528913655, -0.11644136959796281
-0.4417511021085843, -0.11657068208106368
-0.44146448803896565, -0.1163956261509665
-0.4415271751325483, -0.11656060045693546
-0.44153275997755986, -0.11653309251292389
-0.44148977817136237, -0.11627755588564458
-0.441489053889744, -0.11644880136844808
-0.441829993111506, -0.1164191291731695
-0.4414426245917365, -0.11632281469486538
-0.4417307084412123, -0.11640322189660011
-0.44172784701591217, -0.11651447578968198
-0.4416048014004475, -0.11630414081287313
-0.4416318484492323, -0.1163717938088316
-0.44151173619915796, -0.11641248478093419
-0.4430073537590098, -0.11616919433553946
-0.44155815067003057, -0.11633882540526098
-0.4431816288814897, -0.11610299031205236
-0.4432254050478126, -0.11639978817718843
-0.44292869133153207, -0.11635862948859796
-0.4415758731001185, -0.11647066993736885
-0.44300397592181856, -0.11645100716861082
-0.4415650284073372, -0.11636194639047427
-0.4380176886626382, -0.1382743472979938
-0.4414040622713995, -0.1165544367131743
-0.44148431237063335, -0.11651762239811442
-0.4432281689540709, -0.11641757138922157
-0.4416674079003569, -0.11652618979708854
-0.4417758066676897, -0.11626796898378901
-0.4413330915531165, -0.1163804638570706
-0.4429912064980954, -0.11623827306705142
-0.4412663516020383, -0.11632958259726085
-0.4393727574228568, -0.13800824297107442
-0.44328025888525796, -0.1162926620983593
-0.4416637070490746, -0.11663791799188344
-0.4428839964097641, -0.11611046029017147
-0.4413034010764567, -0.11645118031942012
-0.44143080662953466, -0.11625072604009139
-0.4414323989374907, -0.11642551864530193
-0.4414938528226845, -0.11612727346350545
-0.44162322792118514, -0.11620959199003067
-0.4416249524073524, -0.11636899979284224
-0.441632672873565, -0.11657783204927057
-0.44164138571371375, -0.1164214113337716
-0.44143293346718643, -0.11666668574287407
-0.4430734577850504, -0.1162762709887397
-0.4412450130474128, -0.11651183321629338
-0.4428479556125829, -0.11639435187618469
-0.44125793356472365, -0.11650932172939972
-0.44325065616776493, -0.11650105164055738
-0.44143590070685984, -0.1166716693688278
-0.44175982068107933, -0.11641595456048834
-0.44159134409548695, -0.11656362052392688
-0.44140245040336606, -0.11645447238460245
-0.4416016679171202, -0.11636017440357768
-0.4418060092969213, -0.11635396069693779
-0.44143522856023504, -0.11635772506459884
-0.44150911981195134, -0.11652388451029412
-0.4429773216718582, -0.1163627458510377
-0.44292851345754863, -0.11646893910239176
-0.441586119705754, -0.1165236726275774
-0.44293088175100204, -0.1163113970027132
-0.4431357562227343, -0.11623677938093493
-0.44280742671083745, -0.11616315148497017
-0.4414953855123925, -0.11643111904117842
-0.4415885428842454, -0.1163366872725638
-0.44150701029461453, -0.11660981464081678
-0.4416478365095901, -0.11657871149521874
-0.44166663116094584, -0.11666554680028583
-0.4412874670177554, -0.11672367245622255
-0.4413192020822831, -0.11663241373216342
-0.43782933741798274, -0.1381497425668177
-0.4398772280583468, -0.1382601364535295
-0.4431098943412478, -0.11631819166723875
-0.44125137368378975, -0.11660500989505104
-0.4431279854406844, -0.1166162234262254
-0.4430952931347149, -0.11644838585182271
-0.4414168642748196, -0.11666871116152844
-0.43814716595018227, -0.13850001125932843
-0.43952635994346306, -0.13785983972206664
-0.441546982259592, -0.11636745347448207
-0.44281106682034727, -0.11590019193924342
-0.44297030726798753, -0.11630958447210432
-0.44296782411514374, -0.11648623189050598
-0.44310766675195024, -0.11641608392841948
-0.441681943246077, -0.11677707180744011
-0.44172378038722343, -0.11660198847955176
-0.4413017241815602, -0.11633002635987523
-0.44276795080870873, -0.11607559165426684
-0.4411526892760688, -0.11640415933349005
-0.4413804971759803, -0.11621344671981045
-0.4414600302239928, -0.11650211791596125
-0.4431394771577514, -0.116777722052763
-0.44256676998886035, -0.11682780265113127
-0.44147955336438754, -0.11657015055639394
-0.4430252678264919, -0.11632326983713215
-0.44142351308573274, -0.11640754660176089
-0.44297425062374407, -0.11615654693296182
-0.4415682345205653, -0.11641256391586897
-0.4415820477981689, -0.11652188142559033
-0.4431328314127666, -0.11660517073426989
-0.4414998595535448, -0.11671489607524198
-0.4414783646071277, -0.11676718043045797
-0.44113820741444487, -0.1166571809212947
-0.44151809488864274, -0.11660299479335545
-0.44134063370615334, -0.11616901997475522
-0.4430004048511701, -0.11613555606354428
-0.4429315780652024, -0.11640037804207327
-0.44154437731655055, -0.11651984074181533
-0.44160026416678305, -0.11664150012291852
-0.4413870596496109, -0.11687919789164607
-0.4417095776459538, -0.11641920082443702
-0.44280604638313475, -0.11620941303596323
-0.4379737040603717, -0.13860608602699684
-0.442845412403065, -0.11591365476005672
-0.4430160377410914, -0.11636904326482665
-0.4413367910218491, -0.11660839512711049
-0.4429943616446255, -0.11659431120455409
-0.44160736777423754, -0.11668025123972421
-0.442693852093502, -0.11633348956625314
-0.4413080519518812, -0.11646535910846317
-0.4413161084780824, -0.11637489756501632
-0.4394520658274532, -0.1382962323179628
-0.44287260437087617, -0.1163198640320601
-0.4429319541233446, -0.11621077360209885
-0.4430211572395594, -0.11640053738011161
-0.44160688938268006, -0.11661607839181819
-0.4413485253766676, -0.11666156650187604
-0.4416029825204973, -0.11645686222793877
-0.4416231704568314, -0.11643317412187891
-0.44147145736832955, -0.11645247358564631
-0.4428326577787417, -0.11596749700833058
-0.44323489134844385, -0.1160537060037591
-0.4432275196269959, -0.11616923733914401
-0.441515487905361, -0.11644761835924762
-0.44180059312717707, -0.11655608617459595
-0.4429686280347732, -0.11633479259355975
-0.44132400348745565, -0.11657449920333546
-0.4425485227279156, -0.11646143068231585
-0.44142543520753086, -0.11659142362761649
-0.4431858762553041, -0.11645295917457231
-0.4414549332690673, -0.11661710332217011
-0.44143152107528755, -0.1166546622953616
-0.44165463722948684, -0.11630453712337338
-0.44132417211153496, -0.11654336316243966
-0.4430892375051498, -0.11647664189358176
-0.4415456003625275, -0.1165562503878709
-0.4413554862056589, -0.116564864254189
-0.4428126374755306, -0.11656362733975777
-0.44129220721164697, -0.11659328145749367
-0.44290427490962436, -0.11636829304861318
-0.44278779416329994, -0.11630653278510449
-0.4429863023750874, -0.1164401127438549
-0.4416951739723147, -0.11645390306938158
-0.4414696521359471, -0.11650456449351677
-0.4415712942637146, -0.11657174310258055
-0.4417740455769988, -0.11622441613204525
-0.4417357010039483, -0.11597095758795924
-0.44164730016768494, -0.11617313603490338
-0.4417750546048038, -0.11636365841672387
-0.443228874374978, -0.11638543917979523
-0.4419532731978734, -0.11667415180483927
-0.441596251295405, -0.11673165733599095
-0.44128690644175944, -0.11652299583529542
-0.44303475379421225, -0.11636641272845374
-0.44281723142368845, -0.11624247652880863
-0.4430824152834134, -0.11612017842187397
-0.4430685763157243, -0.1161556500864284
-0.4416062467670377, -0.1163486642962199
-0.4417250113195693, -0.11662868123240254
-0.44172655536021993, -0.11653533137989988
-0.44184860938080794, -0.1164399779769905
-0.4415455136302094, -0.11648601160693066
-0.44147002654876927, -0.11650409356453949
-0.4398263348951577, -0.13814585935054394
-0.4397937686247689, -0.1382049800432747
-0.442922449843475, -0.11631667243792275
-0.44319175429909224, -0.11645816420412843
-0.4431553754525763, -0.11640351177503039
-0.4432053167679903, -0.11653829291410557
-0.44158233371489686, -0.11656990391016193
-0.4431424963626955, -0.11653372599608021
-0.4413627211671181, -0.11652747544216246
-0.4415966168486872, -0.11632305229010534
-0.44153594669534946, -0.1159991752573963
-0.4416731226747458, -0.11631709387786385
-0.4429092896470652, -0.11641732095565516
-0.44142254039629036, -0.11658880197282333
-0.4432947600435897, -0.1165630351897731
-0.4432217714839824, -0.11643730460354432
-0.4416103780725105, -0.11663342574735679
-0.4431297622608926, -0.116312451628786
-0.441472566184825, -0.11644334291219298
-0.44310491181559264, -0.11632596753386694
-0.4416151071442971, -0.11642280634860802
-0.4417246495535477, -0.11651543752278075
-0.44166388069529805, -0.11659676212161467
-0.4413477358554112, -0.1166753952142857
-0.4432103241139961, -0.1161441948822029
-0.44306437719376707, -0.11628915276927597
-0.44309070870212003, -0.11640848701201717
-0.44299140686815597, -0.11629925068746579
-0.442884653933035, -0.11624093127481674
-0.4429622194901733, -0.11635522354850278
-0.4416361743064923, -0.11666356226727662
-0.44153886093320177, -0.11650305222573215
-0.4417205174951579, -0.11672414217125088
-0.44178664388118327, -0.11657259992272423
-0.4415506946590324, -0.11657129346503921
-0.4415696701979945, -0.1164366896565593
-0.4412544164737536, -0.11646535345598566
-0.4430814129246872, -0.11617220370523364
-0.4430051050329803, -0.11631048274476054
-0.4427840262013535, -0.11633382163332845
-0.44170649569371273, -0.11644939444616074
-0.4433254320568362, -0.11642068269521796
-0.4430663838085059, -0.11644411221952838
-0.44137039903616654, -0.11636909000347687
-0.443171838666066, -0.11617269242444407
-0.4414173278107409, -0.11628963865689204
-0.44295187757049376, -0.11621072329381994
-0.44323389835453464, -0.11610053384099256
-0.44327850253963197, -0.11609142661199569
-0.4412945355257924, -0.11661015586948942
-0.4415285037115663, -0.11663014939101586
-0.441613740007313, -0.11644434409391988
-0.4415051338928971, -0.11651036076319381
-0.4431161101483683, -0.1160257747253181
-0.4415257673107582, -0.11645304372186151
-0.44142059430778247, -0.11625698928702578
-0.4433428803573075, -0.11629402320597552
-0.4432723773623763, -0.11609498918034689
-0.44165032857184017, -0.11678313344480908
-0.44316006137056, -0.11606403305596517
-0.44158467998910095, -0.11629351510306221
-0.44140877212049656, -0.11642710593516806
-0.4430178659830423, -0.11607376132583318
-0.4414642850400281, -0.11615873506263807
-0.4430755059275479, -0.11623625726782807
-0.44323660223299544, -0.11623517657385987
-0.4420632875066405, -0.11644532411706654
-0.44326467898695054, -0.11648865080726487
-0.44177866895909185, -0.11632064850495603
-0.4428791348104185, -0.11596564544334682
-0.4396482607534942, -0.13797895502974325
-0.4417170790462756, -0.11605102597728913
-0.4412953782206379, -0.11643005360669308
-0.4414571019352657, -0.1162663141637923
-0.4414536095969217, -0.1164945051962754
-0.44165055952913945, -0.1165512751172721
-0.4415540355438734, -0.11649780594307603
-0.43965828362941006, -0.13828147189650164
-0.44108358311739687, -0.11627224462091898
-0.4431178000054106, -0.11631433985297665
-0.4429640664681855, -0.11632890717859334
-0.4415867940290588, -0.1165356708352052
-0.44137591100299983, -0.1166826277862826
-0.4414964087523763, -0.11662159629607555
-0.44149751410938465, -0.11634523292679494
-0.4415776619099359, -0.1165886735736547
-0.4414100103675405, -0.11632188548218403
-0.4381283907263764, -0.13833619800558883
-0.43801178287256365, -0.1381744969086357
-0.441346378872918, -0.11642240435083173
-0.44149294978394243, -0.11681880615637154
-0.4416879593040964, -0.11666782260543
-0.44295780357812664, -0.11647418643923606
-0.44308068436058495, -0.11616949564243081
-0.44310454867390137, -0.11597207315116663
-0.44313597983133407, -0.11591550554746916
-0.4416128704916421, -0.11638118705199606
-0.44163893903393064, -0.1167446612782939
-0.44180255466450863, -0.11667558523757839
-0.44319864028083616, -0.11658915639804394
-0.4412797254574206, -0.1167043819581913
-0.44289081539929376, -0.11620655160862853
-0.442584213294862, -0.11623119332092466
-0.44121627884680914, -0.11646872591108967
-0.44319049083066525, -0.11632406511735967
-0.44322015363082223, -0.11661675782849054
-0.44323558108423344, -0.11671972037486283
-0.44165057808999614, -0.11669053488532984
-0.4414241063366731, -0.11670508334819364
-0.4414649869770051, -0.11678205718277901
-0.44140710571985803, -0.11642595802790234
-0.4411890640097517, -0.11636961885058339
-0.4426112476260606, -0.11648882343214137
-0.4431955178306084, -0.11657611922038935
-0.4413763151126298, -0.1167102663053509
-0.4414721993020076, -0.11707183028142232
-0.44147423879646636, -0.11658253869476098
-0.44135128210665026, -0.11648921586518747
-0.4415642855938931, -0.11646233632557691
-0.441561668237602, -0.11638018971180998
-0.44161211566450886, -0.11640496644529713
-0.4413923124857172, -0.11666646804338862
-0.4432797416568274, -0.11692712774505183
-0.44287690818078385, -0.11671394194845788
-0.442996439078803, -0.11638802062669959
-0.443015977249272, -0.11648343962854343
-0.4415575413934704, -0.11627834083086498
-0.4398594683934124, -0.13831537419600112
-0.4416589137930494, -0.11640696552601693
-0.44170382275133063, -0.11662939757008456
-0.4415102174807104, -0.11683756741683501
-0.44176278326550983, -0.11668622257824333
-0.44143879346140474, -0.11662390278185072
-0.4416342361179651, -0.11652399140744489
-0.4377911522732753, -0.13815583207312432
-0.4395732160932397, -0.1381868232713787
-0.44294341315937286, -0.11611558290027717
-0.4435067832078688, -0.11636279923682401
-0.44168219779691614, -0.1165690822822487
-0.44178775137437787, -0.11698958946887995
-0.4430965330627527, -0.11659571469374581
-0.44147287678167224, -0.11634853059696997
-0.43791340689399627, -0.1382782808250945
-0.4431238201540706, -0.11589116110239109
-0.4412808282577072, -0.11639892362536605
-0.44154247813415304, -0.11639653566176386
-0.4430449719625218, -0.11637453103962006
-0.4434673823717647, -0.11668900030790123
-0.4415723428828725, -0.11668669992225689
-0.4414611203592495, -0.11631392448411457
-0.4411998898346226, -0.11635182588729369
-0.4376387959231706, -0.13831314833200545
-0.4430496359794516, -0.11588098648873642
-0.4414778551513392, -0.1164567745248159
-0.4432148129265075, -0.1163536230859343
-0.4432651907488883, -0.11640048729552839
-0.44308481681786904, -0.11654112744439286
-0.44291040310698726, -0.1164284242917341
-0.4415357975729614, -0.11634173939375013
-0.441200876221986, -0.11632121581312568
-0.441316078319929, -0.11629679456567107
-0.44140959100553956, -0.11662347741499703
-0.44141759540713965, -0.11680313311260006
-0.44154790164475377, -0.1169006581850346
-0.44163437535464783, -0.11677107372653589
-0.4415154716367487, -0.11656699216334844
-0.44303782862702307, -0.1160331304305499
-0.44276216176970395, -0.11606890605163236
-0.43939863275378777, -0.1383569259088847
-0.4415542901031121, -0.11666806665034987
-0.44148191125993247, -0.11682868959505321
-0.44161823194534344, -0.11699318624983622
-0.4431811286633774, -0.11676999057655812
-0.44299743060241753, -0.11636357478541363
-0.44122202838516716, -0.11634799589816329
-0.43948466568668354, -0.1381897701337211
-0.4426061582140667, -0.11624013192105043
-0.4411959788435374, -0.11674364287618949
-0.44152283218660526, -0.11686128792410794
-0.44298525817454465, -0.11685157582375783
-0.44322851301553046, -0.1167196309290097
-0.4431291381122543, -0.11604900614650554
-0.4430296702248718, -0.11594820374890931
-0.43970054054834606, -0.13820373671999694
-0.4431175917678686, -0.11607665443360639
-0.4432678065219504, -0.11637219150641448
-0.4415492580280753, -0.116706906627306
-0.4417266391530789, -0.11677222812833882
-0.4436637913991438, -0.11629675916860575
-0.4432866778322363, -0.11610510873217333
-0.4375921875038031, -0.1381517867613001
-0.43810382048427476, -0.1382501004355655
-0.44319749558945903, -0.1160237477186192
-0.44330976839232844, -0.11611407771862832
-0.44168182472714124, -0.11675362982695667
-0.4432013983008631, -0.11682517405165892
-0.4431328094022423, -0.11638211360301597
-0.4415216713623371, -0.11633167099905445
-0.4414132011343637, -0.11623734758188506
-0.4413626052828069, -0.11607468910970384
-0.4416842164747526, -0.11612238626686035
-0.44159955693351083, -0.11654395455420075
-0.4432763577234776, -0.11688583011781781
-0.44160203411171534, -0.11713797864086042
-0.443223398476206, -0.11671479093196956
-0.441605796666539, -0.11662385723390423
-0.4395174900587804, -0.13798151937209838
-0.4394824219047498, -0.1379438384185101
-0.44296272461527064, -0.115954847715803
-0.4416241466002779, -0.11639042220934123
-0.4417979673130756, -0.11678247285625654
-0.4419269281420359, -0.11692716718495852
-0.441614509715389, -0.11692095930390393
-0.4433182946565759, -0.11622099312082038
-0.4378261048210904, -0.13820515808072228
-0.43798030382770936, -0.13822396250632563
-0.44168832836903205, -0.1159849949982114
-0.4416136378039386, -0.11643525578812336
-0.44189072800654605, -0.11673558436525622
-0.4417453769331755, -0.11722842306946292
-0.4434570228300227, -0.1167383920348489
-0.443029055633635, -0.11632144033989227
-0.4396547782702895, -0.13810228351290532
-0.43807197346997295, -0.13814864873010757
-0.43793452517137466, -0.13817071731518515
-0.4384773661673859, -0.13838090228590336
-0.44175080570994113, -0.1166973662844425
-0.441773900139002, -0.11715884107125217
-0.44156009904278987, -0.11710692634946597
-0.44125729177857054, -0.11680882777576028
-0.44147221367895345, -0.11649609636405237
-0.44291776033768876, -0.11584549772887942
-0.4379554271990652, -0.13818796305610132
-0.4415854249589762, -0.11628534364616246
-0.4429757995023126, -0.11631236813646023
-0.44157999015740557, -0.1169253126462458
-0.4417732453854711, -0.11720531969580586
-0.44154107830799155, -0.11703047127944048
-0.4415008238389459, -0.11671837779922693
-0.4376637641882348, -0.13842656971685516
-0.43756680354638766, -0.13858011868478834
-0.442735439263524, -0.1161201632971599
-0.4414812528738045, -0.1164714826823329
-0.4414558425685934, -0.11676623363790446
-0.44148895069900623, -0.11713685001645585
-0.44305387365630655, -0.1170348821968565
-0.4428691268620362, -0.11647966884397748
-0.44100147520110033, -0.11625489873461509
-0.4411050372000875, -0.1161031967741957
-0.44258752671075097, -0.11568309899651756
-0.4413029043254706, -0.11634191569074016
-0.4414915297510401, -0.11687845263854381
-0.443459157050357, -0.11685244581765558
-0.44349951133424903, -0.11653947141296792
-0.44181818198606787, -0.11650879801694024
-0.4413340157845187, -0.11613009037380606
-0.4377845239619599, -0.13847599108291586
-0.43770625879395714, -0.13831265701425055
-0.44142183223660636, -0.11612654576326711
-0.44165211262451165, -0.11664495250494536
-0.44312434343307683, -0.11668406540863249
-0.4429448490296497, -0.11653538722964195
-0.44296540924796224, -0.11651337343188978
-0.44127665976470715, -0.11651493006595533
-0.4394109220579699, -0.1382327821954351
-0.4376420584352089, -0.1383656942166588
-0.44150779124484935, -0.11626376017625356
-0.44168466951437785, -0.11668033681585221
-0.4416630138602548, -0.11659414599137054
-0.4415781513695737, -0.11689154962609283
-0.44333260307657774, -0.11637348606957663
-0.4428215918561313, -0.11624026473270062
-0.43928370531966526, -0.1382625115703877
-0.4377316003945582, -0.13864174687727965
-0.44292478416494235, -0.11612368474950738
-0.44135443906751465, -0.11652625354472235
-0.4431102553149744, -0.11680703829494313
-0.4417531655159838, -0.11677161010995334
-0.4430940671112017, -0.11651538327427739
-0.4430084479455961, -0.11642348978490401
-0.44153027000064077, -0.11611134226788682
-0.4380257842443408, -0.1385008627399758
-0.4417382062679238, -0.11610578811358692
-0.4413712918808995, -0.11659598716143442
-0.44305104649099936, -0.11641631900361642
-0.4432562280867193, -0.11635462129204535
-0.44159555114448384, -0.11658358357717023
-0.44167568299366533, -0.11629772210686878
-0.4378520282809719, -0.1382570167013795
-0.43954887930432807, -0.1381626378441104
-0.4429710326405814, -0.11597437890827268
-0.4416011844910537, -0.11680641561351371
-0.4415787953181389, -0.11656114774068908
-0.4430613594010921, -0.11650797689838265
-0.4416841414588269, -0.1165481032981807
-0.44182975762308624, -0.11672326846269343
-0.44149367271234385, -0.11625561837304503
-0.44165761519392943, -0.11615658301291133
-0.4429945723585611, -0.11608281646277198
-0.4415485583149068, -0.11644470084872435
-0.4414873532908997, -0.11683770880267609
-0.4416248746041561, -0.11676079135873618
-0.4431850192330223, -0.11630913290066822
-0.4415853961616425, -0.11638567419973914
-0.43963449011891476, -0.138228486601082
-0.4430774518678982, -0.1158884636364248
-0.44190108635618064, -0.11625741481380039
-0.4417278351743686, -0.11669174259161635
-0.4434112862180844, -0.11638118694231231
-0.4415581276138231, -0.11651815889415411
-0.44148902892909864, -0.11642415035858628
-0.4415635070007635, -0.11667893915916157
-0.44265073366471347, -0.11599586515081928
-0.44309613143641313, -0.11582031754636524
-0.44147583416520064, -0.11644113863900266
-0.44312800614867054, -0.11633993561982164
-0.44321999800911055, -0.11626146875260446
-0.4432437194542335, -0.11635609757664638
-0.44165182079008464, -0.11672946966548207
-0.44166635932965426, -0.11626787600348738
-0.44142131562017306, -0.11643985648782627
-0.44303532067380386, -0.1162541650853624
-0.44319042699483385, -0.11615735700761773
-0.44318725213478033, -0.1161388909786811
-0.4417941349019639, -0.11654831911290701
-0.44333657934709997, -0.11618597617476357
-0.44343022742078425, -0.11616872758901022
-0.44154990014567697, -0.1163572110220043
-0.44171719665489767, -0.1163005649852224
-0.44141338063475377, -0.11626367860352967
-0.4431693888394779, -0.11638747969493245
-0.4427215581447887, -0.11632990579958437
-0.4431025252296454, -0.11640980388376225
-0.4416961756693096, -0.11679254581575847
-0.44150346060004814, -0.11649971504611059
-0.4430241115564985, -0.11607964125146719
-0.4428922807421953, -0.11632782184338532
-0.44129590563839843, -0.11639195731837079
-0.44160239947056124, -0.11648936503893788
-0.44133951847796826, -0.11674729245307913
-0.44158652457468883, -0.11701212286971537
-0.44139828125917135, -0.11679889506959969
-0.44160416552232684, -0.1166306456705833
-0.4430759157803321, -0.11621855279425582
-0.44309558213996003, -0.11604232733411746
-0.44266946442997535, -0.11587658601286971
-0.44280161584866323, -0.11595665203442236
-0.4430113132308441, -0.11642429726889231
-0.4412809184060116, -0.11681719026871225
-0.44169283783765645, -0.11686693822728368
-0.44306603118869087, -0.11641079994025132
-0.44131622557875766, -0.1165954113685225
-0.4414600352691075, -0.11650828197810205
-0.4413076586210194, -0.11627676738590932
-0.44309205388576267, -0.11603819473938244
-0.4430521098451754, -0.11622116605587726
-0.4415055740293448, -0.11648841832943972
-0.44121366983868326, -0.1164732830716088
-0.442972291657633, -0.11625774146719768
-0.4430965164999634, -0.11635670814332125
-0.43771179329934956, -0.13833815064662713
-0.4413002172325661, -0.11643677772165487
-0.4432785183541447, -0.11633035221507845
-0.4414739247106916, -0.11670449013757868
-0.44166895292888386, -0.11679408037174036
-0.44314079053746064, -0.11636213791154608
-0.4432022283778764, -0.11630777902558798
-0.44288534573001953, -0.1162911211674311
-0.4393667353606491, -0.13808221036387275
-0.4410918314305177, -0.11632433321005574
-0.44136578526002845, -0.11697369428985428
-0.44152773940510265, -0.11693817553686639
-0.4428250607626421, -0.1166723891859922
-0.44291034289998205, -0.11667918787049468
-0.442916564104041, -0.11631169516021105
-0.43762334381087814, -0.13827723306862605
-0.4379004689215693, -0.13831770772379026
-0.44283263013770946, -0.1161185471787353
-0.44134919072739714, -0.11649556489497562
-0.44155525195274753, -0.11652743781685818
-0.44165459947723584, -0.11683861415794865
-0.4417067036039068, -0.11662487361102426
-0.44157603279588803, -0.11668197237409327
-0.4415904275530726, -0.11654439681240468
-0.43798122443896853, -0.13845605273081404
-0.4412517691930099, -0.11622909859522376
-0.4431437946258256, -0.1162159587992857
-0.44300340812538164, -0.1164131980208311
-0.4431610669892886, -0.11632052383222229
-0.44293437659481927, -0.11631400806758074
-0.44323079046230224, -0.1163027382313124
-0.43800428298459054, -0.13802617587964222
-0.43805886058094834, -0.13837738607577163
-0.44173047961335954, -0.11657717546699618
-0.44170478650135236, -0.11667663512994757
-0.44184537976812605, -0.11676629681751764
-0.44169052746228454, -0.11682034165287838
-0.4432710822965639, -0.11647318336863015
-0.4431032506307797, -0.11596902656457646
-0.44320420304301894, -0.11585645499364305
-0.43954860208674945, -0.13784334804533668
-0.4429817044548054, -0.11624828694359328
-0.4420485219444042, -0.11627746448000069
-0.4415013903576124, -0.11677939374410091
-0.44159612840691775, -0.11711532495048066
-0.44155141787698254, -0.11677902847936832
-0.44149454098961066, -0.11615256389617937
-0.4376994882028084, -0.13833043735428224
-0.4431040633194224, -0.11601825376594925
-0.44140681187126457, -0.1160888889229779
-0.4431132992378666, -0.1163757822027912
-0.4430678381408718, -0.11665428074767045
-0.441580826385676, -0.11684819135323786
-0.44315936429804126, -0.11651732999553241
-0.4412419964287322, -0.11647096454552361
-0.43777715124796296, -0.13840225384319071
-0.44105312345077036, -0.11605056737883031
-0.43779028147456994, -0.1383038062648987
-0.443132096034285, -0.11634624323550118
-0.4428429921575761, -0.11671469404051427
-0.441931529639615, -0.11700933797325634
-0.4432066956135449, -0.1165708735109984
-0.44291573241022647, -0.11616311511998055
-0.43943763302388483, -0.13799357292545897
-0.4374182186325901, -0.1383514471914087
-0.4381729800432463, -0.13818929841073646
-0.44147529809052755, -0.11661875324199218
-0.4429726519195362, -0.116556735306709
-0.4415009541849604, -0.11677458996600108
-0.44164257203242346, -0.11692981255308739
-0.44140800962563986, -0.1168169483365356
-0.44124009986120183, -0.11641635159531863
-0.43960402927426756, -0.1380774572929896
-0.4428988685712611, -0.11588492009393855
-0.44267693156192045, -0.11604541919136187
-0.44325472998283344, -0.11608185609771222
-0.443389881756035, -0.1167088051869027
-0.44179100983479336, -0.11687527265003296
-0.44153406416751323, -0.11685087440363644
-0.44298399740331057, -0.11620740115123161
-0.439546877648126, -0.13845265391011083
-0.4377310493794084, -0.13847049808777165
-0.44124126231693056, -0.11621004839385936
-0.44338136342801365, -0.11628621057311157
-0.4434624385573425, -0.11660619118897597
-0.44310269562440635, -0.11654740358352281
-0.44320069280615254, -0.11634485620761512
-0.439645790170088, -0.13805141650965147
-0.4394137881677919, -0.13838508909802433
-0.43929497626842945, -0.13821853851635166
-0.44313891298614055, -0.11611420244696383
-0.44124935794912384, -0.11667120592813314
-0.4414635265553133, -0.11722121936531665
-0.44164168084749283, -0.11709823996493435
-0.4416345196951607, -0.11652116460242333
-0.44122102042034733, -0.11650325806739235
-0.4377370846418843, -0.13844368009285218
-0.43948777001718803, -0.13839046926606685
-0.4378923939961643, -0.13816574859062028
-0.44290857476817863, -0.11638052990706799
-0.44302391054662343, -0.11682296690823467
-0.44295604316988246, -0.11669699497014686
-0.4429764115105359, -0.11660051887682682
-0.442734532835974, -0.11638798123864642
-0.43775362232532955, -0.13833368087325998
-0.4375705351178703, -0.13863044810251451
-0.4416384849589636, -0.11609420771621981
-0.44173678988097226, -0.11629786282707366
-0.44322010222439673, -0.11638752652311654
-0.44363176500707907, -0.11652566158517774
-0.443171490489911, -0.11613978974983771
-0.4431127620125745, -0.11612381668118367
-0.4430332782857208, -0.11592716405695648
-0.4379747879674935, -0.13869301883057075
-0.4378113644866, -0.1381870770445996
-0.44123456649015497, -0.11665256679687094
-0.4416953263398287, -0.11675957655610687
-0.44317619596681884, -0.1166674570759791
-0.443481883129721, -0.11635810630813903
-0.44307350082207875, -0.11606104384117662
-0.4380394207051168, -0.13828212074982382
-0.4378367693447352, -0.13830657636275623
-0.4382495875196977, -0.1384587320417259
-0.44160578513968396, -0.11628088562868827
-0.44168489125503474, -0.11672076380837602
-0.4418087678515921, -0.11680501199977847
-0.4412325804004086, -0.11679014195079246
-0.44299220264649625, -0.11611493751827633
-0.4398806396173767, -0.13797952379459952
-0.4396498843371792, -0.1380479792038786
-0.44121536854310617, -0.11620352775291831
-0.44167299830945056, -0.11641691469835355
-0.4421575934243783, -0.11643067897939466
-0.4419553428532588, -0.11652428948712529
-0.44327619198731383, -0.11618215454196447
-0.44322551007897765, -0.11612271428555229
-0.4414279886476274, -0.11621943518658684
-0.4414883846720587, -0.11628989217247346
-0.4430784524699117, -0.1164043610318376
-0.4431565125152013, -0.1164260082154589
-0.4431431863168736, -0.11642655576029394
-0.4433514215914871, -0.11620776421037236
-0.44296868187575855, -0.11647728716942235
-0.44140035379015646, -0.11625642653567768
-0.4381865235058885, -0.13813461996210916
-0.4414548191260167, -0.11607545888424192
-0.44141105932343877, -0.11628072052993368
-0.44153148921236574, -0.11675342394935409
-0.4413530767389879, -0.1165505905920663
-0.4412673280562536, -0.1169203510285461
-0.44138917169882025, -0.11675979211119522
-0.4417395241265134, -0.11653508660888395
-0.4397835817070373, -0.13802053854976282
-0.443122860562955, -0.11627396842150989
-0.4431403859391376, -0.1159951103161004
-0.44155589723130223, -0.11624957561039899
-0.44315645281929794, -0.1162969130021505
-0.44159618308018134, -0.116556781289282
-0.4414495178298795, -0.11635391057370975
-0.4413699006129376, -0.11633664903900291
-0.4414045932965236, -0.11649738724274088
-0.4413727388119709, -0.11640267198180036
-0.43797959256692237, -0.1384426864876797
-0.44143326269816496, -0.11660855152677319
-0.4429989780881708, -0.11645719874728738
-0.4417053730962572, -0.1166767880199856
-0.44167820379277717, -0.11637695396359957
-0.44158429320146614, -0.11659098976797118
-0.43803952043090494, -0.13814672383114976
-0.4394306211677362, -0.13812301044437622
-0.44154187143603196, -0.1161569262508172
-0.44124276345715, -0.11644184998313112
-0.4431778519616153, -0.11629398325830198
-0.44301640442371576, -0.11673222788434957
-0.4428362732941033, -0.11680678469618144
-0.4412001809151581, -0.11645839355861112
-0.44322019499474585, -0.11585157249811134
-0.43792120503025983, -0.13823378563403016
-0.443249546382955, -0.1162453018032805
-0.4433074961982873, -0.11599123574731267
-0.44312182607481804, -0.11632053745289779
-0.44142582803207586, -0.11669715708209906
-0.4427402510647065, -0.11638299965910784
-0.4413108041868199, -0.11670226700476265
-0.44271930980089436, -0.11649423613220232
-0.44287508452358004, -0.1162963951013066
-0.44312654792919726, -0.11606558340110444
-0.4429133207387508, -0.11623319660323173
-0.443128993496364, -0.11620796353097623
-0.44324513955254125, -0.1160928073426736
-0.4434780467705992, -0.1161108433579264
-0.44340982922618644, -0.11619504645282601
-0.4414361425542492, -0.11634897941916363
-0.4415373471520857, -0.11598005079361096
-0.43928753953322386, -0.13798225062886763
-0.4427991427439249, -0.1161818572472319
-0.4430489747238811, -0.11649290924406733
-0.4429064698771064, -0.11661730268840724
-0.441521966978249, -0.11684620268103303
-0.4413880213748545, -0.11687536963238877
-0.4416908442746162, -0.11624206886366019
-0.4416027770469972, -0.1162172107624696
-0.441588520568739, -0.116081430401961
-0.4434257049855645, -0.11590177476866573
-0.4417827770691487, -0.11607892798140589
-0.44319289640273785, -0.11663989923730249
-0.44271055046701857, -0.11645976121761879
-0.4430706879188215, -0.11620869325561255
-0.44294862477786323, -0.11644932999361658
-0.44265862110455106, -0.11640072594609538
-0.4415108520527534, -0.11634513873166791
-0.4397590599049054, -0.1380553589808995
-0.4431045495616309, -0.11625326801882085
-0.44334192342398693, -0.11624712892228949
-0.4418111120815599, -0.11638901594791881
-0.44171815263023795, -0.11658085719551449
-0.441758772963541, -0.11662272799452125
-0.4415786414751942, -0.11642236922143795
-0.44157804900021796, -0.11656667052856033
-0.4414561796285982, -0.11625021237998658
-0.4428739230180602, -0.1161888457591258
-0.4416055336944871, -0.11668519737737304
-0.44131272135491745, -0.11665898205406289
-0.4418278474654819, -0.1165518127158776
-0.44166138278701483, -0.11636493647693366
-0.44299394211923043, -0.1160184586314369
-0.4397321914800096, -0.13809679224949103
-0.4381958876252694, -0.13821637723987637
-0.44144890917910773, -0.11649117944948878
-0.4431848863361713, -0.11625252623928929
-0.44155516093254144, -0.11664230977210253
-0.44169700287453306, -0.11659209747938482
-0.4382044862077066, -0.13846337099191924
-0.4381811394319546, -0.13846259700310984
-0.441730159137778, -0.1161799810421888
-0.4382826098086898, -0.13855310685253663
-0.44185889449375454, -0.11643143799313915
-0.4417179615374095, -0.11663634514630597
-0.4433457285749728, -0.1161862305493144
-0.4430185688116341, -0.11636829486577835
-0.44313825183012745, -0.11618009457656336
-0.44284898482922586, -0.11615252677215156
-0.43779874752024994, -0.13828619237062303
-0.44262451205925457, -0.11594943171903996
-0.44308676680694364, -0.11630859982104351
-0.4415894817566051, -0.11664855461564565
-0.4430998319331031, -0.11629139080202447
-0.4430625792313806, -0.11649404920016547
-0.44322984656658626, -0.11619361961057349
-0.44165198268524575, -0.11615370839949443
-0.44318418802005, -0.11590694853536022
-0.4411847092831359, -0.11632106777968754
-0.4413401222891613, -0.11607887115728228
-0.44156769779836674, -0.1163466985559206
-0.4429450843842904, -0.1164127261737651
-0.4431442967746388, -0.11663926777947865
-0.44114672412557865, -0.11677907347939911
-0.4430796068363062, -0.11601980059583922
-0.4396011061593959, -0.13820493949894355
-0.43815225852175427, -0.1380013776767141
-0.43983394198063286, -0.13808328869292583
-0.44159254236059603, -0.1164903815776862
-0.44323867084572943, -0.1162911853376909
-0.44318801938522556, -0.11643164740514396
-0.4428135750261721, -0.11649314177934655
-0.4431493420149462, -0.11617310306978924
-0.4429293883455924, -0.11615560697330768
-0.43779179147999125, -0.1382272388702484
-0.4379160194670053, -0.13849798783539305
-0.44174691596918486, -0.11656591464664844
-0.4416191998602081, -0.11654123480333362
-0.44313714571119156, -0.11650504532673005
-0.4416440576457937, -0.11666414921298682
-0.44320897065823694, -0.11612673748277352
-0.4395332766184366, -0.1379285958062536
-0.4379825261528488, -0.13823810117915372
-0.44284699586163645, -0.11603279717484999
-0.4414947027508594, -0.11657924404193422
-0.4414769360813277, -0.11681516627303486
-0.4415857949663991, -0.11673632097889464
-0.44176180153337286, -0.11669892249245317
-0.4431872115813544, -0.11603078048975254
-0.43811322093993493, -0.1381134085773517
-0.43984484397497603, -0.1381216149205946
-0.4397661690215458, -0.13789400315880398
-0.4430374023131237, -0.11615244617636596
-0.4414796187759613, -0.1166205269216569
-0.4431925692128175, -0.11654991184591862
-0.4415777088830524, -0.1166934621526314
-0.44157903998430365, -0.11644284653808558
-0.44120006831872277, -0.11628728482849225
-0.441331738030259, -0.11606552684156532
-0.4378609057725227, -0.13827199928533773
-0.44163331335249684, -0.11642216363153797
-0.44193806282758935, -0.11652089523008637
-0.44159401534027715, -0.1167485215763573
-0.44151825220222946, -0.11678529332245671
-0.4432670490494022, -0.1163267773368414
-0.44279257923028553, -0.116131509286271
-0.4396474273534314, -0.13800328573927612
-0.43969917642106177, -0.13799507356840907
-0.44151133452570407, -0.11650164368225197
-0.4414215088487602, -0.1167488523704767
-0.4415104353046745, -0.11663081293246189
-0.4418830904084021, -0.11642823108725034
-0.44176104397352345, -0.11625237759899856
-0.4432124837843782, -0.11592388014527247
-0.44133111803407793, -0.11599802291365044
-0.44118282354620764, -0.11624666321057446
-0.4429988812251615, -0.11622512400972089
-0.44317151351356865, -0.1165479828460287
-0.4415880491261557, -0.11693646039867357
-0.4416022686588477, -0.11670473591972805
-0.443091409844435, -0.11639380611159295
-0.442927645684901, -0.11595692716815795
-0.4397446727013641, -0.13794341228003412
-0.4411389893069764, -0.11626612596802813
-0.44147194736998496, -0.11653287081728504
-0.4415381896293137, -0.11665653033918011
-0.4415837790042152, -0.11681672902360286
-0.441601835335737, -0.11682963481421536
-0.44161735720321443, -0.11656944221732164
-0.4378595362398111, -0.13859642085682097
-0.4395345698065478, -0.13809035659385027
-0.43975240802078075, -0.13822932126979257
-0.4410964558281253, -0.11628322000729374
-0.4414599614571221, -0.11656248179393086
-0.44167556385161305, -0.11683551187029227
-0.44141204905317255, -0.11700285755755975
-0.4430375339836166, -0.116299507425438
-0.43798828863433614, -0.1382522390344494
-0.43986051049776254, -0.1378818381610327
-0.4394710154901375, -0.13809615527146818
-0.44158285107310713, -0.11623446174829591
-0.44334933256198455, -0.1165224228110883
-0.4417307407001889, -0.11703211538410725
-0.44328206047654944, -0.1168856405784004
-0.44168048298626394, -0.11656692268607836
-0.4380072932494094, -0.13837568701077835
-0.4378421664091971, -0.13815336470933906
-0.43975275005371456, -0.1380186822364677
-0.441446011961715, -0.11613974471594223
-0.44155418284024195, -0.1167019953688028
-0.4416027385999863, -0.11673138256225245
-0.44176209971480423, -0.11681922723829159
-0.4414622443470859, -0.11673874738526352
-0.4414576411873601, -0.11644664303849052
-0.43813591008365693, -0.13855107881364936
-0.4378621316948742, -0.13829935826594547
-0.4431508560423667, -0.11595562894280813
-0.4431034250040453, -0.11621329450571308
-0.44320433524203207, -0.11635221421447325
-0.44195892491193933, -0.11663879437548666
-0.4419854079295294, -0.11663152632921933
-0.4429145816243318, -0.11642159256574326
-0.4414301418491949, -0.11636336292102546
-0.4414747206356303, -0.11634254818266014
-0.4414878517429998, -0.11645788778747163
-0.44158197964952006, -0.11652894463967571
-0.44154890961726523, -0.11671019025984863
-0.4431883136264855, -0.1161972145138049
-0.4430070522902491, -0.11634765230848243
-0.43790344348748017, -0.1382756989577637
-0.441373900798619, -0.11650401348685437
-0.43772535313285194, -0.1383982496554994
-0.4413288212576372, -0.11629330279634527
-0.4415989016563134, -0.11645528094276489
-0.4416976115316472, -0.116733861600577
-0.44181744167935033, -0.11661063021332613
-0.44183862738978896, -0.11632141712600323
-0.4417273743884739, -0.11605653611158846
-0.4418497485102562, -0.11635549338261386
-0.44325774151872277, -0.116098183593615
-0.4412974846721865, -0.1164446384417036
-0.44311708042976705, -0.11639428169759025
-0.4431210231109526, -0.11629820982446369
-0.4411645839528478, -0.11665055491260592
-0.44287257878451064, -0.11609195339087587
-0.4413952663238511, -0.11650530486945274
-0.4397612517781077, -0.13822412498366082
-0.44325025990396794, -0.11631713950974733
-0.4418299330577013, -0.11649489875763763
-0.44201491928297426, -0.11669792242696948
-0.4418110325483653, -0.1166105104767923
-0.44137471564842745, -0.11647493313232465
-0.443341161741592, -0.11617591240889479
-0.4413820061365976, -0.11646450640685592
-0.4432513025168264, -0.11639232609629534
-0.441558795586443, -0.11662949840741944
-0.4414510857614162, -0.11680387785455439
-0.44150533548029885, -0.11686320872212011
-0.4416440542371478, -0.11688353704403659
-0.4416754795292969, -0.11625092151017173
-0.44331111290436553, -0.11618523641193503
-0.4430007125433001, -0.11605363897820979
-0.4381751803494195, -0.13820113153239746
-0.4414797437174624, -0.11637335320219898
-0.44144955044488976, -0.11644915221225205
-0.4431071739900547, -0.1163325138325665
-0.4414088523097813, -0.11693344289769358
-0.4412639667940113, -0.11638761737270312
-0.4428765508702797, -0.1161691358910032
-0.4377620012511361, -0.13826143151403186
-0.4415221446169505, -0.11630074689064097
-0.4418645082967692, -0.11639285715544039
-0.4415304700050971, -0.11648304466425399
-0.44181322793689626, -0.11648068313784325
-0.44160745889575115, -0.11665067629507353
-0.4414536988927651, -0.11635567854151158
-0.4413813922480952, -0.1163125566615383
-0.44129261641642586, -0.11630430328235829
-0.4412439335381767, -0.1163141127648532
-0.4414037508929888, -0.11659808706308362
-0.44143626217641996, -0.11672891318647122
-0.44158436455047206, -0.1167656843206511
-0.44322820028361304, -0.116322844243249
-0.4430325980547261, -0.11615642895655272
-0.4415454109155844, -0.11640167260171001
-0.43796355827292005, -0.1383021740617302
-0.4381009431238614, -0.13825621106573385
-0.44318269352443224, -0.11631701761755253
-0.44125475655373336, -0.11668844491459589
-0.4417562349793483, -0.11670903168961491
-0.44186205882320917, -0.11711674332652106
-0.44183103492312414, -0.11663353100565273
-0.4415123996581616, -0.11652377795482591
-0.4380797663950906, -0.13815947237161144
-0.44138765783746226, -0.11619516000469779
-0.44155072179486166, -0.1161417982183906
-0.44303628241500415, -0.11615943192026722
-0.4414513488126233, -0.11647277704956893
-0.4416867447466373, -0.11663783192593047
-0.4417061573586232, -0.1165385449769667
-0.44172497787010045, -0.11619129542465337
-0.43982399998377764, -0.13814984876322461
-0.4431889545745587, -0.11609552090047971
-0.44309335965344976, -0.11601660336988845
-0.44317731679450706, -0.11606016944223654
-0.44320512873616075, -0.11615580099404287
-0.44181302154726204, -0.1165419008746883
-0.4418713346543719, -0.11647166663695986
-0.44190204232336616, -0.1165359540985032
-0.4419350907184606, -0.1165726201518332
-0.44169143448720083, -0.11638220565712211
-0.4418041976245774, -0.11645749806770969
-0.44188449565509946, -0.11662266845413455
-0.44157865376232225, -0.11663411960564506
-0.44324759483135007, -0.11657591203521228
-0.44175184936438733, -0.11660810913233136
-0.4415907899091423, -0.1164060467869936
-0.44341098643520854, -0.11593832799384132
-0.4417265107230001, -0.11632200226712176
-0.4417805510246549, -0.11636657052496312
-0.4416955447532619, -0.11634130597846294
-0.4418080663469442, -0.11646999704465939
-0.4417389044668445, -0.11625888659741292
-0.4415492029377269, -0.11666206838752735
-0.4430592411246717, -0.11640235751392877
-0.44301428712379864, -0.11629689790325815
-0.44285408122929365, -0.11645966136003877
-0.44122810807729107, -0.11642412075255779
-0.44171918476747635, -0.11629689788064855
-0.4419810924136156, -0.11645182661355642
-0.44154412546339245, -0.11616077560267861
-0.4416528791934866, -0.11648739789669102
-0.4431032836627772, -0.11623833846471308
-0.441812779335284, -0.11660985163585494
-0.44156183917506736, -0.11656540380842366
-0.4428382796564838, -0.11642390802818509
-0.4429146901257231, -0.11623289054631278
-0.44298019054777427, -0.11618142194870486
-0.443169659247539, -0.11614924537088003
-0.44298115570759616, -0.11632973947079356
-0.4414288938137395, -0.11633044646320127
-0.4432019596714502, -0.11648992143906299
-0.4397135138941566, -0.13801877923667769
-0.4417643351206243, -0.11657497083368065
-0.4415259289115337, -0.11658792676434238
-0.44149701954328713, -0.11662865179858778
-0.44169634845175887, -0.1164147091138286
-0.44145467648320147, -0.11639177147930128
-0.4428905294743652, -0.11613450948209011
-0.4429150453442201, -0.11629520984111362
-0.44302058860791177, -0.1163064342934722
-0.4429204520222777, -0.11629439594508094
-0.4428128789795834, -0.11647956711503687
-0.4415277429295777, -0.11664388781667144
-0.4416134627813156, -0.11631770441519951
-0.4415893526651714, -0.1163549744148431
-0.4433348118195175, -0.11615554398504216
-0.4416587475994298, -0.11646783717070795
-0.4415225523153579, -0.11640285978472951
-0.44296074386632694, -0.11633850910550059
-0.4431583819146089, -0.1164336793572626
-0.44318233396815454, -0.11624943738695957
-0.44157418529688053, -0.11642912124548359
-0.44321700637415895, -0.11663055646756744
-0.44300853045463223, -0.11647111991649026
-0.44305695732242384, -0.11629981469355817
-0.4416235709981882, -0.11647709966945967
-0.4429484656948768, -0.11615950213825064
-0.44312086353405256, -0.11634125497494904
-0.44167188659684686, -0.11640881475766453
-0.4430103734600471, -0.1163324968159638
-0.4415593533108042, -0.11672437665560642
-0.4434360930003794, -0.1162835083713825
-0.44292282604896716, -0.11624350516446388
-0.44162465152713165, -0.11647158122036634
-0.4414780748276386, -0.11628229330237899
-0.441374054003319, -0.11656385533189671
-0.44293211115925546, -0.11636788641123358
-0.4430778617574082, -0.11614595166058046
-0.44311019404732654, -0.1163381490160035
-0.44308898466715835, -0.11644039155196344
-0.4429619566103079, -0.11619318094780107
-0.4428877353212672, -0.1162975791102597
-0.4415999025711188, -0.1160881512121813
-0.44139457109059055, -0.11629405395350562
-0.4416054961816006, -0.11636621375735554
-0.4416301476036187, -0.11660190106291012
-0.44179073254998147, -0.11676012081947089
-0.44329172061842864, -0.11647101595338069
-0.4431892201516996, -0.11631786622159161
-0.4428838346083392, -0.11610259310539578
-0.4413193500124616, -0.11626044417871183
-0.4412374033579045, -0.11621112988607885
-0.44311730851502257, -0.11608251653805746
-0.44306040788125367, -0.1161784215341058
-0.4416616003582541, -0.11644302741206906
-0.441829557348548, -0.11661979144997739
-0.44161969533973827, -0.11653124828112965
-0.4415334451393861, -0.11630585854236065
-0.44143049965109515, -0.11635439045100997
-0.44296572978288756, -0.11619590430546106
-0.4432024074019418, -0.1162009738061272
-0.44292161362203214, -0.11611937072388022
-0.4430514995865367, -0.11644704094440628
-0.44191319785585503, -0.116725060257243
-0.4431941982636255, -0.11643856522206333
-0.4414666798814307, -0.1165439260162681
-0.4430425707537309, -0.116270987159978
-0.4414393821302319, -0.11618611397956238
-0.441533764873557, -0.11637477315302774
-0.44171805204847875, -0.11639792192961425
-0.4432041969120245, -0.11618610898481176
-0.4433544487305418, -0.11626519679083394
-0.44326253224626805, -0.11654178972903474
-0.44311492466098856, -0.11625209455562932
-0.4413268745349968, -0.11644859877170523
-0.44107550640602683, -0.11618017120796253
-0.4397291867875998, -0.13821178295784553
-0.4413958590037471, -0.11614958354279334
-0.44171244014462535, -0.11647055499463858
-0.4416401522485575, -0.11666590130019498
-0.44348111439968896, -0.11627649588113931
-0.44179198329653224, -0.11654944202942713
-0.44315087309015966, -0.11616382185002685
-0.4431348032406618, -0.11637764610467012
-0.44144561113644937, -0.11622511269713995
-0.4414974181798397, -0.11594868493729737
-0.44136532333155076, -0.11625738652047062
-0.4414933743874861, -0.11651913735318008
-0.44158906608726295, -0.11658279898277522
-0.4432499824373231, -0.1163385048532948
-0.44303775019632013, -0.11626503849052998
-0.44160602502611146, -0.1162424916244497
-0.44140755239984636, -0.11619367348739199
-0.43802831475203047, -0.1383397604186015
-0.44145200754821534, -0.11629819235743348
-0.44317841305403954, -0.11643584779974979
-0.44330636554276787, -0.11646809948292018
-0.44166629693324627, -0.11659251869615356
-0.4430451714872298, -0.11627874863943778
-0.4414936052270435, -0.11634452684277985
-0.4415666855141168, -0.11630312240753816
-0.4417282014268097, -0.11638248843402267
-0.4415856823509909, -0.11645562576737176
-0.4417124043355162, -0.11648519537055627
-0.4418251762510032, -0.1162975715912146
-0.44138079794927093, -0.11637837919611704
-0.44171395774471245, -0.11639500637725252
-0.4430056179951798, -0.11606495723947981
-0.43994147995979455, -0.13807566999799256
-0.44140178498317123, -0.11638641226394528
-0.44303036124864886, -0.11622608971532931
-0.44301534540773313, -0.11633351993843653
-0.4414182184420732, -0.1167416354044221
-0.4431874134407206, -0.11638658415041002
-0.4416177665072966, -0.11626203704288855
-0.4416093739131407, -0.11630618356252934
-0.4380715136628088, -0.13827856857563378
-0.4415640269825935, -0.11623849687578533
-0.4418095351711571, -0.11647289157121601
-0.4414642880490324, -0.11635077394503991
-0.4413465482277886, -0.1164247958072714
-0.44312547476104547, -0.11624252796975125
-0.443216934425769, -0.11617163617293542
-0.44321541900734146, -0.1159242462904268
-0.44190204955212725, -0.11620184815458322
-0.4414356238460787, -0.11622206123477183
-0.4415158285142515, -0.11619095837606083
-0.4417572572164348, -0.11689412594167038
-0.4414960442111948, -0.11658136656103779
-0.4433009142054446, -0.11622598858178275
-0.4415059402756421, -0.11636800756995726
-0.44293461212352314, -0.11611375502336874
-0.4431476913422874, -0.11592855140523374
-0.44145776000249004, -0.1163450498852728
-0.44364499833086707, -0.11634211934225876
-0.44161106770854225, -0.11651683586901371
-0.44337717072942845, -0.11623237061148975
-0.44215766704347725, -0.11660819638304722
-0.44145672831679045, -0.11654421019139963
-0.44308655893353294, -0.11623573371254758
-0.44127513484621483, -0.11631075179451068
-0.4430870618154834, -0.11599088003021629
-0.4415888112543625, -0.11600040098454123
-0.44319830688970097, -0.11625365193145415
-0.4417914606873709, -0.11665731998447255
-0.4417615685692076, -0.11669591187616327
-0.4414854639775064, -0.1166002367432425
-0.4378998037698321, -0.13820850282814118
-0.437882093662416, -0.13829152163102806
-0.44317271458432805, -0.11607485265525566
-0.4414895866163244, -0.11635840480864684
-0.44301122891647154, -0.1162731687535357
-0.44323629176953017, -0.11655845524578014
-0.4431235555640776, -0.11661030996788578
-0.4432247105656252, -0.1162650951173395
-0.4414711532285191, -0.11618903050468726
-0.44159767372833736, -0.11611291994450272
-0.4378530651346515, -0.13833561679919293
-0.441435931968492, -0.11631992508297462
-0.441376220770323, -0.11673780667538551
-0.441565335867892, -0.11672816459864117
-0.442898408567095, -0.11650623994849509
-0.4416331748358875, -0.11681154612038055
-0.4429048785766675, -0.11639100622761361
-0.44317066331785715, -0.1159870600032953
-0.44330936443990077, -0.11614462657753029
-0.4415501085542198, -0.11652390389457702
-0.4415417765746275, -0.11648644075566342
-0.4432050667819347, -0.11642073866882534
-0.4432658258168802, -0.1165205019582646
-0.44165834225109146, -0.11660639477472524
-0.4415938996179109, -0.11653097025629088
-0.4414913779662884, -0.11645016707107723
-0.44166709586505165, -0.116344927381041
-0.4413180862879399, -0.11617389985176624
-0.44307603449260197, -0.1160608831968576
-0.44155425201710496, -0.11659109888403234
-0.44313528799529145, -0.11644824564591735
-0.44182638054549667, -0.11666510606560726
-0.44157245725124433, -0.11639944252177174
-0.4414102491054946, -0.11618962870893508
-0.44287396558068665, -0.11600293445060895
-0.44148282156708246, -0.11655680505496248
-0.44313458316931426, -0.11647136774016964
-0.44164622101417544, -0.11661746057399097
-0.4414482167795497, -0.11691138182986578
-0.4431300010013786, -0.11650421584346275
-0.4431374437184517, -0.11627765101014897
-0.4430677520895316, -0.11620561982745772
-0.4410447030815773, -0.11635556610727045
-0.4432148150765689, -0.11605952480243607
-0.4417405063299652, -0.11634281956027172
-0.44313764914420184, -0.11655230911611647
-0.44168948650400636, -0.11669903972802664
-0.441552926238286, -0.11643304756735788
-0.44181601522194963, -0.11629379807172043
-0.4416759861113889, -0.11637293165062236
-0.44146246130245587, -0.11633612710576902
-0.4417828907803997, -0.11616886688040359
-0.44177638948360715, -0.11627427215543926
-0.4431023656337862, -0.11618952917457713
-0.44318235160151354, -0.11622077828282816
-0.44309475167130835, -0.11634831069723675
-0.44169136650928503, -0.11644117709388299
-0.44158539491140075, -0.1163686435194427
-0.4414826235276824, -0.11645536204214949
-0.4431687329370193, -0.11614365626374121
-0.44151964544825056, -0.11664404233260216
-0.4414767542124379, -0.11656025687885721
-0.4415489798908196, -0.11653935439180037
-0.44300121534805537, -0.11612192267941258
-0.4415043271986637, -0.11634213085156286
-0.4414394909315191, -0.11626086492124893
-0.43805791532888183, -0.13821832012673033
-0.44126495086187173, -0.11646318085381295
-0.44130139107243005, -0.1166204816905402
-0.44135120850837295, -0.11655941834722466
-0.44321305345627837, -0.11626929731980863
-0.44283669619772303, -0.11623723686907485
-0.4429512887640332, -0.11618930951070662
-0.44320909675512754, -0.11601963964004343
-0.4429425751503456, -0.11595296527227153
-0.44002118706124704, -0.1380611050649431
-0.4415002216153826, -0.1164259429076862
-0.44328594813086253, -0.11613776904371442
-0.441360469608994, -0.11650414322959016
-0.44294294070689144, -0.11626544394902928
-0.4432748424592634, -0.11608197382211763
-0.4430680639354052, -0.11593277072845823
-0.4426031793554676, -0.11599031708785573
-0.44168311072637184, -0.11627135636390613
-0.4415624998149559, -0.11645672377602051
-0.441200474654939, -0.11648526336808981
-0.4416641208552943, -0.11640003534564923
-0.44314755041336523, -0.11600241503992716
-0.44159770965398976, -0.11637304460178235
-0.44008008183239267, -0.137903481334904
-0.4416702035243113, -0.11641169043361764
-0.4416614663401318, -0.11650399230795576
-0.44147457919276006, -0.11647220343430442
-0.441600496625811, -0.11649437826669234
-0.44304397641790594, -0.11647423910730725
-0.44155410501998843, -0.11640284930254405
-0.44289867900913865, -0.11602211847724439
-0.4432033270730912, -0.1160795743094998
-0.44290043299598575, -0.11619681062401958
-0.4414112768539093, -0.11616122936114473
-0.4419115323152185, -0.11635041928389854
-0.4417778601355149, -0.11639348363351043
-0.4416104195268372, -0.11666153457424062
-0.4416414844772075, -0.11648395724151056
-0.4416081786496237, -0.11657499968633822
-0.4415583691902072, -0.1163341624115474
-0.4415701517058464, -0.1160487535546612
-0.44142729894233007, -0.11639984869282555
-0.4380265303293509, -0.13811797603887518
-0.44295608392875313, -0.11618456141187684
-0.44112662511333633, -0.11649754076244805
-0.44143698004870063, -0.11667227381859317
-0.44134906072777985, -0.1162564335767526
-0.44138350369210455, -0.11631438120965777
-0.4415465616704508, -0.11617211717222241
-0.4428790929769915, -0.11598287514606843
-0.4412471999577491, -0.11644427374156954
-0.44151535871554715, -0.11644629261051391
-0.4428482751217567, -0.11623865325823578
-0.4417951747789615, -0.11641623452901198
-0.4411685338943378, -0.11633033836207009
-0.44290997154685197, -0.1163312099649066
-0.4431447137766524, -0.11614232023141755
-0.4415525321512003, -0.11638681645603546
-0.44309215981208533, -0.1159217070558963
-0.44294824602544147, -0.11615547897222488
-0.44284687661955674, -0.11606683691424233
-0.4416461074735121, -0.11645406771022081
-0.44299896374217795, -0.11635603507323186
-0.44306967032824557, -0.11633692883457784
-0.44113962475998136, -0.11631752704569298
-0.4431365366924396, -0.11595638672830656
-0.44306100338487275, -0.11635583178142829
-0.4380510132415306, -0.13825101670984943
-0.4379046723885191, -0.13811821523753967
-0.44314281722167864, -0.11635978971794239
-0.4414865131284201, -0.11660332992698048
-0.44300202587330123, -0.11620989320371518
-0.4413489633658707, -0.11621522763726887
-0.4413688620083393, -0.11640260251180003
-0.4431232958535365, -0.11600664590423225
-0.4397580697382076, -0.1382788435207695
-0.44283298457472176, -0.11589520872047318
-0.44160616017645404, -0.11638181777235393
-0.44308895813908206, -0.11605549450497328
-0.44167218819904736, -0.11637691687610266
-0.44327573807671306, -0.11638067747937593
-0.44118342088002915, -0.11659021494046143
-0.44166637938260517, -0.11615729018269552
-0.4411929066551619, -0.11643413654471468
-0.44292453161269413, -0.11587528161108844
-0.4413510629794606, -0.11624047186949066
-0.4431792281157983, -0.1163578703755088
-0.4416285844584184, -0.11643925167602726
-0.44144820920260275, -0.11631942575255647
-0.4417334809569378, -0.1165159311847278
-0.441449628513677, -0.1166227639464859
-0.4429276679663093, -0.11602763419030263
-0.4378322533642629, -0.1385564703687744
-0.4429719734039684, -0.11645559112839386
-0.4429738570204577, -0.11632647627409967
-0.44327940370813557, -0.11626323713457823
-0.4414947810268122, -0.11673640997370568
-0.441659607763818, -0.1165572058470732
-0.4419620549032825, -0.11657467103221938
-0.44170253693278133, -0.11631421708532141
-0.438074066381065, -0.13844077520234008
-0.4379479933312556, -0.13832165167667734
-0.44330318090522547, -0.11586046431044707
-0.44171184959367876, -0.11641987190569524
-0.44317438755794397, -0.11640526335210663
-0.4431475992732782, -0.11633625873241957
-0.44151915440838596, -0.1167965220437488
-0.441484579481247, -0.11650746451572729
-0.4414697667888566, -0.11650757449233824
-0.4431751855614512, -0.11616318464211779
-0.4415389834566376, -0.11623111645994667
-0.4417097865577018, -0.11637243445530374
-0.44317337510260724, -0.11600089484281854
-0.44332503465888384, -0.11611019806155319
-0.4433787395254784, -0.11649186131124661
-0.4417106000766957, -0.11676986204230462
-0.44150633130741607, -0.11659445668776604
-0.44124224769938747, -0.11644139192893525
-0.4415440151404521, -0.11657458922141604
-0.4431402361048867, -0.11630415528596347
-0.4413296057302316, -0.11658262481732336
-0.44149066649010743, -0.11683714413300754
-0.441450955998914, -0.11679999150061018
-0.4415500687968595, -0.11674456595791163
-0.44298221788477593, -0.11635110043796007
-0.44301005676515515, -0.11612550665098377
-0.4414939267907726, -0.11634733221305864
-0.4428027678783138, -0.11616992193516351
-0.4414335887083194, -0.1165187317473218
-0.44159581996128494, -0.11664820943150686
-0.4418061505438838, -0.11672358841071101
-0.4417114930007049, -0.11671993295740779
-0.4417955652612047, -0.11674022604683523
-0.44294924472585995, -0.11620510449215263
-0.4430859580767406, -0.1164412776549756
-0.44171285535978655, -0.11641428782311147
-0.4414817040747781, -0.11633932739703837
-0.44343933557003745, -0.11618608054949969
-0.4433122719880194, -0.11647807598941347
-0.4430284601531207, -0.11619421604363446
-0.4430379399217413, -0.11647968080076149
-0.4414176439678508, -0.11676042525028305
-0.4428336306368173, -0.11669008212012412
-0.4415910520896837, -0.11661578165886714
-0.44164113887474615, -0.11656301378194668
-0.4415809417229803, -0.11668979936767922
-0.4415004101132341, -0.11662762152790328
-0.4432169644200345, -0.1163151264783939
-0.44146661789612623, -0.11641178218703808
-0.44318941367871056, -0.11639477211252745
-0.44332925147975644, -0.11624042505365549
-0.4416995133910836, -0.11657059299389316
-0.4414696037236754, -0.11653430169584747
-0.44173892997549524, -0.11658764924155392
-0.44322333473713077, -0.11653753936254267
-0.4415066420444446, -0.11651078346859287
-0.44307665445635297, -0.11634878243013423
-0.44317456890114965, -0.11623408267441261
-0.4429646109203529, -0.11638673801468853
-0.4415876271444296, -0.11647769677978917
-0.44350769717363, -0.11611897579022158
-0.4429227895187273, -0.11616747842052902
-0.44313338811876896, -0.11641312082351345
-0.44166353109910145, -0.11642435136961529
-0.44173690202001015, -0.11644075462147589
-0.4415127402735134, -0.1164102793626054
-0.4414638062085261, -0.11660132377942256
-0.44166196944905695, -0.11642320510715112
-0.4432136837037284, -0.11639953236094124
-0.4432206662349092, -0.11631249262622197
-0.4415796986177879, -0.11644714898007372
-0.4432735617074625, -0.11620062834922244
-0.4430484325915473, -0.11600498440911829
-0.4378595951923901, -0.13830436437832505
-0.4429070198280592, -0.11609816085647842
-0.44301688437685915, -0.11645823598280976
-0.44293818397488555, -0.11658171222122493
-0.441568540763014, -0.11658781128552521
-0.44314822525157804, -0.11620661428240275
-0.4432232119505817, -0.11636602507939653
-0.44140745626638306, -0.11649236325291201
-0.4412328364279437, -0.11623600896542063
-0.44142596963630865, -0.11645217737774008
-0.44198956557251584, -0.11636320248422431
-0.44181769075371974, -0.11681095697674222
-0.4418451365080709, -0.1168450516580504
-0.44146660169348156, -0.11661043034856208
-0.4415739369908757, -0.11624156973456279
-0.4396469981143356, -0.13810451664146195
-0.44165214899124705, -0.11624486020196877
-0.441901228075215, -0.11630057203984091
-0.44153880797085826, -0.11659701602250643
-0.4416742384325908, -0.1165624964145274
-0.4415270203114373, -0.11684148282336158
-0.4416156234440222, -0.11683381037751096
-0.4416615044133559, -0.11620961560149388
-0.4431091109301108, -0.11594094985403583
-0.4428486257839781, -0.11612978471120754
-0.43798284652412756, -0.13824937536567858
-0.4417359861324288, -0.11631912895143258
-0.44315079443498995, -0.11655101645085701
-0.44336045239933414, -0.11645094124213322
-0.44319604270955215, -0.11654291317645278
-0.44146270864644355, -0.11636403891999302
-0.4377620229218891, -0.1381901230522025
-0.4415950431550836, -0.1159809594941612
-0.44145675433914844, -0.11625287737902243
-0.4416154038319858, -0.11625543301189184
-0.44187024260831176, -0.11658191467262839
-0.44192717836200296, -0.11666395197773521
-0.4429544056859771, -0.11615370881357223
-0.44315598564023706, -0.1162060387569421
-0.4397102256707925, -0.1380382287950899
-0.439554319975589, -0.1383983148775472
-0.4378286036628353, -0.13824552592668263
-0.4412431459808145, -0.11628069802100577
-0.44297584847426597, -0.11636871395470438
-0.4433044513781639, -0.11643266315091044
-0.4419266326286225, -0.116557767264316
-0.44169490882281287, -0.11661901258989417
-0.44132640344518903, -0.11639752113734013
-0.44127557118755023, -0.11606401492575635
-0.4415476948801537, -0.11618473136084219
-0.44331550408009857, -0.11593125481241606
-0.4416263479537969, -0.1165125917208749
-0.44179232996977075, -0.11656240111474409
-0.4416138707981372, -0.11678243636119448
-0.4415331340719793, -0.1164350742988067
-0.44150846486337675, -0.11646067409830256
-0.43776723094118647, -0.1385993588181206
-0.44121797131172547, -0.1160435216003557
-0.4409519686718062, -0.11656311698624176
-0.44142574773549664, -0.11645662490131277
-0.44169340472702134, -0.11678378896529416
-0.44160779556231694, -0.11666176718080769
-0.44312829329794395, -0.1163608981487006
-0.44138866126283754, -0.11622944639050892
-0.43775334266861354, -0.13829422098009583
-0.4394803399029809, -0.13809882159717585
-0.4427800023128355, -0.11618152687614784
-0.44293786657646594, -0.11640310006753048
-0.44292484724946984, -0.11653143842898715
-0.44165063950280214, -0.11668067673273455
-0.4414822223501978, -0.11676843662175822
-0.4431296028024634, -0.11631274783436621
-0.44301866885016655, -0.1160895971797452
-0.4413656070039027, -0.11622648454498816
-0.4379177224550137, -0.13822744799162429
-0.44278642577145944, -0.1161388052110602
-0.44284720405088007, -0.11631716830893253
-0.44271521858973795, -0.11632412708200805
-0.4426829633997888, -0.1163590697115283
-0.4414239224759669, -0.11647737841116008
-0.44141395526965926, -0.11654867118908833
-0.4414439752676078, -0.11623325862698271
-0.44144296977321645, -0.11630271155396794
-0.4413466769216544, -0.11631438739479626
-0.44144372392397224, -0.11672368910455748
-0.4415821602699997, -0.11663370573188984
-0.4433369214679417, -0.11630434103148657
-0.4433260785041859, -0.11616029500072192
-0.44306782509726567, -0.11594871334812853
-0.44152895976900564, -0.11644256260398404
-0.4414748208333056, -0.11645102142074432
-0.4410867102486805, -0.11651874798422408
-0.44121204253429064, -0.11669032257047388
-0.4414754165699877, -0.1166007705719463
-0.4417128225309874, -0.11651947814288287
-0.4415396184471152, -0.1164805120007325
-0.44160832069516887, -0.11640588970187012
-0.4414995966675831, -0.11617726187706445
-0.44166800525186395, -0.11631070713917854
-0.4434176037947603, -0.1161412366590696
-0.4431183318288888, -0.11624171133610252
-0.4412717065839139, -0.11644421674933515
-0.44288801038591824, -0.11643064670741046
-0.44132207490187414, -0.11715031855848064
-0.4412955552881897, -0.11673804738516813
-0.4412919594121616, -0.11661444097688113
-0.4430904389417425, -0.11622026654475888
-0.44139717361533387, -0.11633469001296781
-0.44293021920949455, -0.11611324524301311
-0.44162503994645574, -0.11673267079556851
-0.44141585996622107, -0.1165708243469738
-0.443235071987727, -0.11598472942121904
-0.4416093884484686, -0.11640522289504134
-0.4415353234347133, -0.11636657054659919
-0.4412295646879263, -0.11667870830194262
-0.44148116671545923, -0.11648640208454134
-0.4415663469266409, -0.11682942848280962
-0.4430766277451635, -0.11638040464253019
-0.44312279487277983, -0.11638601216076448
-0.4412351338796184, -0.11647161760033474
-0.4416042304316209, -0.11630869016992196
-0.4380908814597124, -0.1381590761530387
-0.4429183263093175, -0.11637604412224871
-0.4414467219414041, -0.11662320952813186
-0.4431726411648163, -0.11614372974618485
-0.44299160958589073, -0.11635456790872009
-0.4415730951154585, -0.11644189384895669
-0.44141191534183954, -0.11620441735823618
-0.44289312869200215, -0.11637919668694299
-0.4414132401850144, -0.11646490553172817
-0.44155065371334773, -0.11657358106323028
-0.4429979100108935, -0.11626008915136439
-0.44337518404285536, -0.11632708300484912
-0.4416760438273837, -0.1163089031008294
-0.44309345622344914, -0.11593591658736833
-0.4413791534288631, -0.11631309342220354
-0.4415821085093539, -0.11660270029594588
-0.4416077650662044, -0.1164294948256208
-0.4413291117348825, -0.11641864760404445
-0.44158022110411344, -0.11657322717893012
-0.44136204605566526, -0.11660285231897664
-0.4428205328755565, -0.11612496147603131
-0.4431705844066637, -0.11660414048718808
-0.4430820399703098, -0.1161274978986227
-0.4415115141180347, -0.11632240008531508
-0.44135029798021436, -0.11653286019514594
-0.44149274362718993, -0.11637145760793356
-0.441371407707204, -0.11614706321314057
-0.44126578054820614, -0.11655651892613723
-0.4429579925988305, -0.11642322995448087
-0.4432561451113097, -0.11612502586038921
-0.44314873526440807, -0.11618326718862912
-0.4429751025057317, -0.11637487469143619
-0.4415764741235526, -0.11658503774457209
-0.4414994284085064, -0.11650244654918676
-0.4415546129092456, -0.11624086588761252
-0.4381038103194026, -0.13826171515919555
-0.44333539913938463, -0.11603792669249617
-0.44157737288482407, -0.11620518817025269
-0.4416812533877551, -0.11640087012112506
-0.44167709368041197, -0.1164454598637014
-0.44138428168124355, -0.11665302359707679
-0.44125867522516404, -0.11651726617265945
-0.44151122753038746, -0.11638473948258102
-0.4415459383130344, -0.11616617184123672
-0.4416157571851246, -0.11652996925034274
-0.4416814356675791, -0.11630833690328284
-0.4417344341448929, -0.11628097073529413
-0.4432745721142729, -0.11633833818712566
-0.4431765210541936, -0.11639618320211055
-0.44293599017838015, -0.11622384573036615
-0.4413172884744645, -0.11628773804337936
-0.4379169864009137, -0.1385302970658111
-0.4412716959171749, -0.11639421771567744
-0.4412008907971051, -0.11656339874824603
-0.4414883385958535, -0.11636205140428434
-0.4431375802672477, -0.11665033718504117
-0.44155284923678884, -0.11662937515228171
-0.44160287838328843, -0.11657184701943658
-0.4416803923720371, -0.11655835746956857
-0.4381116507143642, -0.1382921785312881
-0.4380155356216683, -0.13823124511982138
-0.4427783125852118, -0.11622318458788299
-0.4428878005932225, -0.11621260460952028
-0.44319559581068496, -0.11623204173967346
-0.4415988423226695, -0.1167697537438103
-0.4431885495855991, -0.1162130945122092
-0.4398225466675939, -0.1380596267594705
-0.4417982540864011, -0.11616646264561037
-0.4379489277965519, -0.13811078948738167
-0.441544919966052, -0.1161083995074276
-0.4431310624615732, -0.11615774741685558
-0.44179481439622587, -0.11667454609673858
-0.441884972628793, -0.1166193093410486
-0.44150192485669465, -0.1163349171336574
-0.4412590328692057, -0.11642307343176628
-0.4395368836222494, -0.13802666761784171
-0.4378894830876394, -0.13825025030111623
-0.44278166599841723, -0.11630253238409209
-0.44174528111439526, -0.11709630195516044
-0.4431151996196698, -0.11663731595982166
-0.44315493774926856, -0.11648117539963018
-0.44324881198518146, -0.11638034854443965
-0.44171126028112445, -0.11621743537505541
-0.4413903086120463, -0.11613618706828768
-0.4416896676195739, -0.11649098649709752
-0.441655782312763, -0.1162034183064927
-0.44161469867613845, -0.11653817931815136
-0.44152687536017005, -0.1167528897380461
-0.44140823751898595, -0.11671381829418705
-0.4413364215229101, -0.11660901087885164
-0.44148106329572007, -0.11650410712879747
-0.4414696274656916, -0.1164445832397632
-0.4416869982351955, -0.11639796963989772
-0.43797806637085096, -0.13827964086635136
-0.44314910820685727, -0.11603793942864976
-0.441676980360964, -0.11637639598579823
-0.44319202978288225, -0.11649681073194056
-0.4415107154992959, -0.1169127626202952
-0.44297792717171836, -0.11650175685038369
-0.4415720163639103, -0.11664426125069101
-0.4393282634463752, -0.13808686361871203
-0.43790784535237437, -0.1383149029549457
-0.44297980897242073, -0.1161523373277694
-0.4415395616665236, -0.11683748860988623
-0.4415031903372, -0.11687362104730126
-0.4415327080885561, -0.11659327952041783
-0.4428868842218409, -0.11660651148790545
-0.4414120623438485, -0.11660981764104299
-0.44137038669907724, -0.11636348569310873
-0.4378362534726291, -0.13836560927094718
-0.4411548770830818, -0.11634179507584251
-0.4412342709106368, -0.11646250398172744
-0.44272413624565027, -0.11640693547109456
-0.44293411971259233, -0.11643682843424318
-0.4414390721214292, -0.11689891517415332
-0.4430655021683159, -0.11654289393506442
-0.4412820270486712, -0.11636064235283936
-0.437954714197934, -0.13825487601058656
-0.43785462743780346, -0.13845375664492915
-0.4415793560896293, -0.11632014455416761
-0.44156804029042795, -0.11665486216874277
-0.44150382383282366, -0.1166947005985597
-0.442966224043453, -0.11651946094955459
-0.44284640645921247, -0.11620529361585254
-0.4429807603907056, -0.11610591612282434
-0.44302474442672907, -0.1162548035950727
-0.4427304929473504, -0.11654825990117326
-0.4428568179481014, -0.1162248765029774
-0.44295105753310526, -0.11622639767994018
-0.44135878662945444, -0.11646813233269597
-0.44159947175918673, -0.11646196784415101
-0.4417158104434844, -0.11637661418614773
-0.44173904622512045, -0.1166326796779311
-0.44142336888797673, -0.1164680871659614
-0.44145370192877026, -0.11643137331396042
-0.44148223455235397, -0.1163513608178868
-0.44278435970992114, -0.11647617092562325
-0.4414278204607343, -0.11655984881460808
-0.441500478166295, -0.11655887591635844
-0.44130608870673016, -0.11686057046674046
-0.441356144703909, -0.11665919738712469
-0.43790673417559667, -0.13824602275040598
-0.4377885689201575, -0.13854684613841503
-0.44143034798693676, -0.1167222905545207
-0.44169622967716843, -0.1165033945704506
-0.441468631032659, -0.11685097020904298
-0.44312594831848445, -0.11666166743986567
-0.44158398162499507, -0.1164124461135767
-0.44152289568565006, -0.11654624592447639
-0.43965551188502183, -0.13823237720145207
-0.4431399046324597, -0.11642661650212292
-0.44162322613825666, -0.11634265896748984
-0.4429577851274178, -0.1163400420471782
-0.4428842662907653, -0.11642752899238865
-0.4430334960048014, -0.11645085889460141
-0.4414987093141435, -0.11659307963287119
-0.4417630626659022, -0.1166548372929283
-0.4414103274908458, -0.11625878796816569
-0.4413403257030428, -0.11628681335468774
-0.4412731274783003, -0.11602823645610072
-0.443336601340996, -0.11613221920354454
-0.4413709406915601, -0.11650809613043671
-0.441585394842516, -0.11670940361605561
-0.44193773087493904, -0.11666304946574137
-0.4415565498513708, -0.11667977164327172
-0.44143906634479557, -0.11677733086571318
-0.44274379571147887, -0.11614345057429017
-0.44300879375314084, -0.11624607587653077
-0.44129142401490906, -0.11645880976046875
-0.4414713005532641, -0.11668567756207768
-0.44326902469917495, -0.11648594982891736
-0.4413122677077957, -0.11659182781811545
-0.44156378496049403, -0.1163519477171655
-0.4430493973392518, -0.11607105858497198
-0.4414530928866269, -0.11613956182360485
-0.4412668512896143, -0.11613495269644325
-0.4427725680909405, -0.11640345035196924
-0.4428698730202664, -0.11637879050195517
