0.2636319398880005, 0.47724074125289917, 0.13812889158725739
0.26361122727394104, 0.47730129957199097, 0.13808920979499817
0.26341772079467773, 0.4771009385585785, 0.13780611753463745
0.26341378688812256, 0.47709470987319946, 0.13779878616333008
0.263418972492218, 0.47709524631500244, 0.13779760897159576
0.26361003518104553, 0.47730350494384766, 0.13808296620845795
0.2636302709579468, 0.4772385358810425, 0.13811880350112915
0.2636320888996124, 0.47723495960235596, 0.13812696933746338
0.2636282742023468, 0.47722554206848145, 0.13812309503555298
0.2636358439922333, 0.4772063195705414, 0.13812562823295593
0.26363110542297363, 0.47720348834991455, 0.13811999559402466
0.26363006234169006, 0.47720688581466675, 0.13811291754245758
0.2634235918521881, 0.4770658314228058, 0.13781094551086426
0.2636338174343109, 0.47723662853240967, 0.13811461627483368
0.26361483335494995, 0.4772997200489044, 0.13808627426624298
0.26363152265548706, 0.477256178855896, 0.1381199210882187
0.26363638043403625, 0.4772551655769348, 0.13812246918678284
0.2636341154575348, 0.4772453308105469, 0.13812346756458282
0.2634294629096985, 0.4770733118057251, 0.13781850039958954
0.2634445130825043, 0.4770101010799408, 0.137831449508667
0.26342272758483887, 0.4770568311214447, 0.1378028690814972
0.263440877199173, 0.4770139455795288, 0.1378363072872162
0.2636266052722931, 0.4772278070449829, 0.13811898231506348
0.26362836360931396, 0.47723153233528137, 0.13812178373336792
0.2636319398880005, 0.4772395193576813, 0.13812802731990814
0.2636291980743408, 0.4772413969039917, 0.13813048601150513
0.2636241018772125, 0.47723326086997986, 0.13811305165290833
0.2634359300136566, 0.4770199656486511, 0.13784176111221313
0.2634362578392029, 0.4770190119743347, 0.1378362476825714
0.26360851526260376, 0.4772879183292389, 0.138090118765831
0.2636236250400543, 0.477244108915329, 0.13811933994293213
0.26363077759742737, 0.4772513210773468, 0.13812649250030518
0.2636304199695587, 0.4772510528564453, 0.1381324827671051
0.2636258006095886, 0.47723808884620667, 0.1381227821111679
0.26362720131874084, 0.4772275686264038, 0.13811856508255005
0.2634328603744507, 0.477018266916275, 0.1378336399793625
0.2634316384792328, 0.4770152270793915, 0.13783036172389984
0.2634214460849762, 0.4770662188529968, 0.1378147453069687
0.26362892985343933, 0.4772335886955261, 0.13812771439552307
0.2636358141899109, 0.4772498309612274, 0.13813048601150513
0.26363202929496765, 0.47724559903144836, 0.1381356120109558
0.26362764835357666, 0.477250337600708, 0.13812635838985443
0.2636262774467468, 0.47724130749702454, 0.1381216049194336
0.26343780755996704, 0.4770246148109436, 0.13783997297286987
0.26343023777008057, 0.4770205318927765, 0.13783082365989685
0.2634339928627014, 0.4770186245441437, 0.1378326117992401
0.26362529397010803, 0.47723862528800964, 0.1381203979253769
0.26362910866737366, 0.47724124789237976, 0.13813386857509613
0.2636320888996124, 0.47724077105522156, 0.13814175128936768
0.2636224627494812, 0.4772326648235321, 0.13813050091266632
0.2636253833770752, 0.47723373770713806, 0.13812541961669922
0.26343125104904175, 0.4770191013813019, 0.13782911002635956
0.26341623067855835, 0.47706887125968933, 0.13779768347740173
0.2634182870388031, 0.4770798087120056, 0.1378033608198166
0.2636277973651886, 0.47724947333335876, 0.13811281323432922
0.26361164450645447, 0.47730451822280884, 0.1380981206893921
0.26363304257392883, 0.4772474467754364, 0.13812723755836487
0.2636267840862274, 0.47724050283432007, 0.13812652230262756
0.26360681653022766, 0.4772784411907196, 0.1380939483642578
0.26361972093582153, 0.47721585631370544, 0.13811057806015015
0.26342830061912537, 0.4769948422908783, 0.13782627880573273
0.26343023777008057, 0.47701025009155273, 0.13782978057861328
0.2636217772960663, 0.47723111510276794, 0.13811057806015015
0.26360762119293213, 0.47729727625846863, 0.13809125125408173
0.2636244297027588, 0.47724801301956177, 0.13811776041984558
0.2636108696460724, 0.4773045480251312, 0.13809242844581604
0.26360541582107544, 0.47730112075805664, 0.13808080554008484
0.26340848207473755, 0.47707951068878174, 0.13779525458812714
0.2634262442588806, 0.4770204722881317, 0.13781464099884033
0.2634214162826538, 0.4770747721195221, 0.13780716061592102
0.2636251449584961, 0.4772284924983978, 0.13811343908309937
0.26362714171409607, 0.4772234857082367, 0.1381225734949112
0.2636289894580841, 0.4772275388240814, 0.1381251960992813
0.2636280059814453, 0.47722724080085754, 0.13812565803527832
0.26362428069114685, 0.47721973061561584, 0.13812191784381866
0.26361894607543945, 0.47721749544143677, 0.13810887932777405
0.2634356617927551, 0.47701355814933777, 0.13782231509685516
0.26342108845710754, 0.47707459330558777, 0.13779881596565247
0.2636352479457855, 0.47724449634552, 0.13810306787490845
0.2636263370513916, 0.47731128334999084, 0.13809122145175934
0.2636237144470215, 0.4773062467575073, 0.13809055089950562
0.26363664865493774, 0.4772508442401886, 0.13811305165290833
0.2636320888996124, 0.4772445857524872, 0.13811375200748444
0.26362907886505127, 0.4772306978702545, 0.13810773193836212
0.2634175717830658, 0.4770737886428833, 0.13780301809310913
0.26342976093292236, 0.4770107567310333, 0.13782843947410583
0.2634320855140686, 0.4770009219646454, 0.1378367692232132
0.2636159658432007, 0.4772196412086487, 0.13812077045440674
0.263619065284729, 0.47722920775413513, 0.13812598586082458
0.2636207640171051, 0.4772377908229828, 0.1381268948316574
0.2636168897151947, 0.47724056243896484, 0.13812050223350525
0.26361480355262756, 0.4772416055202484, 0.13811226189136505
0.2634016275405884, 0.47707805037498474, 0.13779930770397186
0.2634265422821045, 0.47703272104263306, 0.13781945407390594
0.263604074716568, 0.4772946536540985, 0.13808707892894745
0.26360461115837097, 0.47729435563087463, 0.13808870315551758
0.2636243402957916, 0.4772440195083618, 0.1381295621395111
0.2636147141456604, 0.47728633880615234, 0.13811305165290833
0.2636112868785858, 0.4772752523422241, 0.1381000131368637
0.2636232376098633, 0.47721830010414124, 0.13811393082141876
0.26343193650245667, 0.477008193731308, 0.1378321498632431
0.26343265175819397, 0.47702109813690186, 0.1378374695777893
0.2636077404022217, 0.47728535532951355, 0.13809306919574738
0.26362693309783936, 0.47723671793937683, 0.13812609016895294
0.26362845301628113, 0.4772516191005707, 0.13812389969825745
0.26362746953964233, 0.477250337600708, 0.13811922073364258
0.26360732316970825, 0.47729042172431946, 0.13809126615524292
0.2636207044124603, 0.4772254228591919, 0.13810975849628448
0.26341649889945984, 0.47707366943359375, 0.13780727982521057
0.2634337246417999, 0.47702059149742126, 0.1378396451473236
0.2636207640171051, 0.47722384333610535, 0.13810987770557404
0.26362332701683044, 0.4772288501262665, 0.13811644911766052
0.2636221647262573, 0.4772300720214844, 0.1381218284368515
0.2636221647262573, 0.4772189259529114, 0.13811370730400085
0.26361894607543945, 0.47722941637039185, 0.13812178373336792
0.2634299099445343, 0.47702547907829285, 0.13783825933933258
0.2634333372116089, 0.4770277142524719, 0.13783589005470276
0.26343557238578796, 0.47703075408935547, 0.13784903287887573
0.2634369134902954, 0.4770371913909912, 0.137842059135437
0.26361891627311707, 0.47730395197868347, 0.13810430467128754
0.2636333107948303, 0.4772530198097229, 0.13812683522701263
0.26361244916915894, 0.4773024916648865, 0.1380922794342041
0.2636238932609558, 0.4772398769855499, 0.13811437785625458
0.2636072039604187, 0.4772805869579315, 0.13808250427246094
0.2634197175502777, 0.47707051038742065, 0.13781440258026123
0.2636042833328247, 0.47727909684181213, 0.1380900889635086
0.2636007070541382, 0.47727230191230774, 0.13808955252170563
0.26362454891204834, 0.4772365093231201, 0.13812734186649323
0.2636341154575348, 0.4772477149963379, 0.13812711834907532
0.263635516166687, 0.4772557020187378, 0.13812355697155
0.2636217474937439, 0.47730469703674316, 0.13809321820735931
0.26364028453826904, 0.4772534668445587, 0.13811494410037994
0.2634517550468445, 0.4770360291004181, 0.1378277987241745
0.26362404227256775, 0.477291464805603, 0.1380813866853714
0.2636425495147705, 0.4772305190563202, 0.13811936974525452
0.263645738363266, 0.47723183035850525, 0.13813269138336182
0.2636396884918213, 0.47721850872039795, 0.13813088834285736
0.2636416554450989, 0.4772146940231323, 0.13814035058021545
0.2636415362358093, 0.4772151708602905, 0.13814441859722137
0.2636376619338989, 0.4772142469882965, 0.13812561333179474
0.26363325119018555, 0.4772194027900696, 0.13813093304634094
0.26363420486450195, 0.4772392511367798, 0.1381266862154007
0.2636340856552124, 0.47724831104278564, 0.13811808824539185
0.2636193037033081, 0.47730785608291626, 0.13809996843338013
0.26363927125930786, 0.47725462913513184, 0.1381235122680664
0.26362961530685425, 0.4772416055202484, 0.1381170004606247
0.2636289894580841, 0.4772284924983978, 0.13811130821704865
0.2634355425834656, 0.4770103096961975, 0.13784107565879822
0.2636299133300781, 0.4772140681743622, 0.13812346756458282
0.2634423077106476, 0.47701042890548706, 0.13784193992614746
0.26362842321395874, 0.47722357511520386, 0.13811972737312317
0.2636299431324005, 0.47722774744033813, 0.13812240958213806
0.2636328935623169, 0.4772428870201111, 0.13811983168125153
0.26361286640167236, 0.47730425000190735, 0.13808725774288177
0.26361292600631714, 0.47730547189712524, 0.13808181881904602
0.2636292576789856, 0.4772505760192871, 0.13809946179389954
0.26360949873924255, 0.4772951602935791, 0.1380780190229416
0.2636236548423767, 0.4772338271141052, 0.1381010264158249
0.26362109184265137, 0.47722628712654114, 0.13811324536800385
0.26362401247024536, 0.4772195816040039, 0.13812300562858582
0.2636306583881378, 0.4772222936153412, 0.13813363015651703
0.2636299431324005, 0.4772300124168396, 0.13813532888889313
0.26362475752830505, 0.477222204208374, 0.1381278932094574
0.26362699270248413, 0.47721800208091736, 0.13812130689620972
0.26362380385398865, 0.47723105549812317, 0.1381082832813263
0.2636031210422516, 0.47729095816612244, 0.13808320462703705
0.2636222839355469, 0.4772413969039917, 0.13810573518276215
0.26360979676246643, 0.47730305790901184, 0.1380971223115921
0.26362788677215576, 0.4772414565086365, 0.13812178373336792
0.2636241018772125, 0.47723808884620667, 0.13812299072742462
0.263622522354126, 0.47723257541656494, 0.13812702894210815
0.26363030076026917, 0.4772322177886963, 0.13812366127967834
0.26362863183021545, 0.4772193729877472, 0.13812598586082458
0.26362723112106323, 0.47721245884895325, 0.13812190294265747
0.2636313736438751, 0.4772244989871979, 0.1381218135356903
0.263630747795105, 0.4772372543811798, 0.13812042772769928
0.26361215114593506, 0.4772893190383911, 0.13809947669506073
0.26362839341163635, 0.47724243998527527, 0.13812312483787537
0.2636275291442871, 0.4772382378578186, 0.1381143182516098
0.26362738013267517, 0.47723588347435, 0.13811549544334412
0.2634356617927551, 0.477023720741272, 0.13783463835716248
0.26362550258636475, 0.4772343039512634, 0.1381157636642456
0.2636277675628662, 0.4772357642650604, 0.13812170922756195
0.26363256573677063, 0.47723639011383057, 0.13812808692455292
0.2636328339576721, 0.4772369861602783, 0.13814005255699158
0.2636323869228363, 0.4772350788116455, 0.138131245970726
0.26362884044647217, 0.47723954916000366, 0.13812755048274994
0.26362499594688416, 0.4772322177886963, 0.13811558485031128
0.26362505555152893, 0.47723203897476196, 0.13811497390270233
0.26361823081970215, 0.47723492980003357, 0.13811546564102173
0.26361849904060364, 0.4772421717643738, 0.13811437785625458
0.26362520456314087, 0.4772426187992096, 0.13811685144901276
0.26362788677215576, 0.47725045680999756, 0.13811835646629333
0.26362374424934387, 0.47725561261177063, 0.13812103867530823
0.2636274993419647, 0.4772467315196991, 0.13811717927455902
0.2636232376098633, 0.47723886370658875, 0.138118177652359
0.2636231482028961, 0.47723180055618286, 0.1381135880947113
0.2636213004589081, 0.47722989320755005, 0.13811591267585754
0.2636245787143707, 0.4772336483001709, 0.13812510669231415
0.26362451910972595, 0.477234810590744, 0.1381276547908783
0.2636276185512543, 0.4772345721721649, 0.13812266290187836
0.263628214597702, 0.4772306978702545, 0.13813088834285736
0.2636295258998871, 0.47724226117134094, 0.1381332129240036
0.26362454891204834, 0.47724398970603943, 0.1381164789199829
0.2636226713657379, 0.47723573446273804, 0.13810694217681885
0.2636256217956543, 0.47723695635795593, 0.13811257481575012
0.26344048976898193, 0.47704190015792847, 0.13784168660640717
0.26361027359962463, 0.4772990942001343, 0.13808971643447876
0.26361048221588135, 0.47730112075805664, 0.13810044527053833
0.263631135225296, 0.4772479832172394, 0.13812227547168732
0.26361730694770813, 0.477300226688385, 0.13810613751411438
0.2636125683784485, 0.4772877097129822, 0.1380997598171234
0.26362344622612, 0.4772338271141052, 0.13812635838985443
0.26343870162963867, 0.47702914476394653, 0.13783800601959229
0.26360654830932617, 0.47728729248046875, 0.1380910575389862
0.2636113464832306, 0.47728899121284485, 0.13809017837047577
0.26361286640167236, 0.4772965908050537, 0.1380949169397354
0.2636129558086395, 0.4773014187812805, 0.1380918025970459
0.263613760471344, 0.4772990942001343, 0.138086199760437
0.2636100649833679, 0.4772968292236328, 0.1380799561738968
0.263626366853714, 0.4772435426712036, 0.13810865581035614
0.26363179087638855, 0.47724318504333496, 0.13810908794403076
0.2636292576789856, 0.4772314131259918, 0.13812071084976196
0.2636295557022095, 0.47723519802093506, 0.13812485337257385
0.2636263370513916, 0.4772369861602783, 0.13811419904232025
0.26362863183021545, 0.4772331714630127, 0.1381179243326187
0.26362866163253784, 0.4772289991378784, 0.13811559975147247
0.2636081576347351, 0.47728365659713745, 0.13808542490005493
0.2636246085166931, 0.47723427414894104, 0.1381082534790039
0.26362144947052, 0.4772322177886963, 0.13810612261295319
0.2636207342147827, 0.47723981738090515, 0.138101264834404
0.26362401247024536, 0.4772455096244812, 0.13810612261295319
0.26361083984375, 0.4773009717464447, 0.13809508085250854
0.2636263370513916, 0.47724026441574097, 0.1381261944770813
0.26361149549484253, 0.4772910177707672, 0.13809427618980408
0.26361751556396484, 0.47722765803337097, 0.13811159133911133
0.2636241316795349, 0.47722068428993225, 0.13811706006526947
0.26362183690071106, 0.4772201180458069, 0.13810831308364868
0.26360583305358887, 0.4772789180278778, 0.13808883726596832
0.26362401247024536, 0.47723710536956787, 0.13812023401260376
0.2636224925518036, 0.4772340953350067, 0.13811740279197693
0.26360613107681274, 0.4772948920726776, 0.138086199760437
0.2636070251464844, 0.4772966504096985, 0.1380930244922638
0.2636243402957916, 0.4772356152534485, 0.13811515271663666
0.26362305879592896, 0.4772375822067261, 0.13811801373958588
0.26343655586242676, 0.47702378034591675, 0.13783688843250275
0.26360729336738586, 0.4772902727127075, 0.13809169828891754
0.26363125443458557, 0.4772384464740753, 0.1381186991930008
0.2636147439479828, 0.4772949516773224, 0.1381010115146637
0.2636279761791229, 0.4772486388683319, 0.1381186544895172
0.2636125981807709, 0.4772965908050537, 0.13808806240558624
0.26362812519073486, 0.4772430956363678, 0.1381106823682785
0.263627290725708, 0.4772392213344574, 0.13810713589191437
0.2636091411113739, 0.47728824615478516, 0.1380884200334549
0.26362770795822144, 0.47723445296287537, 0.1381177306175232
0.2636309862136841, 0.4772333800792694, 0.1381152719259262
0.26363253593444824, 0.47724196314811707, 0.13811862468719482
0.2636343836784363, 0.4772387742996216, 0.13812114298343658
0.2636324167251587, 0.47724467515945435, 0.13812336325645447
0.26362499594688416, 0.4772428572177887, 0.13811607658863068
0.26362091302871704, 0.4772414267063141, 0.1381082385778427
0.2636205554008484, 0.4772360920906067, 0.13810843229293823
0.2636227607727051, 0.47724297642707825, 0.1381096988916397
0.26362937688827515, 0.4772549867630005, 0.13811303675174713
0.26361387968063354, 0.47729676961898804, 0.13810111582279205
0.2636360824108124, 0.47724074125289917, 0.13812389969825745
0.26363110542297363, 0.47723743319511414, 0.13811810314655304
0.26363345980644226, 0.47723135352134705, 0.1381126344203949
0.263444185256958, 0.477020800113678, 0.13783250749111176
0.26363739371299744, 0.47724124789237976, 0.13811583817005157
0.2636169195175171, 0.47729697823524475, 0.13808579742908478
0.26361986994743347, 0.4773002564907074, 0.1380954086780548
0.26363322138786316, 0.47724923491477966, 0.13812264800071716
0.26363447308540344, 0.477248877286911, 0.13812121748924255
0.26362887024879456, 0.47723597288131714, 0.13811492919921875
0.26362934708595276, 0.4772241711616516, 0.13811199367046356
0.26363012194633484, 0.47722700238227844, 0.13811682164669037
0.26344141364097595, 0.47702088952064514, 0.1378486603498459
0.2636297345161438, 0.47723284363746643, 0.13811767101287842
0.26363062858581543, 0.47723376750946045, 0.138116255402565
0.26363518834114075, 0.47724345326423645, 0.13811548054218292
0.2636304795742035, 0.47724148631095886, 0.13811218738555908
0.2636404037475586, 0.47723814845085144, 0.13811278343200684
0.2636396884918213, 0.4772365093231201, 0.1381133645772934
0.2636358141899109, 0.47723525762557983, 0.1381092667579651
0.2636300325393677, 0.4772293269634247, 0.13810716569423676
0.26363107562065125, 0.4772276282310486, 0.1381189525127411
0.26362788677215576, 0.47723808884620667, 0.1381140500307083
0.26363328099250793, 0.47724229097366333, 0.13811899721622467
0.26363176107406616, 0.47724300622940063, 0.13812489807605743
0.26363083720207214, 0.4772396683692932, 0.13811808824539185
0.26362746953964233, 0.47723808884620667, 0.13810977339744568
0.2634234130382538, 0.47707897424697876, 0.1378067582845688
0.26363036036491394, 0.4772293269634247, 0.1381111592054367
0.2636258900165558, 0.4772336184978485, 0.13811376690864563
0.263612300157547, 0.4772912859916687, 0.13809052109718323
0.26361632347106934, 0.4772898554801941, 0.13809834420681
0.26363274455070496, 0.4772321283817291, 0.13812556862831116
0.26363298296928406, 0.4772305488586426, 0.13812170922756195
0.26363405585289, 0.47723135352134705, 0.13812416791915894
0.263632595539093, 0.47723162174224854, 0.13811707496643066
0.2636289596557617, 0.4772297441959381, 0.13810847699642181
0.26362961530685425, 0.4772348403930664, 0.13811354339122772
0.2636144757270813, 0.4772898256778717, 0.13809245824813843
0.2636304795742035, 0.477236807346344, 0.13811635971069336
0.26363101601600647, 0.47723838686943054, 0.13812144100666046
0.26362794637680054, 0.47723421454429626, 0.13811825215816498
0.2636268734931946, 0.47722217440605164, 0.13811804354190826
0.2636251449584961, 0.4772154986858368, 0.13811717927455902
0.2636301815509796, 0.47722122073173523, 0.13812464475631714
0.2636256814002991, 0.47721511125564575, 0.138120636343956
0.26362693309783936, 0.4772241413593292, 0.13812018930912018
0.2636125087738037, 0.47729381918907166, 0.1380903571844101
0.2636302709579468, 0.4772487282752991, 0.13812240958213806
0.26361283659935, 0.4773053526878357, 0.13809815049171448
0.2636103630065918, 0.47729602456092834, 0.13809087872505188
0.26360708475112915, 0.4772873818874359, 0.13808484375476837
0.26362377405166626, 0.4772258996963501, 0.13811717927455902
0.2636212408542633, 0.4772208631038666, 0.1381116658449173
0.2636236548423767, 0.47722873091697693, 0.13812156021595
0.26362815499305725, 0.47723376750946045, 0.13812386989593506
0.26362404227256775, 0.4772440493106842, 0.13812804222106934
0.26361411809921265, 0.4773070216178894, 0.13810129463672638
0.2636246681213379, 0.47724536061286926, 0.1381157636642456
0.2636191248893738, 0.47724226117134094, 0.1381123661994934
0.26361849904060364, 0.47723132371902466, 0.13810530304908752
0.2634282410144806, 0.4770243167877197, 0.13783544301986694
0.26360324025154114, 0.4772867262363434, 0.13809703290462494
0.2636318802833557, 0.47723591327667236, 0.13812436163425446
0.2636294364929199, 0.4772392511367798, 0.13813644647598267
0.2636301517486572, 0.47723588347435, 0.13813944160938263
0.2636285424232483, 0.47724178433418274, 0.13813664019107819
0.26360803842544556, 0.4772849380970001, 0.1380910873413086
0.26361945271492004, 0.47723478078842163, 0.13811048865318298
0.2636282742023468, 0.4772382378578186, 0.13811498880386353
0.2636262774467468, 0.4772355854511261, 0.1381116509437561
0.26363569498062134, 0.4772418737411499, 0.13812370598316193
0.26363977789878845, 0.47724634408950806, 0.13813568651676178
0.26363322138786316, 0.4772447645664215, 0.138130784034729
0.2636340260505676, 0.47724297642707825, 0.13814114034175873
0.2636420726776123, 0.477247029542923, 0.13814318180084229
0.2636360228061676, 0.47724512219429016, 0.13813309371471405
0.26363450288772583, 0.4772491157054901, 0.13812413811683655
0.2636331617832184, 0.4772559404373169, 0.13811969757080078
0.26361456513404846, 0.4773117005825043, 0.13809475302696228
0.2636369466781616, 0.47726622223854065, 0.13812050223350525
0.26363247632980347, 0.47726136445999146, 0.13811922073364258
0.2636122405529022, 0.4773121476173401, 0.13809901475906372
0.26362887024879456, 0.47725221514701843, 0.1381245106458664
0.26361092925071716, 0.4772997498512268, 0.13810107111930847
0.26363852620124817, 0.4772409498691559, 0.13812977075576782
0.2636314332485199, 0.4772476255893707, 0.13813425600528717
0.26363733410835266, 0.47725871205329895, 0.1381404995918274
0.26361963152885437, 0.47731101512908936, 0.13810093700885773
0.2636224329471588, 0.477311909198761, 0.1381116509437561
0.2636357843875885, 0.47726118564605713, 0.1381271481513977
0.26362863183021545, 0.4772585928440094, 0.13811510801315308
0.26361921429634094, 0.47730013728141785, 0.13809773325920105
0.26363179087638855, 0.47724056243896484, 0.13812275230884552
0.26363328099250793, 0.47724172472953796, 0.13811510801315308
0.26364031434059143, 0.477241575717926, 0.13813036680221558
0.2636391520500183, 0.47724291682243347, 0.13814280927181244
0.2636392116546631, 0.4772473871707916, 0.13813498616218567
0.2636263966560364, 0.47730398178100586, 0.13811349868774414
0.26364368200302124, 0.4772487282752991, 0.13812655210494995
0.26361986994743347, 0.4772976040840149, 0.13811108469963074
0.2636359930038452, 0.47725194692611694, 0.13812632858753204
0.26363036036491394, 0.4772435426712036, 0.13811488449573517
0.26363611221313477, 0.47724756598472595, 0.13812021911144257
0.26362937688827515, 0.4772395193576813, 0.13811324536800385
0.26363757252693176, 0.4772479832172394, 0.1381223499774933
0.2636345624923706, 0.4772460460662842, 0.13812664151191711
0.26363542675971985, 0.4772403836250305, 0.13812588155269623
0.2636374831199646, 0.47724467515945435, 0.13813017308712006
0.2636309862136841, 0.47723913192749023, 0.1381199061870575
0.263633131980896, 0.4772428274154663, 0.13812901079654694
0.26362934708595276, 0.4772390127182007, 0.13811740279197693
0.2636350095272064, 0.477250874042511, 0.1381232887506485
0.2636112868785858, 0.477300763130188, 0.1380968689918518
0.26360997557640076, 0.4772956371307373, 0.13809151947498322
0.2636221945285797, 0.4772390127182007, 0.13810990750789642
0.26343491673469543, 0.4770289659500122, 0.1378314197063446
0.2636248767375946, 0.4772275388240814, 0.138111874461174
0.26362472772598267, 0.4772297143936157, 0.13811461627483368
0.2636280059814453, 0.4772368371486664, 0.13811157643795013
0.2636111080646515, 0.4772850573062897, 0.13809360563755035
0.26363301277160645, 0.4772334098815918, 0.13812167942523956
0.26361963152885437, 0.4772971272468567, 0.13809296488761902
0.26361721754074097, 0.47729864716529846, 0.13809411227703094
0.2636183202266693, 0.47729864716529846, 0.13808779418468475
0.26363277435302734, 0.47724518179893494, 0.1381114274263382
0.2636159658432007, 0.47729969024658203, 0.13809294998645782
0.26363685727119446, 0.47724729776382446, 0.1381201148033142
0.2636329233646393, 0.47724097967147827, 0.13812702894210815
0.263634592294693, 0.4772395193576813, 0.1381298154592514
0.26363512873649597, 0.47723278403282166, 0.13812552392482758
0.263637900352478, 0.47723832726478577, 0.13813292980194092
0.26363006234169006, 0.4772356152534485, 0.13811857998371124
0.2636287212371826, 0.47723662853240967, 0.1381232738494873
0.2636112570762634, 0.47729313373565674, 0.13809610903263092
0.2636341154575348, 0.4772501289844513, 0.13812892138957977
0.263631135225296, 0.4772474765777588, 0.13812340795993805
0.2636113464832306, 0.4772947430610657, 0.1380990892648697
0.2636268436908722, 0.4772336483001709, 0.13811282813549042
0.2636074125766754, 0.47728002071380615, 0.13809184730052948
0.26362207531929016, 0.4772251546382904, 0.13811737298965454
0.2636227011680603, 0.47722163796424866, 0.13811075687408447
0.26361963152885437, 0.47723251581192017, 0.13811244070529938
0.2636076807975769, 0.4772944748401642, 0.1380915641784668
0.263609379529953, 0.47729504108428955, 0.13809867203235626
0.2636290490627289, 0.477250337600708, 0.13811859488487244
0.26361024379730225, 0.47729822993278503, 0.13809016346931458
0.2636255621910095, 0.4772428274154663, 0.13811248540878296
0.26362305879592896, 0.47723349928855896, 0.1381119340658188
0.26362344622612, 0.4772368371486664, 0.138116255402565
0.263603150844574, 0.4772752523422241, 0.13809023797512054
0.2636266052722931, 0.47722819447517395, 0.13812626898288727
0.2636212706565857, 0.47723186016082764, 0.13811929523944855
0.2636032700538635, 0.4772835969924927, 0.1381046026945114
0.26361194252967834, 0.47730180621147156, 0.13810791075229645
0.2636222243309021, 0.4772421717643738, 0.13811182975769043
0.26360639929771423, 0.4772983491420746, 0.13808730244636536
0.2634202837944031, 0.47708651423454285, 0.13781636953353882
0.263622909784317, 0.4772506058216095, 0.13810689747333527
0.26360154151916504, 0.47729504108428955, 0.1380862295627594
0.2636202275753021, 0.47723838686943054, 0.13811810314655304
0.26362285017967224, 0.4772320091724396, 0.1381225287914276
0.2636222243309021, 0.4772249460220337, 0.1381206214427948
0.263618528842926, 0.4772269129753113, 0.13811394572257996
0.2636254131793976, 0.47722572088241577, 0.13812236487865448
0.2636289894580841, 0.477239727973938, 0.138111412525177
0.2636314630508423, 0.47724297642707825, 0.13811396062374115
0.26361674070358276, 0.4772951304912567, 0.13809245824813843
0.2636379599571228, 0.47725117206573486, 0.13812272250652313
0.2636297345161438, 0.47724756598472595, 0.13811784982681274
0.2636334300041199, 0.4772392809391022, 0.1381196528673172
0.26362600922584534, 0.477232426404953, 0.13811422884464264
0.2636283040046692, 0.4772264361381531, 0.1381101906299591
0.2636251151561737, 0.47721925377845764, 0.13811057806015015
0.2636297643184662, 0.477224737405777, 0.1381138563156128
0.26361092925071716, 0.47728362679481506, 0.13809415698051453
0.2636308968067169, 0.4772345721721649, 0.1381235420703888
0.2636428475379944, 0.477243036031723, 0.1381322145462036
0.26361924409866333, 0.4772874116897583, 0.13810214400291443
0.26362374424934387, 0.4772925078868866, 0.13810043036937714
0.26362088322639465, 0.47728267312049866, 0.13808980584144592
0.26363605260849, 0.47722867131233215, 0.13811111450195312
0.26363667845726013, 0.4772280156612396, 0.13811185956001282
0.2636215388774872, 0.47728291153907776, 0.1380949318408966
0.26363515853881836, 0.4772288203239441, 0.13811784982681274
0.2636401355266571, 0.47722458839416504, 0.13812313973903656
0.26363605260849, 0.47723138332366943, 0.13812611997127533
0.26362109184265137, 0.47727710008621216, 0.1380920708179474
0.2636341452598572, 0.477215975522995, 0.13811816275119781
0.2634361982345581, 0.47706618905067444, 0.13782158493995667
0.2636150121688843, 0.47727712988853455, 0.13809208571910858
0.2636120915412903, 0.47726985812187195, 0.13808727264404297
0.2636213004589081, 0.4772791266441345, 0.13809803128242493
0.2636348605155945, 0.4772406220436096, 0.1381266862154007
0.26363158226013184, 0.4772317707538605, 0.13811492919921875
0.2636323869228363, 0.4772244691848755, 0.13811980187892914
0.2636333405971527, 0.4772275686264038, 0.13811032474040985
0.2636111080646515, 0.47728052735328674, 0.13807836174964905
0.26363319158554077, 0.4772254526615143, 0.1381165087223053
0.26361796259880066, 0.47728481888771057, 0.13809475302696228
0.2636353075504303, 0.47724372148513794, 0.13811689615249634
0.2636343538761139, 0.47723910212516785, 0.13812412321567535
0.26364073157310486, 0.477230966091156, 0.1381349116563797
0.2636159062385559, 0.4772813618183136, 0.13809476792812347
0.2636270225048065, 0.4772311747074127, 0.13811002671718597
0.26344630122184753, 0.47701939940452576, 0.1378418207168579
0.2636288106441498, 0.47722747921943665, 0.13810640573501587
0.26362770795822144, 0.4772379398345947, 0.13810452818870544
0.26362913846969604, 0.4772450625896454, 0.13811790943145752
0.263614296913147, 0.4773084819316864, 0.1380917727947235
0.2636150121688843, 0.47731271386146545, 0.13809171319007874
0.26363077759742737, 0.4772503077983856, 0.13810944557189941
0.2636288106441498, 0.4772365093231201, 0.1381070762872696
0.26344576478004456, 0.4770270884037018, 0.13783250749111176
0.26344922184944153, 0.47702959179878235, 0.13783690333366394
0.26363593339920044, 0.4772399365901947, 0.13812071084976196
0.26363053917884827, 0.47724324464797974, 0.13812944293022156
0.26361173391342163, 0.47729578614234924, 0.13809922337532043
0.2636120021343231, 0.47731131315231323, 0.13809539377689362
0.26361045241355896, 0.47730904817581177, 0.13808698952198029
0.2636105716228485, 0.47731220722198486, 0.13808734714984894
0.2634321451187134, 0.477045476436615, 0.13782396912574768
0.2634165287017822, 0.47709375619888306, 0.13779917359352112
0.2636101245880127, 0.4772990643978119, 0.13808731734752655
0.2636309266090393, 0.4772475063800812, 0.1381220668554306
0.26363256573677063, 0.47724729776382446, 0.1381283402442932
0.2636350989341736, 0.4772339463233948, 0.13812831044197083
0.2636384665966034, 0.47723618149757385, 0.1381291300058365
0.26363056898117065, 0.4772300720214844, 0.13811199367046356
0.26362907886505127, 0.4772230088710785, 0.1381075382232666
0.263630211353302, 0.47723230719566345, 0.1381068080663681
0.2636321485042572, 0.47723710536956787, 0.13810941576957703
0.2636294662952423, 0.47724828124046326, 0.13811247050762177
0.2636287212371826, 0.477243572473526, 0.1381216049194336
0.2636243999004364, 0.4772506654262543, 0.13812187314033508
0.26361969113349915, 0.477245569229126, 0.13811074197292328
0.26362335681915283, 0.47724348306655884, 0.1381063014268875
0.2634413242340088, 0.47702398896217346, 0.13783538341522217
0.26343339681625366, 0.4770241677761078, 0.13782894611358643
0.2636237144470215, 0.4772283732891083, 0.13810910284519196
0.26362642645835876, 0.4772261679172516, 0.13811428844928741
0.26361197233200073, 0.4772927165031433, 0.1380843222141266
0.2636233866214752, 0.4772452414035797, 0.1381015181541443
0.26362884044647217, 0.47724610567092896, 0.13811109960079193
0.26343590021133423, 0.4770369231700897, 0.137830451130867
0.2634219825267792, 0.47708532214164734, 0.1378006637096405
0.26343244314193726, 0.47702813148498535, 0.1378222554922104
0.2636251449584961, 0.4772384464740753, 0.13810184597969055
0.26362764835357666, 0.47724294662475586, 0.13810931146144867
0.26363086700439453, 0.4772418439388275, 0.13811732828617096
0.2636312246322632, 0.47723180055618286, 0.13812673091888428
0.2636328935623169, 0.47723665833473206, 0.13812103867530823
0.2636043429374695, 0.4772816300392151, 0.13807733356952667
0.26361334323883057, 0.4772886633872986, 0.13808239996433258
0.2634361684322357, 0.47702476382255554, 0.1378241330385208
0.2636261582374573, 0.47725003957748413, 0.138101726770401
0.2636280655860901, 0.47725507616996765, 0.1381104439496994
0.2636181712150574, 0.47731220722198486, 0.13810496032238007
0.2636371850967407, 0.47725817561149597, 0.13812068104743958
0.26363056898117065, 0.47724616527557373, 0.13811767101287842
0.26344993710517883, 0.47703176736831665, 0.137848362326622
0.26363736391067505, 0.4772278368473053, 0.1381174921989441
0.26361605525016785, 0.47729164361953735, 0.13808690011501312
0.2636178433895111, 0.4772961139678955, 0.13808786869049072
0.2636207342147827, 0.4773016571998596, 0.1380947381258011
0.26363104581832886, 0.4772494435310364, 0.13812188804149628
0.2636343836784363, 0.4772554636001587, 0.13812224566936493
0.2636127471923828, 0.4773072302341461, 0.1380910873413086
0.26362961530685425, 0.4772384762763977, 0.13811437785625458
0.2634402811527252, 0.47702711820602417, 0.13783185184001923
0.2634198069572449, 0.4770834445953369, 0.13780875504016876
0.2636287212371826, 0.477233350276947, 0.13811594247817993
0.2636280059814453, 0.47724103927612305, 0.1381286382675171
0.2636311650276184, 0.47725510597229004, 0.1381283551454544
0.2636278569698334, 0.4772506058216095, 0.13812360167503357
0.2636277377605438, 0.47724124789237976, 0.1381222903728485
0.26361119747161865, 0.4772913455963135, 0.1380942314863205
0.26343855261802673, 0.47703275084495544, 0.13783863186836243
0.26362696290016174, 0.4772363007068634, 0.1381160169839859
0.26363587379455566, 0.4772384464740753, 0.1381174921989441
0.2636186182498932, 0.47729676961898804, 0.13809606432914734
0.2636375427246094, 0.4772426187992096, 0.13812658190727234
0.26362645626068115, 0.4772863984107971, 0.13809898495674133
0.26363930106163025, 0.4772365689277649, 0.13811743259429932
0.2636365592479706, 0.47723791003227234, 0.13810981810092926
0.26361915469169617, 0.4772878885269165, 0.13808511197566986
0.2634284496307373, 0.4770699441432953, 0.13780345022678375
0.26363399624824524, 0.47724178433418274, 0.13811419904232025
0.2636115550994873, 0.4772984981536865, 0.13809755444526672
0.263633668422699, 0.4772465229034424, 0.1381251960992813
0.2636301815509796, 0.4772386848926544, 0.138127863407135
0.2636279761791229, 0.47724252939224243, 0.1381206512451172
0.26362770795822144, 0.47723284363746643, 0.13811209797859192
0.2634226083755493, 0.4770665466785431, 0.137808695435524
0.2634161412715912, 0.47706446051597595, 0.13779200613498688
0.26362597942352295, 0.47723615169525146, 0.13809634745121002
0.26361432671546936, 0.4772874116897583, 0.13808831572532654
0.26361721754074097, 0.47729671001434326, 0.13809622824192047
0.2636339068412781, 0.4772465229034424, 0.1381170004606247
0.2636358439922333, 0.4772363007068634, 0.1381228119134903
0.2636309266090393, 0.4772317111492157, 0.13812123239040375
0.2634405493736267, 0.4770161509513855, 0.13783368468284607
0.26342102885246277, 0.4770680367946625, 0.1378021538257599
0.26343756914138794, 0.47702455520629883, 0.13783568143844604
0.26360970735549927, 0.47729116678237915, 0.138090580701828
0.2636299431324005, 0.477245956659317, 0.13812226057052612
0.26363304257392883, 0.4772476851940155, 0.13811823725700378
0.26362815499305725, 0.4772520661354065, 0.13811956346035004
0.26362860202789307, 0.4772442579269409, 0.13811257481575012
0.26343923807144165, 0.4770302176475525, 0.1378326267004013
0.26343926787376404, 0.47701969742774963, 0.13783055543899536
0.26362890005111694, 0.4772208333015442, 0.1381089687347412
0.26364001631736755, 0.4772343933582306, 0.13812440633773804
0.26363927125930786, 0.4772396385669708, 0.13812187314033508
0.26363706588745117, 0.47723662853240967, 0.13812783360481262
0.2636365294456482, 0.47723954916000366, 0.13811571896076202
0.263629287481308, 0.4772448241710663, 0.13810773193836212
0.2634458839893341, 0.4770352840423584, 0.13782784342765808
0.26343631744384766, 0.47703394293785095, 0.13781562447547913
0.2634161710739136, 0.4770856499671936, 0.13779404759407043
0.2636125385761261, 0.4772901237010956, 0.1380772441625595
0.26362380385398865, 0.47723498940467834, 0.13810919225215912
0.263628751039505, 0.4772353172302246, 0.13811448216438293
0.2636295258998871, 0.4772268533706665, 0.13812191784381866
0.26362496614456177, 0.4772189259529114, 0.1381201446056366
0.2634391784667969, 0.4770105481147766, 0.1378454566001892
0.26344215869903564, 0.4770141541957855, 0.13784341514110565
0.26344284415245056, 0.47701990604400635, 0.13783800601959229
0.2636259198188782, 0.47723159193992615, 0.13810573518276215
0.26360902190208435, 0.4772985875606537, 0.13809143006801605
0.2636055052280426, 0.47729599475860596, 0.13809053599834442
0.26360297203063965, 0.47729626297950745, 0.13808657228946686
0.2635933458805084, 0.4772895574569702, 0.13807448744773865
0.2634010910987854, 0.4770627021789551, 0.13779336214065552
0.2634255290031433, 0.47700560092926025, 0.13782858848571777
0.2634371221065521, 0.47701364755630493, 0.13784119486808777
0.26362305879592896, 0.47721797227859497, 0.13812507688999176
0.2636238932609558, 0.4772171676158905, 0.13813133537769318
0.2636108994483948, 0.4772798717021942, 0.1381070613861084
0.26362869143486023, 0.4772350788116455, 0.13812574744224548
0.26362180709838867, 0.4772303104400635, 0.13811172544956207
0.2634347677230835, 0.47701966762542725, 0.13783957064151764
0.26360923051834106, 0.4772799611091614, 0.1380845159292221
0.2636250853538513, 0.4772314727306366, 0.13809789717197418
0.26362884044647217, 0.4772326350212097, 0.1381106823682785
0.26363492012023926, 0.47723057866096497, 0.13812166452407837
0.2636335790157318, 0.47723662853240967, 0.13812600076198578
0.2636301517486572, 0.4772258698940277, 0.13812363147735596
0.2636328637599945, 0.4772302210330963, 0.13811708986759186
0.2634405195713043, 0.4770216941833496, 0.13783672451972961
0.26362916827201843, 0.4772345721721649, 0.13810373842716217
0.26343899965286255, 0.4770136773586273, 0.137833371758461
0.26363304257392883, 0.47723013162612915, 0.13811703026294708
0.263628751039505, 0.4772374927997589, 0.13810855150222778
0.26363128423690796, 0.47723624110221863, 0.1381203979253769
0.2636341154575348, 0.4772314429283142, 0.13811607658863068
0.26362693309783936, 0.4772312045097351, 0.13811422884464264
0.26363298296928406, 0.4772378206253052, 0.1381097137928009
0.2636135220527649, 0.47727853059768677, 0.13809004426002502
0.2634265422821045, 0.4770719110965729, 0.13781747221946716
0.26363369822502136, 0.4772369861602783, 0.1381162852048874
0.2636341452598572, 0.47723543643951416, 0.13811306655406952
0.2636365592479706, 0.4772260785102844, 0.1381194144487381
0.2636168599128723, 0.4772822856903076, 0.13809530436992645
0.26362940669059753, 0.4772339463233948, 0.13811495900154114
0.26362624764442444, 0.47722288966178894, 0.13811463117599487
0.2634260058403015, 0.47706231474876404, 0.13781729340553284
0.26344454288482666, 0.47703203558921814, 0.1378437727689743
0.26363593339920044, 0.47723695635795593, 0.13811685144901276
0.2636306583881378, 0.4772399365901947, 0.13811592757701874
0.26363393664360046, 0.47724929451942444, 0.1381164789199829
0.2636323571205139, 0.477247029542923, 0.13810758292675018
0.2636311650276184, 0.4772311747074127, 0.13811653852462769
0.2636083960533142, 0.47727400064468384, 0.13808998465538025
0.26343685388565063, 0.4770074784755707, 0.13782808184623718
0.263435035943985, 0.4770078659057617, 0.13784050941467285
0.2636241912841797, 0.4772288203239441, 0.13812677562236786
0.2636220455169678, 0.4772396683692932, 0.13812994956970215
0.2636279761791229, 0.4772510826587677, 0.13812971115112305
0.2636299729347229, 0.4772508144378662, 0.1381182074546814
0.2636239528656006, 0.47725141048431396, 0.13810399174690247
0.2634296119213104, 0.47704124450683594, 0.1378273218870163
0.2634120583534241, 0.4770784378051758, 0.13779661059379578
0.26361915469169617, 0.47722944617271423, 0.13810691237449646
0.26362350583076477, 0.47722625732421875, 0.1381092518568039
0.2636187672615051, 0.4772239327430725, 0.13811635971069336
0.26362913846969604, 0.4772195816040039, 0.13812793791294098
0.2636277973651886, 0.47722315788269043, 0.13811860978603363
0.2636226713657379, 0.4772190451622009, 0.1381150782108307
0.2636104226112366, 0.47727930545806885, 0.1380874365568161
0.2634209096431732, 0.4770754277706146, 0.13780547678470612
0.2634222209453583, 0.4770871698856354, 0.13779963552951813
0.2636100947856903, 0.47729623317718506, 0.13806767761707306
0.2636118531227112, 0.4772985875606537, 0.13807986676692963
0.2636066973209381, 0.47729766368865967, 0.13808418810367584
0.26362907886505127, 0.47723037004470825, 0.1381143480539322
0.26362481713294983, 0.47721177339553833, 0.13811451196670532
0.2636319398880005, 0.47722092270851135, 0.1381179392337799
0.26363274455070496, 0.4772128164768219, 0.13811840116977692
0.2636183202266693, 0.47726520895957947, 0.13809065520763397
0.2636340260505676, 0.4772242605686188, 0.13811928033828735
0.2636209726333618, 0.4772920310497284, 0.13809682428836823
0.2636319398880005, 0.47724294662475586, 0.13811326026916504
0.26361268758773804, 0.47729119658470154, 0.13808485865592957
0.26361170411109924, 0.4773016571998596, 0.13808205723762512
0.26362764835357666, 0.47724464535713196, 0.13810822367668152
0.2634364068508148, 0.4770281910896301, 0.13784021139144897
0.2636188864707947, 0.47722262144088745, 0.1381101757287979
0.263617604970932, 0.47722363471984863, 0.13811898231506348
0.26361703872680664, 0.4772273302078247, 0.13812576234340668
0.2636185586452484, 0.47722989320755005, 0.13813449442386627
0.26362481713294983, 0.477227121591568, 0.13813389837741852
0.2636243999004364, 0.47723954916000366, 0.13812242448329926
0.2636045813560486, 0.4772889018058777, 0.1380854994058609
0.2636263966560364, 0.4772423505783081, 0.13810819387435913
0.26360732316970825, 0.47729822993278503, 0.13807830214500427
0.2636219263076782, 0.47725018858909607, 0.13810430467128754
0.2636304497718811, 0.4772433340549469, 0.13811606168746948
0.26363351941108704, 0.4772413969039917, 0.13811688125133514
0.2636324465274811, 0.4772351384162903, 0.13811825215816498
0.26363351941108704, 0.4772317111492157, 0.13811521232128143
0.2636357843875885, 0.4772254228591919, 0.1381239891052246
0.263633131980896, 0.47722068428993225, 0.13811759650707245
0.26362529397010803, 0.47721827030181885, 0.13810905814170837
0.2636336386203766, 0.47722363471984863, 0.13811689615249634
0.26362910866737366, 0.4772340655326843, 0.1381252408027649
0.26361140608787537, 0.4772967994213104, 0.1380985826253891
0.26362988352775574, 0.47725456953048706, 0.138128861784935
0.2636282742023468, 0.47724759578704834, 0.13811838626861572
0.2636214792728424, 0.4772549867630005, 0.13811644911766052
0.26360633969306946, 0.47730910778045654, 0.13808831572532654
0.2636212706565857, 0.47725287079811096, 0.13811488449573517
0.2636265456676483, 0.4772481322288513, 0.13812163472175598
0.2636259198188782, 0.4772389829158783, 0.1381208598613739
0.2636358141899109, 0.47723519802093506, 0.13812720775604248
0.2636394798755646, 0.4772295653820038, 0.13812361657619476
0.2636405825614929, 0.47722873091697693, 0.13813269138336182
0.263637900352478, 0.4772319793701172, 0.13812783360481262
0.2636282742023468, 0.477220356464386, 0.13812154531478882
0.26361653208732605, 0.4772842228412628, 0.13809967041015625
0.2636270225048065, 0.47724688053131104, 0.1381220668554306
0.2636132836341858, 0.4773191809654236, 0.13810011744499207
0.26362043619155884, 0.4773203730583191, 0.1380985677242279
0.2636188268661499, 0.47730737924575806, 0.1380934864282608
0.2636151611804962, 0.4773019254207611, 0.13808944821357727
0.2636335790157318, 0.47724449634552, 0.13811849057674408
0.2636149823665619, 0.47727882862091064, 0.13809770345687866
0.26363223791122437, 0.47722128033638, 0.1381278932094574
0.26362812519073486, 0.47722122073173523, 0.13813181221485138
0.2636295557022095, 0.4772181510925293, 0.13813813030719757
0.26362451910972595, 0.4772283136844635, 0.13813582062721252
0.26361241936683655, 0.4772287607192993, 0.13812825083732605
0.2634029984474182, 0.4770829975605011, 0.1378287523984909
0.2634010910987854, 0.47709372639656067, 0.13781067728996277
0.26342248916625977, 0.47705405950546265, 0.13782572746276855
0.2636168599128723, 0.47725778818130493, 0.1381007730960846
0.2636081278324127, 0.4773130714893341, 0.1380896121263504
0.26362499594688416, 0.47725439071655273, 0.1381092220544815
0.26362618803977966, 0.47723570466041565, 0.13812518119812012
0.2636302411556244, 0.4772213101387024, 0.13813431560993195
0.26362165808677673, 0.47720593214035034, 0.13813208043575287
0.26362141966819763, 0.4772149920463562, 0.13813135027885437
0.26343968510627747, 0.47701454162597656, 0.13785529136657715
0.2636215388774872, 0.47723188996315, 0.13811737298965454
0.2636208236217499, 0.4772449731826782, 0.1381090134382248
0.26361557841300964, 0.477252721786499, 0.13810354471206665
0.2636256515979767, 0.47726303339004517, 0.13811704516410828
0.26359817385673523, 0.47731512784957886, 0.13808372616767883
0.26361075043678284, 0.47725483775138855, 0.13810668885707855
0.263596773147583, 0.4772889316082001, 0.13808301091194153
0.263424813747406, 0.47702085971832275, 0.13783688843250275
0.2636159360408783, 0.47722128033638, 0.13811782002449036
0.2636226713657379, 0.4772154688835144, 0.13812562823295593
0.263610303401947, 0.47728219628334045, 0.13811452686786652
0.26362213492393494, 0.47722819447517395, 0.13812929391860962
0.2636260986328125, 0.4772282838821411, 0.13812707364559174
0.263621062040329, 0.47722896933555603, 0.1381167620420456
0.26361706852912903, 0.477235347032547, 0.13810434937477112
0.26360005140304565, 0.47729411721229553, 0.13807381689548492
0.26362594962120056, 0.47723978757858276, 0.13810335099697113
0.26363179087638855, 0.47724759578704834, 0.1381172388792038
0.26361510157585144, 0.4773058593273163, 0.13809718191623688
0.2636130452156067, 0.4773024916648865, 0.1381002813577652
0.2636162042617798, 0.47729483246803284, 0.13810552656650543
0.2636279761791229, 0.47724127769470215, 0.1381196230649948
0.2636258900165558, 0.47723788022994995, 0.13811665773391724
0.2636258006095886, 0.47722548246383667, 0.13812239468097687
0.2634454667568207, 0.4770168960094452, 0.13784432411193848
0.2636245787143707, 0.4772324562072754, 0.13810725510120392
0.26363179087638855, 0.47723695635795593, 0.13811400532722473
0.2636193037033081, 0.4772946238517761, 0.13809143006801605
0.26363569498062134, 0.477257639169693, 0.13811662793159485
0.2636274993419647, 0.4772612750530243, 0.13810256123542786
0.26361721754074097, 0.4773135185241699, 0.13808885216712952
0.2636158764362335, 0.477308452129364, 0.13808496296405792
0.2636297047138214, 0.47725749015808105, 0.13810157775878906
0.2636154890060425, 0.477295458316803, 0.138086199760437
0.263627827167511, 0.4772244691848755, 0.1381162703037262
0.26363739371299744, 0.4772268533706665, 0.1381191462278366
0.26362869143486023, 0.47722113132476807, 0.13811656832695007
0.263630747795105, 0.47721827030181885, 0.13811950385570526
0.2636299133300781, 0.4772246181964874, 0.13810816407203674
0.26362618803977966, 0.4772385060787201, 0.1381026804447174
0.2636270225048065, 0.4772453308105469, 0.1381019502878189
0.263613224029541, 0.47730350494384766, 0.1380821019411087
0.2636074125766754, 0.4773068428039551, 0.138077512383461
0.26362818479537964, 0.47726404666900635, 0.13810178637504578
0.26361191272735596, 0.4772971272468567, 0.13809466361999512
0.26361435651779175, 0.477292001247406, 0.13809294998645782
0.2636263072490692, 0.47723087668418884, 0.13811035454273224
0.263629674911499, 0.4772297143936157, 0.13811075687408447
0.2636330723762512, 0.4772246479988098, 0.13811856508255005
0.2636350095272064, 0.47723135352134705, 0.1381138116121292
0.2636324465274811, 0.4772379994392395, 0.1381179243326187
0.26363393664360046, 0.4772295355796814, 0.13812102377414703
0.26364392042160034, 0.47724130749702454, 0.13811853528022766
0.26363837718963623, 0.4772375226020813, 0.1381135731935501
0.2636212706565857, 0.47728970646858215, 0.13808295130729675
0.26362499594688416, 0.47728657722473145, 0.1380864977836609
0.2636447250843048, 0.4772396981716156, 0.1381097286939621
0.2636450231075287, 0.4772317409515381, 0.13811032474040985
0.2636440396308899, 0.4772251546382904, 0.1381184458732605
0.263649046421051, 0.47723209857940674, 0.1381268948316574
0.26365146040916443, 0.4772299528121948, 0.13812355697155
0.26364898681640625, 0.4772365689277649, 0.1381327509880066
0.26362818479537964, 0.47728288173675537, 0.13809934258460999
0.263641893863678, 0.47723352909088135, 0.13811767101287842
0.263642817735672, 0.47723138332366943, 0.13810963928699493
0.26363110542297363, 0.47723135352134705, 0.13810515403747559
0.26363274455070496, 0.4772314429283142, 0.13811364769935608
0.26363542675971985, 0.4772401452064514, 0.13811510801315308
0.2636372745037079, 0.4772346019744873, 0.13813069462776184
0.2636423110961914, 0.4772331416606903, 0.13812683522701263
0.26363566517829895, 0.47723519802093506, 0.1381235271692276
0.26361945271492004, 0.47729068994522095, 0.13809409737586975
0.2636360824108124, 0.4772339165210724, 0.13811923563480377
0.2636371850967407, 0.4772374927997589, 0.13811495900154114
0.2636319398880005, 0.4772389233112335, 0.13811077177524567
0.2636355459690094, 0.4772375226020813, 0.13811993598937988
0.2636306881904602, 0.4772377014160156, 0.13811853528022766
0.2636268138885498, 0.47724151611328125, 0.1381092667579651
0.2636116147041321, 0.4772868752479553, 0.138090580701828
0.26363059878349304, 0.47723156213760376, 0.1381220519542694
0.2636333703994751, 0.4772334396839142, 0.1381165236234665
0.263637900352478, 0.4772379398345947, 0.13811784982681274
0.2636314928531647, 0.47723740339279175, 0.1381179839372635
0.26362985372543335, 0.47724300622940063, 0.13811545073986053
0.26362332701683044, 0.47723910212516785, 0.1381080597639084
0.2636289894580841, 0.4772402346134186, 0.1381206065416336
0.26362359523773193, 0.4772355556488037, 0.13811379671096802
0.26362383365631104, 0.4772387444972992, 0.1381109207868576
0.263609379529953, 0.4772922396659851, 0.1380927860736847
0.26362350583076477, 0.47723114490509033, 0.13810911774635315
0.2636221647262573, 0.47723138332366943, 0.1381191462278366
0.26362088322639465, 0.4772433340549469, 0.1381150186061859
0.26362618803977966, 0.4772500693798065, 0.13812534511089325
0.2636156976222992, 0.47724100947380066, 0.13811683654785156
0.26361972093582153, 0.4772453308105469, 0.13811782002449036
0.26361626386642456, 0.47723016142845154, 0.1381065398454666
0.26360052824020386, 0.4772803485393524, 0.13808831572532654
0.2634326219558716, 0.47702163457870483, 0.13784389197826385
0.26362016797065735, 0.47722917795181274, 0.1381116807460785
0.26362520456314087, 0.4772326648235321, 0.13812392950057983
0.26360979676246643, 0.47728076577186584, 0.138108029961586
0.26362091302871704, 0.4772343933582306, 0.13812676072120667
0.2636212408542633, 0.47723883390426636, 0.13812054693698883
0.26362109184265137, 0.47723710536956787, 0.13810744881629944
0.26342716813087463, 0.4770202934741974, 0.13782821595668793
0.2634061276912689, 0.47707661986351013, 0.13779816031455994
0.2636137902736664, 0.47723838686943054, 0.1381068080663681
0.263599157333374, 0.47729048132896423, 0.13808444142341614
0.26361024379730225, 0.477306067943573, 0.1380998194217682
0.2636227011680603, 0.47724881768226624, 0.13812656700611115
0.2636038362979889, 0.477290540933609, 0.13810211420059204
0.26361745595932007, 0.47722575068473816, 0.1381199210882187
0.263412743806839, 0.4770721197128296, 0.13781403005123138
0.2636164724826813, 0.4772213101387024, 0.13810893893241882
0.2634319067001343, 0.4770190715789795, 0.13783054053783417
0.26360002160072327, 0.4772798418998718, 0.13807956874370575
0.2635960876941681, 0.47728219628334045, 0.1380845308303833
0.2636198401451111, 0.4772379398345947, 0.13811901211738586
0.26361924409866333, 0.47723960876464844, 0.13811568915843964
0.26361557841300964, 0.4772389531135559, 0.13810934126377106
0.26361483335494995, 0.4772358238697052, 0.13811707496643066
0.26342716813087463, 0.47702866792678833, 0.1378386914730072
0.2636152505874634, 0.4772416353225708, 0.13811427354812622
0.2636123597621918, 0.47723355889320374, 0.13810987770557404
0.263621062040329, 0.4772394299507141, 0.13811738789081573
0.263615220785141, 0.47724515199661255, 0.1381198763847351
0.26362112164497375, 0.4772506058216095, 0.13811828196048737
0.26359936594963074, 0.4772878587245941, 0.13808320462703705
0.2635985016822815, 0.47727879881858826, 0.13808637857437134
0.26342788338661194, 0.47701889276504517, 0.1378275603055954
0.2636243402957916, 0.47723329067230225, 0.1381157487630844
0.26363012194633484, 0.47723281383514404, 0.13813091814517975
0.26362529397010803, 0.477242112159729, 0.13813084363937378
0.2636270821094513, 0.4772491753101349, 0.13812598586082458
0.2636232376098633, 0.4772414267063141, 0.13812533020973206
0.263604998588562, 0.47728896141052246, 0.13808491826057434
0.26343244314193726, 0.4770352244377136, 0.13782574236392975
0.2636045813560486, 0.47729626297950745, 0.1380743384361267
0.2635972201824188, 0.477282851934433, 0.1380767822265625
0.2636207044124603, 0.4772271513938904, 0.13810841739177704
0.26362088322639465, 0.47723081707954407, 0.13811902701854706
0.26362377405166626, 0.4772355556488037, 0.13813023269176483
0.2636212706565857, 0.47721800208091736, 0.1381235271692276
0.2636204659938812, 0.47722411155700684, 0.13811704516410828
0.26361989974975586, 0.47722452878952026, 0.13810843229293823
0.2636146545410156, 0.4772258698940277, 0.1381046175956726
0.2636212706565857, 0.4772361218929291, 0.13809995353221893
0.26360419392585754, 0.47730714082717896, 0.13807347416877747
0.26360663771629333, 0.4773142337799072, 0.13808265328407288
0.263611376285553, 0.47731268405914307, 0.1380881667137146
0.26360687613487244, 0.47731125354766846, 0.1380864530801773
0.2636241614818573, 0.47725313901901245, 0.13811002671718597
0.2636246681213379, 0.47724056243896484, 0.13812190294265747
0.26343706250190735, 0.4770263433456421, 0.13785125315189362
0.26343563199043274, 0.4770287573337555, 0.13784480094909668
0.26388657093048096, 0.4773867428302765, 0.13839197158813477
0.26362237334251404, 0.47723522782325745, 0.13812679052352905
0.2636236548423767, 0.4772341251373291, 0.13811247050762177
0.26354682445526123, 0.4771873354911804, 0.13801132142543793
0.2636029124259949, 0.4772961735725403, 0.13807182013988495
0.2634362578392029, 0.47704508900642395, 0.1378248780965805
0.2634133994579315, 0.477089524269104, 0.13778765499591827
0.26343244314193726, 0.4770370423793793, 0.1378166377544403
0.26360777020454407, 0.47729721665382385, 0.13808532059192657
0.263607382774353, 0.47729265689849854, 0.13808412849903107
0.26362401247024536, 0.4772392213344574, 0.13811734318733215
0.2636241018772125, 0.4772283434867859, 0.13811948895454407
0.2636203169822693, 0.4772185981273651, 0.13811326026916504
0.26362335681915283, 0.4772261679172516, 0.13810783624649048
0.26360955834388733, 0.4772803783416748, 0.1380864977836609
0.26344460248947144, 0.4770365059375763, 0.13783593475818634
0.26361942291259766, 0.4773068130016327, 0.1380978226661682
0.2636355459690094, 0.47726455330848694, 0.13812583684921265
0.26364371180534363, 0.4772649109363556, 0.13813570141792297
0.26363617181777954, 0.4772622585296631, 0.13812611997127533
0.2636207938194275, 0.4773046374320984, 0.13809899985790253
0.26343005895614624, 0.4770827293395996, 0.13782472908496857
0.2636340260505676, 0.4772302210330963, 0.13811707496643066
0.2636149227619171, 0.47728922963142395, 0.13809317350387573
0.26363420486450195, 0.47723743319511414, 0.1381203830242157
0.2636184096336365, 0.47729364037513733, 0.13809996843338013
0.2636236548423767, 0.47729870676994324, 0.1381034255027771
0.2636382281780243, 0.47725263237953186, 0.1381206065416336
0.26363861560821533, 0.4772496223449707, 0.1381242424249649
0.2636358141899109, 0.4772443473339081, 0.138112872838974
0.26344284415245056, 0.47703275084495544, 0.13783292472362518
0.26344355940818787, 0.4770243167877197, 0.13782750070095062
0.2636267840862274, 0.47722700238227844, 0.1381024718284607
0.2636294960975647, 0.4772324860095978, 0.1381174474954605
0.26363077759742737, 0.4772329330444336, 0.13811445236206055
0.2636317312717438, 0.4772321283817291, 0.13811631500720978
0.263610303401947, 0.47726941108703613, 0.13808296620845795
0.2634234130382538, 0.47705167531967163, 0.13780254125595093
0.26343944668769836, 0.47699886560440063, 0.1378188133239746
0.26362720131874084, 0.47721347212791443, 0.13809804618358612
0.2636253237724304, 0.4772195518016815, 0.13810667395591736
0.26362305879592896, 0.47722503542900085, 0.13810497522354126
0.2636299133300781, 0.47723400592803955, 0.13811571896076202
0.2636251747608185, 0.47723498940467834, 0.13810694217681885
0.2636116147041321, 0.47729185223579407, 0.13808715343475342
0.2634279727935791, 0.4770851135253906, 0.13781097531318665
0.2634219229221344, 0.47707682847976685, 0.13780958950519562
0.2636137902736664, 0.47728097438812256, 0.13808059692382812
0.2634378671646118, 0.47702232003211975, 0.1378428339958191
0.2636297345161438, 0.4772339165210724, 0.13811719417572021
0.2636142671108246, 0.4772852659225464, 0.13809216022491455
0.26362499594688416, 0.47723013162612915, 0.13811801373958588
0.2636224925518036, 0.4772178828716278, 0.1381119340658188
0.26362332701683044, 0.47722184658050537, 0.13811226189136505
0.26342058181762695, 0.47706812620162964, 0.1378077119588852
0.26362913846969604, 0.47722509503364563, 0.13810646533966064
0.2636169493198395, 0.4772888720035553, 0.13808318972587585
0.2636260688304901, 0.4772478938102722, 0.13810688257217407
0.26361599564552307, 0.4772900938987732, 0.13808290660381317
0.26362794637680054, 0.4772270619869232, 0.13810788094997406
0.2636241912841797, 0.47722548246383667, 0.1381005346775055
0.2636171579360962, 0.47722336649894714, 0.1380990445613861
0.26362043619155884, 0.47721511125564575, 0.1381089985370636
0.2636193335056305, 0.4772077202796936, 0.13811315596103668
0.2636249363422394, 0.47722357511520386, 0.13811515271663666
0.2636065185070038, 0.47728481888771057, 0.1380947232246399
0.2636227309703827, 0.47724199295043945, 0.13811637461185455
0.26361027359962463, 0.4773060977458954, 0.1380920261144638
0.26360735297203064, 0.47731223702430725, 0.13808362185955048
0.2636055052280426, 0.47729572653770447, 0.13808247447013855
0.263439804315567, 0.47703301906585693, 0.13783560693264008
0.26362571120262146, 0.4772389233112335, 0.1381104588508606
0.2636210024356842, 0.47722047567367554, 0.1381092071533203
0.26362520456314087, 0.47721680998802185, 0.1381250023841858
0.2636243999004364, 0.47721707820892334, 0.13812966644763947
0.26362892985343933, 0.47722214460372925, 0.13812346756458282
0.26361873745918274, 0.47722092270851135, 0.13811828196048737
0.26343220472335815, 0.47702154517173767, 0.13783355057239532
0.26340794563293457, 0.4770822525024414, 0.1378045678138733
0.26359862089157104, 0.47729843854904175, 0.13807222247123718
0.263595849275589, 0.47730064392089844, 0.13808199763298035
0.26360249519348145, 0.47730889916419983, 0.13808351755142212
0.2635982930660248, 0.4773024618625641, 0.13807646930217743
0.2636183500289917, 0.4772372245788574, 0.13811463117599487
0.26362401247024536, 0.47722774744033813, 0.1381174474954605
0.26362642645835876, 0.4772191345691681, 0.1381201148033142
0.2636263072490692, 0.47721853852272034, 0.1381189525127411
0.2636229395866394, 0.4772118031978607, 0.13811923563480377
0.26361116766929626, 0.4772733449935913, 0.1380939781665802
0.2636244595050812, 0.4772302508354187, 0.13811595737934113
0.2636072337627411, 0.4772959351539612, 0.13809053599834442
0.2636207640171051, 0.47724708914756775, 0.13810479640960693
0.26361629366874695, 0.47724834084510803, 0.13809581100940704
0.26340845227241516, 0.4770905673503876, 0.13780084252357483
0.26341238617897034, 0.47708550095558167, 0.13780970871448517
0.26343223452568054, 0.47702813148498535, 0.13784021139144897
0.26362431049346924, 0.47723957896232605, 0.13811998069286346
0.26362600922584534, 0.47723388671875, 0.13811945915222168
0.2636253237724304, 0.4772286117076874, 0.13811995089054108
0.26362764835357666, 0.47723814845085144, 0.13811799883842468
0.26362287998199463, 0.47723305225372314, 0.1381077617406845
0.2635963559150696, 0.4772803783416748, 0.13807523250579834
0.2634340226650238, 0.47702306509017944, 0.13782919943332672
0.26343363523483276, 0.47702816128730774, 0.13782688975334167
0.26341497898101807, 0.47708773612976074, 0.13780410587787628
0.2636231780052185, 0.4772401452064514, 0.1381126344203949
0.2636239528656006, 0.47724470496177673, 0.13811849057674408
0.26361653208732605, 0.4772404730319977, 0.13811831176280975
0.2635968029499054, 0.4772898256778717, 0.13809190690517426
0.2636016011238098, 0.4772850573062897, 0.1380888670682907
0.26341015100479126, 0.47707951068878174, 0.1378055214881897
0.2634298801422119, 0.47702711820602417, 0.13782674074172974
0.26361432671546936, 0.477230966091156, 0.13810034096240997
0.26362305879592896, 0.4772307574748993, 0.13811135292053223
0.2636232078075409, 0.4772335886955261, 0.1381177306175232
0.2636205852031708, 0.4772277772426605, 0.13811549544334412
0.2636295557022095, 0.477231502532959, 0.13812080025672913
0.2636077404022217, 0.4772815704345703, 0.1380947381258011
0.26362764835357666, 0.4772370755672455, 0.13811102509498596
0.2634134292602539, 0.4770834743976593, 0.1378016471862793
0.26360419392585754, 0.47728970646858215, 0.1380750685930252
0.2636130750179291, 0.47730639576911926, 0.1380787491798401
0.2636159658432007, 0.47731271386146545, 0.13808687031269073
0.2636306881904602, 0.47725459933280945, 0.13811184465885162
0.2636277377605438, 0.4772389829158783, 0.13811816275119781
0.26361826062202454, 0.4772184193134308, 0.13810259103775024
0.26361146569252014, 0.47720983624458313, 0.1381005346775055
0.26361361145973206, 0.4772048890590668, 0.138105109333992
0.263621985912323, 0.47722068428993225, 0.13810911774635315
0.2636197507381439, 0.47722938656806946, 0.13810840249061584
0.26360830664634705, 0.47728753089904785, 0.13808965682983398
0.2636204659938812, 0.4772432744503021, 0.13810798525810242
0.2635991871356964, 0.4773021340370178, 0.13808079063892365
0.2636066675186157, 0.4773021936416626, 0.13808029890060425
0.26360201835632324, 0.47729772329330444, 0.1380772590637207
0.26341578364372253, 0.47707608342170715, 0.13780103623867035
0.26342952251434326, 0.47701945900917053, 0.137836292386055
0.26361510157585144, 0.47721943259239197, 0.13811099529266357
0.2636229693889618, 0.4772178530693054, 0.1381210833787918
0.2636251151561737, 0.4772155284881592, 0.13811998069286346
0.2636180818080902, 0.4772222936153412, 0.1381143182516098
0.26362428069114685, 0.4772215485572815, 0.13811732828617096
0.26360440254211426, 0.4772745966911316, 0.13808166980743408
0.26341572403907776, 0.4770735204219818, 0.13780011236667633
0.2636091709136963, 0.47730058431625366, 0.1380833387374878
0.2636185586452484, 0.47729432582855225, 0.13809217512607574
0.2636290192604065, 0.47724246978759766, 0.13811993598937988
0.2636273205280304, 0.47724056243896484, 0.1381186544895172
0.26362618803977966, 0.47723931074142456, 0.13812664151191711
0.2636283338069916, 0.47723573446273804, 0.13812857866287231
0.26360639929771423, 0.47727200388908386, 0.13808369636535645
0.26343339681625366, 0.4770079553127289, 0.13783453404903412
0.2636280059814453, 0.47722506523132324, 0.13810624182224274
0.2636076509952545, 0.4772833287715912, 0.13807953894138336
0.26362666487693787, 0.4772436022758484, 0.13811562955379486
0.2636122703552246, 0.4773060381412506, 0.13809683918952942
0.26362502574920654, 0.47724905610084534, 0.13811400532722473
0.26362162828445435, 0.47724124789237976, 0.1381121724843979
0.26362118124961853, 0.47723934054374695, 0.1381065547466278
0.2636219561100006, 0.47722575068473816, 0.1381053924560547
0.2634349763393402, 0.47701579332351685, 0.13783223927021027
0.26362550258636475, 0.47722727060317993, 0.13811160624027252
0.263627827167511, 0.4772324562072754, 0.13811461627483368
0.26361513137817383, 0.4772878587245941, 0.13809284567832947
0.26361313462257385, 0.477293998003006, 0.13808496296405792
0.26361072063446045, 0.4772951900959015, 0.13807998597621918
0.26362839341163635, 0.47723689675331116, 0.13810014724731445
0.26343634724617004, 0.47701945900917053, 0.13781869411468506
0.2634176015853882, 0.4770767390727997, 0.13780343532562256
0.26360926032066345, 0.4772861897945404, 0.13809055089950562
0.26363199949264526, 0.4772413372993469, 0.13812404870986938
0.2636311650276184, 0.47724032402038574, 0.13812674582004547
0.26363030076026917, 0.47724103927612305, 0.13812857866287231
0.2636287808418274, 0.4772312343120575, 0.13813060522079468
0.2636217474937439, 0.4772287607192993, 0.13811036944389343
0.2636075019836426, 0.4772769510746002, 0.1380849927663803
0.26342064142227173, 0.4770685136318207, 0.13780777156352997
0.26360034942626953, 0.47728240489959717, 0.13807757198810577
0.2636081576347351, 0.47728946805000305, 0.13808488845825195
0.26361194252967834, 0.47729548811912537, 0.13809092342853546
0.2636120021343231, 0.4772970378398895, 0.13808982074260712
0.263624906539917, 0.47724130749702454, 0.1381131410598755
0.2636304795742035, 0.4772307574748993, 0.13811355829238892
0.263628214597702, 0.4772264361381531, 0.13810618221759796
0.2634370028972626, 0.47701945900917053, 0.1378319412469864
0.2636291980743408, 0.47722572088241577, 0.1381143480539322
0.26361894607543945, 0.4772855043411255, 0.13809052109718323
0.2636151611804962, 0.4772931933403015, 0.13809657096862793
0.2636301517486572, 0.4772396385669708, 0.13811460137367249
0.26361456513404846, 0.4772908091545105, 0.138096421957016
0.26362431049346924, 0.47723665833473206, 0.13811196386814117
0.2634113132953644, 0.4770720601081848, 0.13779734075069427
0.26361286640167236, 0.4772225320339203, 0.13809926807880402
0.26343345642089844, 0.47702842950820923, 0.1378314346075058
0.2636254131793976, 0.4772384464740753, 0.13810600340366364
0.2636108100414276, 0.47729599475860596, 0.13809025287628174
0.2636200189590454, 0.4773011803627014, 0.13809701800346375
0.26363399624824524, 0.47725674510002136, 0.13811452686786652
0.26362836360931396, 0.47724100947380066, 0.13810941576957703
0.26362165808677673, 0.4772340953350067, 0.13810373842716217
0.2634347975254059, 0.47702136635780334, 0.13783088326454163
0.2634352743625641, 0.4770163893699646, 0.1378309726715088
0.2636268734931946, 0.47722578048706055, 0.13810688257217407
0.26361215114593506, 0.47728103399276733, 0.13809925317764282
0.26363176107406616, 0.477242648601532, 0.13812991976737976
0.26362910866737366, 0.4772375226020813, 0.13811662793159485
0.26361533999443054, 0.4772980809211731, 0.13810014724731445
0.26343363523483276, 0.47703343629837036, 0.137839213013649
0.26342710852622986, 0.47703418135643005, 0.1378236562013626
0.2634330093860626, 0.47702866792678833, 0.13783206045627594
0.2634381353855133, 0.4770284593105316, 0.1378406137228012
0.2636233866214752, 0.4772372543811798, 0.1381206512451172
0.26362332701683044, 0.47722792625427246, 0.1381189227104187
0.26362746953964233, 0.4772243797779083, 0.1381186842918396
0.26362717151641846, 0.4772220253944397, 0.13812874257564545
0.2636229395866394, 0.4772251546382904, 0.1381114274263382
0.2636253833770752, 0.4772306978702545, 0.1381121128797531
0.26343557238578796, 0.4770142734050751, 0.13782402873039246
0.2636024057865143, 0.4772886633872986, 0.13807372748851776
0.2636273205280304, 0.47724616527557373, 0.13811083137989044
0.26362645626068115, 0.4772448241710663, 0.1381223052740097
0.2636321485042572, 0.4772460162639618, 0.1381223201751709
0.26361212134361267, 0.47728246450424194, 0.13809774816036224
0.2636275291442871, 0.4772224724292755, 0.13812236487865448
0.2634354829788208, 0.4770065248012543, 0.13784152269363403
0.26343685388565063, 0.4770077168941498, 0.1378459334373474
0.26342642307281494, 0.4770720303058624, 0.13781611621379852
0.2636272609233856, 0.4772273898124695, 0.13811303675174713
0.2636091411113739, 0.4772779643535614, 0.13808727264404297
0.26361241936683655, 0.47730785608291626, 0.13808131217956543
0.26361459493637085, 0.4773103892803192, 0.138089120388031
0.2636122405529022, 0.4772968590259552, 0.13808822631835938
0.2634401023387909, 0.47703930735588074, 0.13783583045005798
0.26340994238853455, 0.4770810008049011, 0.13779772818088531
0.2634355425834656, 0.47701844573020935, 0.13783499598503113
0.2636166512966156, 0.4772235155105591, 0.13811329007148743
0.2636153995990753, 0.47723153233528137, 0.13812866806983948
0.2636157274246216, 0.47722670435905457, 0.13813692331314087
0.2635970115661621, 0.4772738218307495, 0.13811050355434418
0.2636001706123352, 0.47728368639945984, 0.13810007274150848
0.26361367106437683, 0.4772408604621887, 0.138108491897583
0.2634221017360687, 0.4770262539386749, 0.13783031702041626
0.26340797543525696, 0.4770813286304474, 0.13780774176120758
0.263426810503006, 0.477036714553833, 0.13782912492752075
0.263620525598526, 0.4772396683692932, 0.1381150186061859
0.26361948251724243, 0.47722840309143066, 0.13812822103500366
0.2636244297027588, 0.477237343788147, 0.13812057673931122
0.26362353563308716, 0.47723081707954407, 0.1381228119134903
0.2636244595050812, 0.47722262144088745, 0.13812045753002167
0.2634354531764984, 0.4770163893699646, 0.13783703744411469
0.26341888308525085, 0.47708117961883545, 0.137811079621315
0.2636127769947052, 0.47729024291038513, 0.1380823850631714
0.26361149549484253, 0.4772987961769104, 0.13809175789356232
0.2636134922504425, 0.47729966044425964, 0.13808035850524902
0.26362335681915283, 0.47724103927612305, 0.13810531795024872
0.26362982392311096, 0.47724491357803345, 0.1381196677684784
0.26343873143196106, 0.47703370451927185, 0.13784588873386383
0.26362401247024536, 0.47723063826560974, 0.13810962438583374
0.2634347975254059, 0.4770223796367645, 0.1378408819437027
0.2634340226650238, 0.4770188629627228, 0.13784825801849365
0.2636246085166931, 0.47722911834716797, 0.13811931014060974
0.26362159848213196, 0.4772436022758484, 0.13811977207660675
0.26362335681915283, 0.47724735736846924, 0.13812091946601868
0.2636202573776245, 0.4772476851940155, 0.13811621069908142
0.2636227309703827, 0.47724997997283936, 0.1381056159734726
0.26343128085136414, 0.4770316481590271, 0.13782566785812378
0.26341140270233154, 0.4770810604095459, 0.1378028243780136
0.2634126842021942, 0.47709032893180847, 0.13780628144741058
0.2636198401451111, 0.4772394597530365, 0.1381131261587143
0.26362329721450806, 0.47723573446273804, 0.13812287151813507
0.2636250853538513, 0.47723814845085144, 0.1381276398897171
0.26362401247024536, 0.4772394299507141, 0.13811898231506348
0.26343634724617004, 0.47702348232269287, 0.13783641159534454
0.2634337842464447, 0.47702082991600037, 0.1378275603055954
0.2636028826236725, 0.477286696434021, 0.13807308673858643
0.2636067271232605, 0.477288156747818, 0.13807305693626404
0.2636151909828186, 0.47724059224128723, 0.13810241222381592
0.2636242210865021, 0.47724640369415283, 0.13811132311820984
0.26362234354019165, 0.4772391617298126, 0.138112872838974
0.2636207640171051, 0.47724080085754395, 0.1381065398454666
0.26361966133117676, 0.4772300720214844, 0.13810938596725464
0.2634180784225464, 0.4770796298980713, 0.1378052830696106
0.2634125351905823, 0.47707369923591614, 0.13781042397022247
0.2636209726333618, 0.4772335886955261, 0.13810770213603973
0.26362401247024536, 0.4772379696369171, 0.13810981810092926
0.26362428069114685, 0.4772398769855499, 0.13811883330345154
0.2636245787143707, 0.47723832726478577, 0.13812415301799774
0.2636227309703827, 0.47723257541656494, 0.13812386989593506
0.2634391188621521, 0.4770336151123047, 0.13784651458263397
0.26343005895614624, 0.47702860832214355, 0.13783860206604004
0.2634272575378418, 0.47702905535697937, 0.13782912492752075
0.2634233236312866, 0.4770371913909912, 0.13783355057239532
0.2635945975780487, 0.47730398178100586, 0.13808655738830566
0.2636166512966156, 0.4772534668445587, 0.13811607658863068
0.26361146569252014, 0.47724345326423645, 0.13811494410037994
0.2636111378669739, 0.4772372543811798, 0.13811343908309937
0.2636120617389679, 0.4772270917892456, 0.1381140649318695
0.2634316384792328, 0.47701531648635864, 0.13783679902553558
0.26342907547950745, 0.4770143926143646, 0.13783927261829376
0.26359471678733826, 0.4772827923297882, 0.1380888968706131
0.26361799240112305, 0.477239191532135, 0.1381143033504486
0.2635999321937561, 0.4773075580596924, 0.13809680938720703
0.2635999619960785, 0.4773167669773102, 0.13808618485927582
0.26361775398254395, 0.4772581458091736, 0.1381118893623352
0.263609379529953, 0.4772419333457947, 0.138098806142807
0.26342275738716125, 0.47704073786735535, 0.13782048225402832
0.26340657472610474, 0.4770849645137787, 0.13779550790786743
0.2634074091911316, 0.4770677983760834, 0.13781008124351501
0.2636178731918335, 0.4772301912307739, 0.13811621069908142
0.26362043619155884, 0.47722798585891724, 0.138124480843544
0.2636217474937439, 0.47723206877708435, 0.13812752068042755
0.26362043619155884, 0.47723785042762756, 0.13813039660453796
0.26362675428390503, 0.47724494338035583, 0.1381230354309082
0.2634313404560089, 0.4770384430885315, 0.13783808052539825
0.26343002915382385, 0.4770295321941376, 0.1378268450498581
0.26341044902801514, 0.47708213329315186, 0.13779930770397186
0.26360324025154114, 0.4772976040840149, 0.13807891309261322
0.26360514760017395, 0.47729697823524475, 0.13808652758598328
0.2636045813560486, 0.4772935211658478, 0.1380898803472519
0.2636149525642395, 0.47723388671875, 0.13810664415359497
0.2636185884475708, 0.477223664522171, 0.1381201297044754
0.2636151909828186, 0.47721728682518005, 0.13811855018138885
0.2634360194206238, 0.47701334953308105, 0.13784918189048767
0.26362067461013794, 0.4772188067436218, 0.13812673091888428
0.2636212408542633, 0.47722598910331726, 0.1381211280822754
0.26359865069389343, 0.4772832989692688, 0.13808520138263702
0.26359641551971436, 0.4773027300834656, 0.13807518780231476
0.26360055804252625, 0.4773086905479431, 0.1380842626094818
0.2636164128780365, 0.47726374864578247, 0.13810738921165466
0.26360905170440674, 0.47726041078567505, 0.1380937695503235
0.2636115252971649, 0.47724536061286926, 0.13809239864349365
0.2634032070636749, 0.47706854343414307, 0.13779518008232117
0.2634240984916687, 0.47701746225357056, 0.13782839477062225
0.26361680030822754, 0.47722044587135315, 0.1381145864725113
0.26362085342407227, 0.47722429037094116, 0.1381203681230545
0.26360318064689636, 0.4772857129573822, 0.13809841871261597
0.26361608505249023, 0.47723183035850525, 0.13811403512954712
0.26359787583351135, 0.477295458316803, 0.13808339834213257
0.26342830061912537, 0.4770394265651703, 0.13782848417758942
0.2636088728904724, 0.47724631428718567, 0.13808876276016235
0.2634100615978241, 0.47709155082702637, 0.13779592514038086
0.2634108066558838, 0.4770967364311218, 0.13780660927295685
0.2636030316352844, 0.47730138897895813, 0.13808055222034454
0.26361969113349915, 0.4772551655769348, 0.1381058245897293
0.26360949873924255, 0.4772980809211731, 0.1380966156721115
0.2636215090751648, 0.47723495960235596, 0.13811874389648438
0.26361843943595886, 0.47722235321998596, 0.138105571269989
0.2634337842464447, 0.477007657289505, 0.13783897459506989
0.26342862844467163, 0.4770088791847229, 0.13783177733421326
0.26360562443733215, 0.4772738218307495, 0.13808295130729675
0.2636086940765381, 0.47728231549263, 0.1380910873413086
0.26360881328582764, 0.47729194164276123, 0.13809239864349365
0.26361697912216187, 0.4773053228855133, 0.13809815049171448
0.2636086344718933, 0.47730639576911926, 0.13808678090572357
0.26360538601875305, 0.4773000180721283, 0.13808056712150574
0.26343095302581787, 0.4770427346229553, 0.13782158493995667
0.263431578874588, 0.47703179717063904, 0.1378246396780014
0.26342862844467163, 0.4770272374153137, 0.13782919943332672
0.26362815499305725, 0.4772339463233948, 0.13811607658863068
0.2636275291442871, 0.4772270619869232, 0.13812483847141266
0.26363304257392883, 0.47722843289375305, 0.1381252557039261
0.2636292278766632, 0.47723066806793213, 0.13812360167503357
0.2636275887489319, 0.4772268533706665, 0.13811983168125153
0.26362255215644836, 0.47722405195236206, 0.13810819387435913
0.2634328603744507, 0.4770272970199585, 0.13783124089241028
0.26341712474823, 0.47707778215408325, 0.13780821859836578
0.26361024379730225, 0.47728630900382996, 0.1380852907896042
0.263612300157547, 0.47727665305137634, 0.13808970153331757
0.2636399567127228, 0.47722986340522766, 0.138126939535141
0.2636335790157318, 0.47723308205604553, 0.13812057673931122
0.26362404227256775, 0.4772827923297882, 0.13809902966022491
0.26364290714263916, 0.47723251581192017, 0.1381271332502365
0.26364025473594666, 0.4772294759750366, 0.13812239468097687
0.26362502574920654, 0.4772796332836151, 0.13809609413146973
0.2636471092700958, 0.47722721099853516, 0.138116717338562
0.2636299431324005, 0.47729018330574036, 0.13808894157409668
0.2636254131793976, 0.4772895872592926, 0.13808932900428772
0.263634592294693, 0.47723299264907837, 0.13810841739177704
0.2636168897151947, 0.4772893488407135, 0.1380869299173355
0.2636297047138214, 0.47724518179893494, 0.13811002671718597
0.26362892985343933, 0.4772404432296753, 0.13810651004314423
0.2636236846446991, 0.4772375524044037, 0.13810673356056213
0.26362958550453186, 0.47723522782325745, 0.13811518251895905
0.26363179087638855, 0.47723960876464844, 0.13812156021595
0.26363450288772583, 0.4772352874279022, 0.13811971247196198
0.2636110782623291, 0.47729021310806274, 0.13809247314929962
0.2636246085166931, 0.4772299826145172, 0.13810880482196808
0.2636219561100006, 0.4772280156612396, 0.13810862600803375
0.2636197507381439, 0.47723037004470825, 0.1381097435951233
0.26361900568008423, 0.47722867131233215, 0.13810518383979797
0.2634343206882477, 0.47703078389167786, 0.13784094154834747
0.2636033296585083, 0.47728729248046875, 0.13809236884117126
0.26362648606300354, 0.4772440493106842, 0.13812099397182465
0.2636125981807709, 0.4772890508174896, 0.1381031572818756
0.2636158764362335, 0.4772886037826538, 0.13810168206691742
0.2636129856109619, 0.47728192806243896, 0.1381000131368637
0.26362672448158264, 0.47722798585891724, 0.13811074197292328
0.26362085342407227, 0.4772263467311859, 0.13810494542121887
0.26360997557640076, 0.4772840440273285, 0.13808786869049072
0.263621985912323, 0.4772326946258545, 0.13811007142066956
0.26360177993774414, 0.47728800773620605, 0.13808241486549377
0.26361513137817383, 0.4772321879863739, 0.13810941576957703
0.26361775398254395, 0.47723767161369324, 0.13811038434505463
0.26359865069389343, 0.47729209065437317, 0.1380825638771057
0.2636010944843292, 0.4772949814796448, 0.13809217512607574
0.26360151171684265, 0.47729748487472534, 0.13809174299240112
0.26361900568008423, 0.47724753618240356, 0.13811036944389343
0.26360732316970825, 0.47729888558387756, 0.13808400928974152
0.2636255621910095, 0.4772420823574066, 0.13811585307121277
0.2636222541332245, 0.47723817825317383, 0.13811948895454407
0.2636069655418396, 0.4772939383983612, 0.13808715343475342
0.2636263072490692, 0.47723373770713806, 0.13811469078063965
0.2636074721813202, 0.4772838354110718, 0.13809476792812347
0.26362791657447815, 0.4772394299507141, 0.13811315596103668
0.26361212134361267, 0.4772965610027313, 0.1380942016839981
0.26362693309783936, 0.4772447943687439, 0.13811561465263367
0.26360929012298584, 0.47729483246803284, 0.13809841871261597
0.26362690329551697, 0.47724178433418274, 0.13811859488487244
0.2636241316795349, 0.47722792625427246, 0.13811640441417694
0.26362743973731995, 0.4772200882434845, 0.13812091946601868
0.26362866163253784, 0.4772166311740875, 0.13812892138957977
0.2636291980743408, 0.47721007466316223, 0.1381327360868454
0.2636306583881378, 0.477211058139801, 0.138139009475708
0.2636270225048065, 0.47721636295318604, 0.1381320357322693
0.2636316120624542, 0.47722744941711426, 0.1381322294473648
0.263613224029541, 0.47729071974754333, 0.13809721171855927
0.2636124789714813, 0.47728896141052246, 0.1380923092365265
0.2636270523071289, 0.4772450625896454, 0.13810519874095917
0.2636105716228485, 0.47729799151420593, 0.13808049261569977
0.2636101245880127, 0.4772920608520508, 0.13808076083660126
0.2636306583881378, 0.4772352874279022, 0.1381216049194336
0.2636285126209259, 0.47723278403282166, 0.1381213217973709
0.26363182067871094, 0.47723352909088135, 0.13813185691833496
0.26362985372543335, 0.47721877694129944, 0.13812613487243652
0.26362940669059753, 0.4772242605686188, 0.13812652230262756
0.2636280953884125, 0.47723886370658875, 0.13812623918056488
0.26360395550727844, 0.4772789776325226, 0.13808517158031464
0.2636185586452484, 0.4772307276725769, 0.13810960948467255
0.2635928988456726, 0.4772804379463196, 0.13807474076747894
0.2635992765426636, 0.4772861897945404, 0.1380784809589386
0.26362016797065735, 0.4772273898124695, 0.13811413943767548
0.2636249363422394, 0.4772230088710785, 0.13811922073364258
0.26361262798309326, 0.47728848457336426, 0.13810275495052338
0.2636291980743408, 0.4772273600101471, 0.1381247192621231
0.263626366853714, 0.477228581905365, 0.1381203830242157
0.2634408175945282, 0.4770250618457794, 0.1378427892923355
0.2636132538318634, 0.47729942202568054, 0.13808439671993256
0.26360493898391724, 0.4772908687591553, 0.13808956742286682
0.2636115252971649, 0.47729578614234924, 0.13809169828891754
0.2636209726333618, 0.4772379696369171, 0.13810965418815613
0.2636202275753021, 0.4772231876850128, 0.13810569047927856
0.2636246979236603, 0.47721946239471436, 0.13811549544334412
0.2636248469352722, 0.47722020745277405, 0.13811460137367249
0.26362642645835876, 0.4772185981273651, 0.13812097907066345
0.26362016797065735, 0.4772176742553711, 0.13812106847763062
0.26362478733062744, 0.4772210717201233, 0.13812191784381866
0.26362699270248413, 0.4772365689277649, 0.13812506198883057
0.2636134624481201, 0.4772967994213104, 0.13809998333454132
0.2636300325393677, 0.4772390127182007, 0.13812614977359772
0.26362523436546326, 0.4772343039512634, 0.13811661303043365
0.2636156678199768, 0.4772302508354187, 0.13810259103775024
0.26361459493637085, 0.47722145915031433, 0.13810376822948456
0.2634153664112091, 0.47702324390411377, 0.13782967627048492
0.2636091411113739, 0.4772273302078247, 0.1380986124277115
0.26361069083213806, 0.4772336483001709, 0.13810713589191437
0.2636165916919708, 0.4772290885448456, 0.1381153017282486
0.26360368728637695, 0.4772864878177643, 0.13809752464294434
0.26362159848213196, 0.4772357642650604, 0.13811282813549042
0.26361730694770813, 0.4772286117076874, 0.13810111582279205
0.2634206712245941, 0.47701194882392883, 0.1378297060728073
0.2635919153690338, 0.477272629737854, 0.13808023929595947
0.2634294927120209, 0.4770248234272003, 0.13783828914165497
0.2636169195175171, 0.47723305225372314, 0.13810934126377106
0.2636086940765381, 0.4772929251194, 0.13808950781822205
0.26362767815589905, 0.4772542715072632, 0.13811920583248138
0.2636204957962036, 0.47724196314811707, 0.1381138414144516
0.263611376285553, 0.4772935211658478, 0.13809418678283691
0.26361265778541565, 0.47728443145751953, 0.13808095455169678
0.26343846321105957, 0.4770163595676422, 0.13782745599746704
0.2636226713657379, 0.4772194027900696, 0.1381072998046875
0.26362425088882446, 0.47721603512763977, 0.1381184607744217
0.2636289596557617, 0.47722098231315613, 0.13812962174415588
0.2636320888996124, 0.47722381353378296, 0.13813690841197968
0.26363295316696167, 0.47722405195236206, 0.13813939690589905
0.2636318504810333, 0.47722262144088745, 0.1381363868713379
0.2636244595050812, 0.47722217440605164, 0.1381232738494873
0.2636227309703827, 0.4772208034992218, 0.13811302185058594
0.26359573006629944, 0.4772777855396271, 0.138083353638649
0.26360204815864563, 0.4772956371307373, 0.13808563351631165
0.2636013329029083, 0.47729697823524475, 0.13807857036590576
0.2635985016822815, 0.4772956073284149, 0.13808444142341614
0.26361212134361267, 0.4772418141365051, 0.13811063766479492
0.26358821988105774, 0.4772924482822418, 0.1380894035100937
0.2634190022945404, 0.4770272672176361, 0.13784398138523102
0.26342546939849854, 0.477015882730484, 0.1378403902053833
0.26361680030822754, 0.47721898555755615, 0.138113871216774
0.2636273503303528, 0.47723475098609924, 0.1381179541349411
0.263619989156723, 0.4772304892539978, 0.13811719417572021
0.2636226713657379, 0.4772403836250305, 0.13811612129211426
0.2636188268661499, 0.4772440493106842, 0.13811035454273224
0.2636004686355591, 0.47729575634002686, 0.13807086646556854
0.2636195123195648, 0.477239727973938, 0.13810059428215027
0.26361793279647827, 0.4772290885448456, 0.138106569647789
0.26361820101737976, 0.4772307574748993, 0.13810762763023376
0.2636237144470215, 0.4772298038005829, 0.1381097286939621
0.2636287808418274, 0.4772309958934784, 0.13811905682086945
0.263623982667923, 0.4772280156612396, 0.13812151551246643
0.26362746953964233, 0.47722697257995605, 0.13812370598316193
0.2636227607727051, 0.4772266447544098, 0.13812030851840973
0.2636263370513916, 0.4772273600101471, 0.13811999559402466
0.26362353563308716, 0.4772275984287262, 0.13811182975769043
0.2634345293045044, 0.4770209491252899, 0.13782891631126404
0.26344025135040283, 0.4770365357398987, 0.13784028589725494
0.26361000537872314, 0.47729891538619995, 0.1380871832370758
0.26361316442489624, 0.4772946238517761, 0.13808639347553253
0.2636106610298157, 0.47729235887527466, 0.13809044659137726
0.26361241936683655, 0.47729602456092834, 0.13808821141719818
0.26361358165740967, 0.47729238867759705, 0.13808807730674744
0.2636350095272064, 0.47723498940467834, 0.13812020421028137
0.263635516166687, 0.4772259294986725, 0.13811784982681274
0.26362791657447815, 0.4772174656391144, 0.13811588287353516
0.2636348605155945, 0.4772198796272278, 0.13812170922756195
0.2636220157146454, 0.4772789776325226, 0.13810235261917114
0.2636423707008362, 0.4772399067878723, 0.13813170790672302
0.2636226713657379, 0.4772908091545105, 0.1380961835384369
0.26362648606300354, 0.4772358238697052, 0.13812248408794403
0.2636203467845917, 0.4772395193576813, 0.1381160020828247
0.2635975778102875, 0.4772953689098358, 0.13808530569076538
0.2636078894138336, 0.47723323106765747, 0.13810107111930847
0.26360538601875305, 0.47722649574279785, 0.13810685276985168
0.26361551880836487, 0.47721731662750244, 0.13810700178146362
0.26361122727394104, 0.47721144556999207, 0.13810357451438904
0.2636144459247589, 0.4772077202796936, 0.13810761272907257
0.2636208236217499, 0.4772094488143921, 0.13811880350112915
0.26362308859825134, 0.47722724080085754, 0.13811637461185455
0.2636229395866394, 0.47723791003227234, 0.13811683654785156
0.2636103630065918, 0.47728830575942993, 0.13809381425380707
0.26360905170440674, 0.4772945046424866, 0.13808542490005493
0.2635974586009979, 0.4772917628288269, 0.1380697786808014
0.26343029737472534, 0.47703075408935547, 0.1378234326839447
0.263623982667923, 0.4772289991378784, 0.13810394704341888
0.26360172033309937, 0.477265864610672, 0.13807952404022217
0.2636258900165558, 0.47721385955810547, 0.13811321556568146
0.2636069059371948, 0.4772649109363556, 0.1380937397480011
0.26362520456314087, 0.477219820022583, 0.1381208747625351
0.2636282444000244, 0.47723039984703064, 0.13811971247196198
0.26360970735549927, 0.47728440165519714, 0.13809271156787872
0.2636282444000244, 0.477239191532135, 0.13811972737312317
0.2636244297027588, 0.47724029421806335, 0.13811300694942474
0.26362180709838867, 0.47724345326423645, 0.13810878992080688
0.2636224031448364, 0.47724008560180664, 0.13811011612415314
0.2636035978794098, 0.4772855043411255, 0.1380843222141266
0.2636227309703827, 0.47723063826560974, 0.13810984790325165
0.263619989156723, 0.4772243797779083, 0.13811065256595612
0.263624370098114, 0.4772254228591919, 0.1381167620420456
0.2636208236217499, 0.47722357511520386, 0.13811610639095306
0.26360461115837097, 0.47727182507514954, 0.13808879256248474
0.2636209726333618, 0.477228581905365, 0.1381160318851471
0.26361045241355896, 0.4772864878177643, 0.13808883726596832
0.26362332701683044, 0.4772337079048157, 0.1381109654903412
0.2636074423789978, 0.477300226688385, 0.13808681070804596
0.26362404227256775, 0.4772477447986603, 0.13811251521110535
0.26361772418022156, 0.4772379994392395, 0.13810127973556519
0.26361653208732605, 0.4772343933582306, 0.1381077766418457
0.2636175751686096, 0.4772392809391022, 0.13810449838638306
0.263614296913147, 0.47723671793937683, 0.13810257613658905
0.26362159848213196, 0.4772244095802307, 0.13811562955379486
0.2636002004146576, 0.4772799611091614, 0.13809603452682495
0.2636222839355469, 0.47721779346466064, 0.13811013102531433
0.26361754536628723, 0.4772147536277771, 0.1381160169839859
0.2636202573776245, 0.4772258996963501, 0.13811561465263367
0.26361796259880066, 0.4772392809391022, 0.13811421394348145
0.263614296913147, 0.4772373139858246, 0.13811172544956207
0.2636137902736664, 0.47723299264907837, 0.13810701668262482
0.2636202275753021, 0.4772382378578186, 0.13811653852462769
0.2636188864707947, 0.4772374629974365, 0.13810870051383972
0.2635965943336487, 0.47728750109672546, 0.13807597756385803
0.26361921429634094, 0.477234810590744, 0.13811585307121277
0.2636008858680725, 0.4772877097129822, 0.13807855546474457
0.26362109184265137, 0.4772300720214844, 0.13810420036315918
0.2636200785636902, 0.4772219955921173, 0.13810405135154724
0.26362091302871704, 0.4772256314754486, 0.1381024569272995
0.26361748576164246, 0.47723037004470825, 0.13810673356056213
0.263604998588562, 0.4772751033306122, 0.13809600472450256
0.26362261176109314, 0.4772181212902069, 0.13812795281410217
0.2636253535747528, 0.47722867131233215, 0.13813047111034393
0.2636081874370575, 0.47727420926094055, 0.1380910873413086
0.26362550258636475, 0.4772226810455322, 0.13811758160591125
0.2636221647262573, 0.47723230719566345, 0.13811253011226654
0.2636149525642395, 0.47723257541656494, 0.1381026953458786
0.2636154592037201, 0.4772298336029053, 0.13810241222381592
0.26360419392585754, 0.4772842526435852, 0.13808053731918335
0.263603538274765, 0.47728314995765686, 0.1380820870399475
0.26359841227531433, 0.4772785007953644, 0.13808360695838928
0.2636031210422516, 0.47727495431900024, 0.1380952000617981
0.263605535030365, 0.4772789180278778, 0.13810037076473236
0.26361003518104553, 0.4772787094116211, 0.13809622824192047
0.26360172033309937, 0.4772745370864868, 0.138093963265419
0.26361602544784546, 0.47722771763801575, 0.13811588287353516
0.2636098861694336, 0.477225661277771, 0.138102188706398
0.2636161744594574, 0.4772288203239441, 0.13809645175933838
0.2635992169380188, 0.4772871434688568, 0.1380872279405594
0.2636204659938812, 0.4772348999977112, 0.13810285925865173
0.263620525598526, 0.47723710536956787, 0.13810597360134125
0.26360949873924255, 0.4772885739803314, 0.13809102773666382
0.2636253535747528, 0.47723186016082764, 0.13811452686786652
0.2636214792728424, 0.47723135352134705, 0.13811926543712616
0.26362085342407227, 0.47722551226615906, 0.13811388611793518
0.263607382774353, 0.47728395462036133, 0.13809949159622192
0.2636169195175171, 0.4772252142429352, 0.13811281323432922
0.2636244595050812, 0.4772290289402008, 0.13811206817626953
0.2636042535305023, 0.4772733747959137, 0.13809052109718323
0.2636205852031708, 0.4772266745567322, 0.13810990750789642
0.2636035084724426, 0.4772830307483673, 0.13807815313339233
0.26360636949539185, 0.477286159992218, 0.13807880878448486
0.2636280655860901, 0.47723522782325745, 0.13811273872852325
0.2636295258998871, 0.47723570466041565, 0.13811445236206055
0.2636262774467468, 0.47722792625427246, 0.13811095058918
0.2636217772960663, 0.4772304892539978, 0.1381075233221054
0.2636203467845917, 0.477226197719574, 0.1381097286939621
0.2636163532733917, 0.47723016142845154, 0.13811419904232025
0.26360344886779785, 0.4772891104221344, 0.13808351755142212
0.2636144757270813, 0.4772338271141052, 0.13810022175312042
0.26362353563308716, 0.47723865509033203, 0.13810855150222778
0.263609379529953, 0.4772856831550598, 0.13808874785900116
0.26362937688827515, 0.4772462248802185, 0.1381160467863083
0.26360875368118286, 0.4772990942001343, 0.13808640837669373
0.2636062502861023, 0.4773010313510895, 0.13808293640613556
0.26361215114593506, 0.47724130749702454, 0.13810203969478607
0.2636153995990753, 0.4772391617298126, 0.13810238242149353
0.2636173963546753, 0.4772284924983978, 0.13811342418193817
0.26362425088882446, 0.47722357511520386, 0.13811835646629333
0.2636065185070038, 0.4772791266441345, 0.13809902966022491
0.2636280059814453, 0.4772317111492157, 0.1381203681230545
0.2636101245880127, 0.47729066014289856, 0.13809503614902496
0.26362350583076477, 0.47723647952079773, 0.13811272382736206
0.26363229751586914, 0.477252721786499, 0.13811275362968445
0.2636181116104126, 0.4773007929325104, 0.13808754086494446
0.2636169493198395, 0.47730228304862976, 0.1380896270275116
0.26361286640167236, 0.4772929251194, 0.13808473944664001
0.26361629366874695, 0.47729095816612244, 0.1380900889635086
0.26361432671546936, 0.4772874712944031, 0.1380879431962967
0.2636350989341736, 0.4772348701953888, 0.13812103867530823
0.2636300027370453, 0.47722846269607544, 0.1381177306175232
0.26362892985343933, 0.4772251546382904, 0.13811764121055603
0.2636078894138336, 0.4772755205631256, 0.13809289038181305
0.26361581683158875, 0.47723111510276794, 0.13811157643795013
0.2636004388332367, 0.47729551792144775, 0.13808566331863403
0.26362112164497375, 0.4772409200668335, 0.13811562955379486
0.26362136006355286, 0.4772515594959259, 0.138117253780365
0.2635958194732666, 0.47730687260627747, 0.138082355260849
0.26360172033309937, 0.47731202840805054, 0.1380879431962967
0.2636190354824066, 0.4772556722164154, 0.1381159871816635
0.2636171281337738, 0.47725236415863037, 0.13811355829238892
0.2636149823665619, 0.4772423505783081, 0.13810953497886658
0.26361995935440063, 0.4772220253944397, 0.13811880350112915
0.2636212706565857, 0.4772275686264038, 0.13812212646007538
0.26362714171409607, 0.47723379731178284, 0.13812066614627838
0.26362740993499756, 0.4772320091724396, 0.13811859488487244
0.2636116147041321, 0.47728726267814636, 0.13809777796268463
0.26362642645835876, 0.4772351384162903, 0.13811098039150238
0.2636072039604187, 0.4772944748401642, 0.13808590173721313
0.26360660791397095, 0.477291077375412, 0.13808047771453857
0.26360884308815, 0.4772964119911194, 0.13808636367321014
0.2634412944316864, 0.47703948616981506, 0.13783764839172363
0.2636124789714813, 0.47729358077049255, 0.13809432089328766
0.2636353671550751, 0.47723814845085144, 0.13812334835529327
0.26363229751586914, 0.4772433340549469, 0.13812199234962463
0.26360735297203064, 0.4772871434688568, 0.1380874365568161
0.26360979676246643, 0.47728052735328674, 0.1380937099456787
0.26362672448158264, 0.47721990942955017, 0.13811726868152618
0.2636275291442871, 0.477213978767395, 0.13811573386192322
0.26362642645835876, 0.4772239029407501, 0.13811460137367249
0.2636326253414154, 0.4772337079048157, 0.13812348246574402
0.26363322138786316, 0.47724398970603943, 0.13811999559402466
0.2636137902736664, 0.477306991815567, 0.1380915641784668
0.2636147439479828, 0.47730931639671326, 0.13808898627758026
0.2636105716228485, 0.4773094058036804, 0.13807779550552368
0.2636289596557617, 0.4772503674030304, 0.13810467720031738
0.26362916827201843, 0.47725433111190796, 0.13810744881629944
0.26363226771354675, 0.4772336781024933, 0.13811525702476501
0.2636346220970154, 0.47722265124320984, 0.13812297582626343
0.2636191248893738, 0.47726911306381226, 0.13810299336910248
0.26363933086395264, 0.47721612453460693, 0.13812939822673798
0.2636408805847168, 0.47721782326698303, 0.13813206553459167
0.2636297047138214, 0.4772866368293762, 0.13811437785625458
0.26364007592201233, 0.47723937034606934, 0.13812045753002167
0.26363205909729004, 0.4772442877292633, 0.13811030983924866
0.2634415626525879, 0.4770544469356537, 0.13783662021160126
0.263609915971756, 0.47731274366378784, 0.13807827234268188
0.2636100947856903, 0.4773114323616028, 0.13807560503482819
0.2636079788208008, 0.4773038923740387, 0.1380857229232788
0.26362231373786926, 0.47724485397338867, 0.13811209797859192
0.2636023163795471, 0.4772820472717285, 0.13809333741664886
0.26362189650535583, 0.4772147834300995, 0.13812339305877686
0.26361972093582153, 0.4772040843963623, 0.13812404870986938
0.26362890005111694, 0.47721365094184875, 0.13813278079032898
0.2636222839355469, 0.47721561789512634, 0.13812802731990814
0.2636234164237976, 0.4772234857082367, 0.13812167942523956
0.2636036276817322, 0.4772806167602539, 0.13809451460838318
0.2636038362979889, 0.47729572653770447, 0.13808764517307281
0.26360225677490234, 0.47730234265327454, 0.13808102905750275
0.2636023461818695, 0.477305144071579, 0.1380757838487625
0.26360324025154114, 0.47729554772377014, 0.13807928562164307
0.26360267400741577, 0.4772970676422119, 0.13808555901050568
0.263616681098938, 0.47722968459129333, 0.13810530304908752
0.2636239230632782, 0.4772278368473053, 0.1381169557571411
0.26362624764442444, 0.4772310256958008, 0.1381252408027649
0.2636191248893738, 0.477228045463562, 0.13812841475009918
0.26361942291259766, 0.47722509503364563, 0.13812454044818878
0.26362165808677673, 0.47722551226615906, 0.1381317526102066
0.2636074423789978, 0.4772862493991852, 0.1380918025970459
0.2636040449142456, 0.47728314995765686, 0.13808447122573853
0.26361599564552307, 0.477233350276947, 0.13811013102531433
0.2636159360408783, 0.4772408902645111, 0.1381051242351532
0.2636014223098755, 0.4773002564907074, 0.13808412849903107
0.2636052370071411, 0.47729411721229553, 0.1380859762430191
0.26362520456314087, 0.4772395193576813, 0.13812382519245148
0.2636241614818573, 0.4772401750087738, 0.138122096657753
0.2636246681213379, 0.47722941637039185, 0.13812170922756195
0.26360970735549927, 0.4772713780403137, 0.13810040056705475
0.2636229395866394, 0.4772161841392517, 0.13812267780303955
0.26361900568008423, 0.4772144854068756, 0.13811279833316803
0.2636200189590454, 0.4772222638130188, 0.1381208747625351
0.2636210322380066, 0.47722628712654114, 0.13811556994915009
0.2636037766933441, 0.47729063034057617, 0.13809476792812347
0.2636214792728424, 0.47724878787994385, 0.13811150193214417
0.2636241912841797, 0.4772505760192871, 0.13811758160591125
0.2636227607727051, 0.47725650668144226, 0.13811802864074707
0.2636019289493561, 0.47730767726898193, 0.13808520138263702
0.2636137902736664, 0.4772498309612274, 0.13810984790325165
0.2635997533798218, 0.4772878587245941, 0.13809019327163696
0.2636157274246216, 0.47723230719566345, 0.13810907304286957
0.2636139988899231, 0.47723332047462463, 0.13811542093753815
0.26361578702926636, 0.47722774744033813, 0.1381259560585022
0.26361891627311707, 0.47722113132476807, 0.13812628388404846
0.2636178433895111, 0.47723132371902466, 0.1381276696920395
0.2635979950428009, 0.4772856533527374, 0.1380876749753952
0.26359495520591736, 0.4772888123989105, 0.138088196516037
0.26359105110168457, 0.4772990047931671, 0.1380782574415207
0.2635955214500427, 0.47731706500053406, 0.138086199760437
0.26360124349594116, 0.4772578179836273, 0.13810107111930847
0.2636058032512665, 0.47725722193717957, 0.13810643553733826
0.2636027932167053, 0.47725358605384827, 0.13809950649738312
0.26360374689102173, 0.47724032402038574, 0.13810552656650543
0.2636086940765381, 0.47723373770713806, 0.1381129026412964
0.26360493898391724, 0.4772271513938904, 0.13812114298343658
0.2636090815067291, 0.4772236943244934, 0.13812457025051117
0.26360440254211426, 0.47722625732421875, 0.1381179690361023
0.2636057436466217, 0.47723856568336487, 0.13812294602394104
0.263611763715744, 0.4772547781467438, 0.13812296092510223
0.26361221075057983, 0.47726768255233765, 0.1381126195192337
0.26361098885536194, 0.47726669907569885, 0.13811233639717102
0.2636064887046814, 0.47725680470466614, 0.13810724020004272
0.26360973715782166, 0.4772568643093109, 0.1381034553050995
0.26359057426452637, 0.47729572653770447, 0.1380758285522461
0.26361364126205444, 0.4772345721721649, 0.13811451196670532
0.2636142373085022, 0.477234423160553, 0.1381281167268753
0.2636166512966156, 0.4772275984287262, 0.13812576234340668
0.2636112868785858, 0.47723308205604553, 0.13813143968582153
0.2636144757270813, 0.47723472118377686, 0.13812607526779175
0.2635938823223114, 0.47729870676994324, 0.1380879431962967
0.2634052634239197, 0.4770941436290741, 0.13780705630779266
0.26360952854156494, 0.47724711894989014, 0.13809558749198914
0.26359087228775024, 0.47729960083961487, 0.13807867467403412
0.2635926306247711, 0.47730615735054016, 0.13808533549308777
0.26361027359962463, 0.47725170850753784, 0.13812412321567535
0.2636127769947052, 0.4772387444972992, 0.13813120126724243
0.2636174261569977, 0.47723057866096497, 0.138133704662323
0.2636204957962036, 0.477226585149765, 0.13813899457454681
0.26361921429634094, 0.47722163796424866, 0.13812991976737976
0.26361897587776184, 0.4772228002548218, 0.13812629878520966
0.26360630989074707, 0.4772913157939911, 0.13809853792190552
0.26361799240112305, 0.47725099325180054, 0.1381148248910904
0.26361992955207825, 0.47724905610084534, 0.13811764121055603
0.2636070251464844, 0.47730010747909546, 0.1380925178527832
0.26362842321395874, 0.4772549271583557, 0.13811811804771423
0.26362308859825134, 0.4772524833679199, 0.13811853528022766
0.263630747795105, 0.47724175453186035, 0.13812695443630219
0.26362112164497375, 0.4772355258464813, 0.13812874257564545
0.26362374424934387, 0.47722887992858887, 0.13812747597694397
0.2636260986328125, 0.4772264361381531, 0.1381310522556305
0.2636231780052185, 0.47723016142845154, 0.13812611997127533
0.263631135225296, 0.47723761200904846, 0.13813471794128418
0.2636103332042694, 0.4772900342941284, 0.13810144364833832
0.26362958550453186, 0.47724369168281555, 0.13812455534934998
0.2636229693889618, 0.47723937034606934, 0.13810984790325165
0.2636083960533142, 0.47730153799057007, 0.1380878984928131
0.2636212110519409, 0.477241188287735, 0.13811442255973816
0.2635943591594696, 0.47728943824768066, 0.13808806240558624
0.26361730694770813, 0.4772334098815918, 0.13811805844306946
0.26362335681915283, 0.47724246978759766, 0.1381222903728485
0.26362064480781555, 0.47723230719566345, 0.13811816275119781
0.2636193335056305, 0.4772326648235321, 0.13811931014060974
0.26360294222831726, 0.4772719144821167, 0.13808628916740417
0.26362478733062744, 0.4772302508354187, 0.13811863958835602
0.2636202275753021, 0.47722020745277405, 0.13811737298965454
0.2636191248893738, 0.4772244989871979, 0.13811960816383362
0.2636203467845917, 0.4772351384162903, 0.13811923563480377
0.2636201083660126, 0.4772316515445709, 0.13811999559402466
0.26362577080726624, 0.4772355258464813, 0.13812041282653809
0.2636216878890991, 0.4772443473339081, 0.1381094753742218
0.26361843943595886, 0.4772450625896454, 0.1381065398454666
0.26361826062202454, 0.47723689675331116, 0.13810372352600098
0.26362407207489014, 0.4772348701953888, 0.1381034404039383
0.26362690329551697, 0.47723475098609924, 0.13811251521110535
0.2636098265647888, 0.4772871732711792, 0.13808467984199524
0.2636081874370575, 0.47728443145751953, 0.1380888968706131
0.26360949873924255, 0.47728419303894043, 0.1380912810564041
0.26362156867980957, 0.4772239625453949, 0.13811461627483368
0.2636274993419647, 0.47722452878952026, 0.13812753558158875
0.26362112164497375, 0.47722741961479187, 0.13811510801315308
0.26361894607543945, 0.47724205255508423, 0.1381063312292099
0.26360824704170227, 0.47729843854904175, 0.13808070123195648
0.263609379529953, 0.4773041903972626, 0.13808085024356842
0.2636089324951172, 0.4773050844669342, 0.13807767629623413
0.2636076807975769, 0.47730275988578796, 0.13807514309883118
0.26362287998199463, 0.47723230719566345, 0.1381014585494995
0.26361337304115295, 0.47728535532951355, 0.13809357583522797
0.26360660791397095, 0.47727444767951965, 0.13809345662593842
0.26362311840057373, 0.4772072434425354, 0.1381227672100067
0.26362475752830505, 0.4772164523601532, 0.1381300836801529
0.263621985912323, 0.47722330689430237, 0.1381227672100067
0.2636113464832306, 0.4772278368473053, 0.1381157785654068
0.2636118233203888, 0.4772328734397888, 0.13810700178146362
0.2635941505432129, 0.47730326652526855, 0.1380838006734848
0.2636111378669739, 0.47725558280944824, 0.13810238242149353
0.26359888911247253, 0.47730758786201477, 0.13807983696460724
0.26360297203063965, 0.47730380296707153, 0.13808192312717438
0.26361653208732605, 0.477255642414093, 0.13810735940933228
0.26359838247299194, 0.477289617061615, 0.13808052241802216
0.2636142671108246, 0.477229505777359, 0.13811087608337402
0.2636186182498932, 0.4772261083126068, 0.1381278783082962
0.2636258900165558, 0.47722503542900085, 0.1381228119134903
0.26362645626068115, 0.47722145915031433, 0.13812114298343658
0.26362326741218567, 0.47722432017326355, 0.1381165236234665
0.26362448930740356, 0.47723034024238586, 0.1381072998046875
0.26360103487968445, 0.47728464007377625, 0.13807222247123718
0.2634138762950897, 0.47709357738494873, 0.13781598210334778
0.26360848546028137, 0.4773026704788208, 0.1380877047777176
0.2635999917984009, 0.4772995114326477, 0.13807477056980133
0.26361939311027527, 0.4772454500198364, 0.13810870051383972
0.26360395550727844, 0.47729581594467163, 0.13808755576610565
0.2636231780052185, 0.47724175453186035, 0.13811492919921875
0.26360851526260376, 0.477285772562027, 0.1380947083234787
0.26361924409866333, 0.4772195518016815, 0.13811959326267242
0.2636198103427887, 0.4772146940231323, 0.13811343908309937
0.2635982632637024, 0.4772759675979614, 0.1380855143070221
0.26360005140304565, 0.4772891402244568, 0.13808485865592957
0.2636190950870514, 0.47723305225372314, 0.1381094604730606
0.2636205554008484, 0.4772394895553589, 0.13810858130455017
0.2636061906814575, 0.47728776931762695, 0.13808651268482208
0.26360875368118286, 0.477295845746994, 0.13809306919574738
0.2636282742023468, 0.4772493839263916, 0.13811112940311432
0.2636120617389679, 0.47729700803756714, 0.13808545470237732
0.2636018991470337, 0.477292537689209, 0.13809232413768768
0.26362451910972595, 0.47724470496177673, 0.13812030851840973
0.26362746953964233, 0.477242648601532, 0.1381085067987442
0.2636260688304901, 0.4772331416606903, 0.1381121277809143
0.26362118124961853, 0.47723087668418884, 0.13810938596725464
0.2636185586452484, 0.4772219955921173, 0.1381145864725113
0.26361650228500366, 0.47721990942955017, 0.13810770213603973
0.26361533999443054, 0.4772215783596039, 0.13810646533966064
0.2636149525642395, 0.4772322177886963, 0.138101726770401
0.26361575722694397, 0.4772377014160156, 0.13810257613658905
0.2636180520057678, 0.4772412180900574, 0.13811305165290833
0.26362282037734985, 0.47723862528800964, 0.1381152719259262
0.26362231373786926, 0.47723495960235596, 0.13811112940311432
0.26360127329826355, 0.4772869646549225, 0.13807760179042816
0.2636021077632904, 0.4772830605506897, 0.138080894947052
0.263602077960968, 0.4772748649120331, 0.13807405531406403
0.26361921429634094, 0.47721606492996216, 0.1380961686372757
0.26359862089157104, 0.47727257013320923, 0.13807128369808197
0.26361754536628723, 0.4772178828716278, 0.1381049007177353
0.26360446214675903, 0.47726869583129883, 0.1380840539932251
0.263625830411911, 0.47722017765045166, 0.1381140947341919
0.26362577080726624, 0.477214515209198, 0.13810716569423676
0.26362332701683044, 0.4772188365459442, 0.13811244070529938
0.2634338140487671, 0.47701892256736755, 0.13783623278141022
0.2636168599128723, 0.47723332047462463, 0.13810312747955322
0.2636120021343231, 0.4772270619869232, 0.1380995213985443
0.26360177993774414, 0.4772806465625763, 0.13808320462703705
0.26360052824020386, 0.4772965610027313, 0.1380765587091446
0.26359865069389343, 0.47729817032814026, 0.13807159662246704
0.26359322667121887, 0.4772835969924927, 0.13806506991386414
0.26361578702926636, 0.4772310256958008, 0.13809023797512054
0.2635973393917084, 0.4772849977016449, 0.1380670815706253
0.263609379529953, 0.47722387313842773, 0.1380918174982071
0.26359882950782776, 0.47727078199386597, 0.13808639347553253
0.26361456513404846, 0.47722673416137695, 0.13810820877552032
0.263619601726532, 0.4772299826145172, 0.13810822367668152
0.2636190354824066, 0.4772301912307739, 0.1381138265132904
0.2636150121688843, 0.47723209857940674, 0.13811026513576508
0.2635955214500427, 0.4772888720035553, 0.138078510761261
0.26359450817108154, 0.47729307413101196, 0.13806992769241333
0.2635924518108368, 0.4772918224334717, 0.13806791603565216
0.2634037137031555, 0.4770943820476532, 0.13780555129051208
0.263594388961792, 0.47729235887527466, 0.13807302713394165
0.2635953724384308, 0.4772825837135315, 0.1380840539932251
0.26359543204307556, 0.47727617621421814, 0.13809169828891754
0.2636140286922455, 0.477226197719574, 0.13810615241527557
0.2635955512523651, 0.47726911306381226, 0.13807940483093262
0.2636086642742157, 0.4772069752216339, 0.138106107711792
0.26342499256134033, 0.4770156741142273, 0.13783098757266998
0.2636081874370575, 0.47722458839416504, 0.13810478150844574
0.2635955512523651, 0.47727692127227783, 0.13807973265647888
0.26359811425209045, 0.47729453444480896, 0.13808982074260712
0.2636014521121979, 0.4772995412349701, 0.13808442652225494
0.2636151611804962, 0.4772477447986603, 0.1381119042634964
0.2636120915412903, 0.47723978757858276, 0.13810570538043976
0.26361173391342163, 0.47722816467285156, 0.13808970153331757
0.26342806220054626, 0.4770241677761078, 0.1378253549337387
0.26361605525016785, 0.477225124835968, 0.13809950649738312
0.2636241316795349, 0.4772283732891083, 0.13811875879764557
0.26360994577407837, 0.4772822856903076, 0.13809527456760406
0.2636168897151947, 0.47728413343429565, 0.13810811936855316
0.26361143589019775, 0.4772799015045166, 0.13809849321842194
0.2636283040046692, 0.47722285985946655, 0.13811618089675903
0.26362866163253784, 0.47722262144088745, 0.13811273872852325
0.26362350583076477, 0.477225661277771, 0.13811323046684265
0.26362282037734985, 0.4772355854511261, 0.13810834288597107
0.26362165808677673, 0.4772396981716156, 0.13810986280441284
0.26362839341163635, 0.47724100947380066, 0.13811160624027252
0.263606995344162, 0.47729185223579407, 0.1380806416273117
0.26362666487693787, 0.47723856568336487, 0.13810645043849945
0.2636271119117737, 0.4772357940673828, 0.13810841739177704
0.2636260986328125, 0.4772288203239441, 0.13811004161834717
0.26360756158828735, 0.47727423906326294, 0.13808387517929077
0.26362213492393494, 0.4772228002548218, 0.13810980319976807
0.2636197805404663, 0.4772343933582306, 0.1381174623966217
0.26362037658691406, 0.4772236943244934, 0.13812611997127533
0.26362353563308716, 0.4772329032421112, 0.13812649250030518
0.2636212706565857, 0.47723710536956787, 0.1381184458732605
0.2636077105998993, 0.4773000478744507, 0.13809837400913239
0.26361942291259766, 0.47724366188049316, 0.1381075382232666
0.26359888911247253, 0.47729870676994324, 0.13807152211666107
0.2635989189147949, 0.4772990345954895, 0.13807332515716553
0.2636008560657501, 0.4772999584674835, 0.1380775421857834
0.263604074716568, 0.47728756070137024, 0.13808976113796234
0.26361986994743347, 0.4772365689277649, 0.13811980187892914
0.26361775398254395, 0.4772239625453949, 0.13811537623405457
0.2636180520057678, 0.47721344232559204, 0.13811618089675903
0.2636166512966156, 0.4772115647792816, 0.13811273872852325
0.26342856884002686, 0.47700873017311096, 0.13783569633960724
0.2636140286922455, 0.47722098231315613, 0.13810768723487854
0.26362255215644836, 0.47723084688186646, 0.13811932504177094
0.26360926032066345, 0.4772971570491791, 0.1380927860736847
0.263626366853714, 0.4772490859031677, 0.13811364769935608
0.2636084258556366, 0.47729891538619995, 0.13807737827301025
0.26362377405166626, 0.4772389829158783, 0.1380995512008667
0.26360151171684265, 0.47728925943374634, 0.13806872069835663
0.26360559463500977, 0.4772840440273285, 0.138077512383461
0.26362717151641846, 0.47721338272094727, 0.13811033964157104
0.26362553238868713, 0.47721126675605774, 0.13811707496643066
0.263629287481308, 0.4772144854068756, 0.1381172388792038
0.26361820101737976, 0.477277934551239, 0.1380973607301712
0.26363909244537354, 0.4772234857082367, 0.1381276249885559
0.26363033056259155, 0.4772406220436096, 0.13811242580413818
0.26360687613487244, 0.47729355096817017, 0.13807913661003113
0.2634233236312866, 0.47708746790885925, 0.1378088742494583
0.26359978318214417, 0.477283775806427, 0.13806875050067902
0.26360058784484863, 0.47729161381721497, 0.13807445764541626
0.2636261284351349, 0.47723403573036194, 0.1381128877401352
0.2636151909828186, 0.4772176742553711, 0.13811664283275604
0.2636231482028961, 0.4772152900695801, 0.13812464475631714
0.2636328637599945, 0.4772246479988098, 0.13812264800071716
0.26362237334251404, 0.47721776366233826, 0.1381150335073471
0.26362255215644836, 0.47721633315086365, 0.13811160624027252
0.26343193650245667, 0.4770270884037018, 0.13782978057861328
0.2636234760284424, 0.47723865509033203, 0.13811036944389343
0.2636064291000366, 0.47729504108428955, 0.13808608055114746
0.2636195719242096, 0.47724488377571106, 0.13811132311820984
0.2636202573776245, 0.47724437713623047, 0.1381097286939621
0.2636065185070038, 0.4772856831550598, 0.13808390498161316
0.2634139955043793, 0.47706347703933716, 0.13781225681304932
0.2634267210960388, 0.47700923681259155, 0.13782674074172974
0.2636060118675232, 0.47727832198143005, 0.13808561861515045
0.26361823081970215, 0.4772261381149292, 0.13811835646629333
0.26362383365631104, 0.47723257541656494, 0.138125479221344
0.26360011100769043, 0.4772897958755493, 0.138091042637825
0.2636133134365082, 0.4772343039512634, 0.13811209797859192
0.2635910212993622, 0.4772754907608032, 0.13808271288871765
0.26340267062187195, 0.4770756661891937, 0.1378103792667389
0.2634170353412628, 0.4770122766494751, 0.13782939314842224
0.26361116766929626, 0.47721439599990845, 0.1381159871816635
0.263611763715744, 0.4772215187549591, 0.13811184465885162
0.2635924816131592, 0.4772745966911316, 0.13809633255004883
0.26361194252967834, 0.4772312045097351, 0.1381191462278366
0.2635938823223114, 0.47728052735328674, 0.13808810710906982
0.26361244916915894, 0.47722986340522766, 0.1381234973669052
0.2636100947856903, 0.477220356464386, 0.13811732828617096
0.26340731978416443, 0.4770640730857849, 0.13781672716140747
0.26340779662132263, 0.4770655632019043, 0.13781426846981049
0.26361823081970215, 0.4772188365459442, 0.13811717927455902
0.2636009752750397, 0.4772779047489166, 0.13810589909553528
0.26362094283103943, 0.4772201478481293, 0.13813172280788422
0.26362428069114685, 0.47721779346466064, 0.1381298303604126
0.2636220157146454, 0.4772215485572815, 0.13812293112277985
0.2636048495769501, 0.47726961970329285, 0.13809286057949066
0.2636028826236725, 0.4772711396217346, 0.1380908042192459
0.26360511779785156, 0.47727450728416443, 0.13808898627758026
0.26362258195877075, 0.47722843289375305, 0.13811178505420685
0.2636270225048065, 0.47722968459129333, 0.13811331987380981
0.26362571120262146, 0.4772339463233948, 0.138123020529747
0.2636227309703827, 0.4772339463233948, 0.13812144100666046
0.26362404227256775, 0.47723668813705444, 0.13812020421028137
0.2636181712150574, 0.47722098231315613, 0.13811321556568146
0.2636187970638275, 0.47722768783569336, 0.13811248540878296
0.26343217492103577, 0.47702687978744507, 0.13783448934555054
0.2636180520057678, 0.47723013162612915, 0.1381041556596756
0.26360273361206055, 0.47728610038757324, 0.138077974319458
0.2635994851589203, 0.47729313373565674, 0.13807690143585205
0.26360464096069336, 0.4772883355617523, 0.13808673620224
0.2636182904243469, 0.4772343635559082, 0.13810470700263977
0.26361632347106934, 0.4772215783596039, 0.13809967041015625
0.2636168301105499, 0.4772159457206726, 0.1381055861711502
0.26361849904060364, 0.47721385955810547, 0.13810613751411438
0.26360344886779785, 0.4772714674472809, 0.13808907568454742
0.26362302899360657, 0.47722265124320984, 0.13811859488487244
0.2636014223098755, 0.4772857129573822, 0.13807928562164307
0.2636205554008484, 0.4772377610206604, 0.13810332119464874
0.26361608505249023, 0.47724246978759766, 0.13810014724731445
0.26359522342681885, 0.477300763130188, 0.13806629180908203
0.26361164450645447, 0.47724610567092896, 0.13808684051036835
0.2635895609855652, 0.47729071974754333, 0.13806629180908203
0.26359227299690247, 0.4772856533527374, 0.1380823850631714
0.263605535030365, 0.47723034024238586, 0.138098806142807
0.2635951638221741, 0.47728145122528076, 0.13809049129486084
0.26361584663391113, 0.4772243797779083, 0.13811197876930237
0.2636098265647888, 0.4772295355796814, 0.13810575008392334
0.2636079490184784, 0.47723332047462463, 0.13810127973556519
0.26359227299690247, 0.4772907495498657, 0.13808207213878632
0.26360824704170227, 0.4772379696369171, 0.13809722661972046
0.26359859108924866, 0.47723519802093506, 0.138098806142807
0.26358523964881897, 0.47728195786476135, 0.1380787342786789
0.2634156346321106, 0.47702717781066895, 0.13783268630504608
0.2635871469974518, 0.47729071974754333, 0.13808055222034454
0.2636081576347351, 0.47724270820617676, 0.13810837268829346
0.2636130452156067, 0.4772505760192871, 0.13811545073986053
0.26360949873924255, 0.47724488377571106, 0.1381097435951233
0.26360899209976196, 0.4772484600543976, 0.13811016082763672
0.26361167430877686, 0.47724905610084534, 0.1381048858165741
0.26359209418296814, 0.47729870676994324, 0.1380821317434311
0.2636081278324127, 0.47724515199661255, 0.13810193538665771
0.26361358165740967, 0.477236807346344, 0.138105571269989
0.2636130154132843, 0.4772278070449829, 0.13811451196670532
0.26361531019210815, 0.47722458839416504, 0.13811610639095306
0.2636079788208008, 0.47722363471984863, 0.1381109058856964
0.26360777020454407, 0.47723153233528137, 0.13812364637851715
0.26361703872680664, 0.4772399067878723, 0.13812093436717987
0.2636190950870514, 0.47724124789237976, 0.13811521232128143
0.2636186182498932, 0.47723594307899475, 0.1381136178970337
0.2636023163795471, 0.4772995412349701, 0.138080894947052
0.2635971009731293, 0.4772963225841522, 0.13807028532028198
0.2636008560657501, 0.4772951304912567, 0.13806988298892975
0.26361387968063354, 0.4772375226020813, 0.13809603452682495
0.26361793279647827, 0.4772360324859619, 0.13810965418815613
0.26361724734306335, 0.4772304594516754, 0.13811227679252625
0.2636209726333618, 0.4772282540798187, 0.1381169557571411
0.26362481713294983, 0.47722330689430237, 0.13812169432640076
0.26362016797065735, 0.4772266447544098, 0.1381198912858963
0.26343196630477905, 0.477019727230072, 0.1378416270017624
0.26360198855400085, 0.4772781729698181, 0.138087660074234
0.263603150844574, 0.47728848457336426, 0.1380854845046997
0.26359766721725464, 0.47729602456092834, 0.13807158172130585
0.2636166214942932, 0.4772518277168274, 0.13810285925865173
0.2636100649833679, 0.4772385060787201, 0.13809946179389954
0.2636115550994873, 0.4772370755672455, 0.1380922794342041
0.2636148929595947, 0.4772321879863739, 0.1380988508462906
0.2636224925518036, 0.4772285223007202, 0.13811229169368744
0.26341956853866577, 0.4770717918872833, 0.1378190815448761
0.2636190354824066, 0.47723162174224854, 0.13811349868774414
0.2636241912841797, 0.47723329067230225, 0.1381099671125412
0.2636028826236725, 0.47729066014289856, 0.1380879431962967
0.2636192739009857, 0.4772450625896454, 0.13811488449573517
0.26361939311027527, 0.47724178433418274, 0.1381094753742218
0.2636148929595947, 0.47723352909088135, 0.13811832666397095
0.26342853903770447, 0.47700923681259155, 0.1378311812877655
0.26361143589019775, 0.47720831632614136, 0.13809633255004883
0.2636170983314514, 0.47721827030181885, 0.138109490275383
0.26362231373786926, 0.47722721099853516, 0.13811267912387848
0.26361995935440063, 0.47723984718322754, 0.13810506463050842
0.2636221945285797, 0.47724735736846924, 0.13810724020004272
0.2636047899723053, 0.47729814052581787, 0.1380826234817505
0.26360517740249634, 0.4772980809211731, 0.1380777806043625
0.263425350189209, 0.47703078389167786, 0.1378198266029358
0.26361745595932007, 0.47723519802093506, 0.13810868561267853
0.2635960578918457, 0.4772723615169525, 0.13807989656925201
0.263594388961792, 0.47726520895957947, 0.13808731734752655
0.2636150121688843, 0.4772103726863861, 0.13811515271663666
0.2636125683784485, 0.47720867395401, 0.13811199367046356
0.26361197233200073, 0.47722744941711426, 0.13811299204826355
0.2635917365550995, 0.4772857427597046, 0.13808630406856537
0.26342830061912537, 0.4770365059375763, 0.13782969117164612
0.2635924220085144, 0.47729983925819397, 0.1380656510591507
0.2636065185070038, 0.47731855511665344, 0.13807882368564606
0.2636001706123352, 0.47730425000190735, 0.13807575404644012
0.2636001706123352, 0.47729238867759705, 0.13808804750442505
0.26361146569252014, 0.4772256314754486, 0.1381055861711502
0.26361092925071716, 0.47721102833747864, 0.13811585307121277
0.26361697912216187, 0.4772108495235443, 0.13811925053596497
0.263614684343338, 0.47720882296562195, 0.13811931014060974
0.26362279057502747, 0.477215051651001, 0.13810373842716217
0.2636280059814453, 0.4772275686264038, 0.13810867071151733
0.26361584663391113, 0.4772951602935791, 0.1380840390920639
0.2636129558086395, 0.477308988571167, 0.13807810842990875
0.26361215114593506, 0.4773143231868744, 0.1380789428949356
0.2636166512966156, 0.4773123860359192, 0.13808441162109375
0.2636294364929199, 0.47725042700767517, 0.13810831308364868
0.2636009454727173, 0.47729232907295227, 0.13808539509773254
0.26359906792640686, 0.4772789776325226, 0.1380857527256012
0.2636171281337738, 0.47721371054649353, 0.13811597228050232
0.26362094283103943, 0.47721055150032043, 0.1381160020828247
0.26361823081970215, 0.4772077202796936, 0.13811729848384857
0.2636233866214752, 0.4772125780582428, 0.13812057673931122
0.26362529397010803, 0.4772228002548218, 0.13810913264751434
0.2636210024356842, 0.4772401750087738, 0.1381041556596756
0.2635986804962158, 0.4772963225841522, 0.13806301355361938
0.26358747482299805, 0.4773049056529999, 0.13806380331516266
0.2633959650993347, 0.4771011173725128, 0.13778439164161682
0.2634144127368927, 0.4770504832267761, 0.137820303440094
0.26360154151916504, 0.477243036031723, 0.13809584081172943
0.26358896493911743, 0.4772999882698059, 0.13808059692382812
0.2636104226112366, 0.4772332012653351, 0.13810710608959198
0.26361626386642456, 0.4772185683250427, 0.13810692727565765
0.2636106312274933, 0.47727468609809875, 0.13808247447013855
0.26341813802719116, 0.4770737290382385, 0.1378020942211151
0.2635912597179413, 0.47728171944618225, 0.13806301355361938
0.2635899484157562, 0.4772951602935791, 0.13806845247745514
0.26361310482025146, 0.4772484600543976, 0.13810139894485474
0.26359879970550537, 0.47730526328086853, 0.13808760046958923
0.2636193335056305, 0.4772475063800812, 0.1381077617406845
0.2634384334087372, 0.47702938318252563, 0.13784129917621613
0.26362869143486023, 0.47722628712654114, 0.13811643421649933
0.2636234164237976, 0.4772314727306366, 0.13811689615249634
0.26362577080726624, 0.47722235321998596, 0.1381213217973709
0.26360663771629333, 0.4772820472717285, 0.1380951851606369
0.263612300157547, 0.4772932231426239, 0.13808690011501312
0.26360803842544556, 0.47729408740997314, 0.13808123767375946
0.2636087238788605, 0.47729626297950745, 0.13809344172477722
0.2636049687862396, 0.47729241847991943, 0.13808998465538025
0.2636081874370575, 0.4772891700267792, 0.1380918174982071
0.2636260986328125, 0.47722765803337097, 0.13811860978603363
0.2636215388774872, 0.4772259593009949, 0.13812156021595
0.2636246979236603, 0.47723323106765747, 0.13812249898910522
0.2636251747608185, 0.47723764181137085, 0.13812507688999176
0.26362529397010803, 0.47723886370658875, 0.1381271779537201
0.2636239528656006, 0.47724708914756775, 0.13812044262886047
0.26360565423965454, 0.47729483246803284, 0.138084277510643
0.2634182572364807, 0.47708651423454285, 0.13780340552330017
0.263416051864624, 0.47708165645599365, 0.13780471682548523
0.26360884308815, 0.47729620337486267, 0.13808371126651764
0.2636254131793976, 0.47723662853240967, 0.1381116658449173
0.26362326741218567, 0.4772259593009949, 0.13810735940933228
0.26361969113349915, 0.47721531987190247, 0.1381087452173233
0.2636260390281677, 0.4772123396396637, 0.13810615241527557
0.2634297013282776, 0.4770066738128662, 0.13782598078250885
0.2636216878890991, 0.47721046209335327, 0.1380980759859085
0.26362699270248413, 0.477215975522995, 0.13809464871883392
0.2636094093322754, 0.4772741496562958, 0.13806910812854767
0.26361769437789917, 0.47727733850479126, 0.13807812333106995
0.26362740993499756, 0.477225661277771, 0.13810496032238007
0.26362675428390503, 0.4772377014160156, 0.13811209797859192
0.26361700892448425, 0.4772831201553345, 0.13808926939964294
0.2636231482028961, 0.4772293269634247, 0.1381138563156128
0.26361945271492004, 0.477230042219162, 0.13811537623405457
0.26361703872680664, 0.4772265553474426, 0.1381140947341919
0.2636137306690216, 0.4772168695926666, 0.13811446726322174
0.2636141777038574, 0.47721362113952637, 0.13811123371124268
0.2636140286922455, 0.4772200286388397, 0.13811331987380981
0.2636171281337738, 0.47722092270851135, 0.1381157785654068
0.26360100507736206, 0.4772808849811554, 0.13809071481227875
0.26341429352760315, 0.4770774841308594, 0.13782040774822235
0.26343151926994324, 0.4770302474498749, 0.137847438454628
0.2636180520057678, 0.47722867131233215, 0.13811643421649933
0.26360318064689636, 0.4772818088531494, 0.13810338079929352
0.2636229991912842, 0.477230042219162, 0.13813595473766327
0.26362040638923645, 0.47722259163856506, 0.13812285661697388
0.26361149549484253, 0.47721970081329346, 0.1381172090768814
0.2635922431945801, 0.47727170586586, 0.13808077573776245
0.263593465089798, 0.4772658050060272, 0.13806381821632385
0.26359203457832336, 0.4772707521915436, 0.1380697637796402
0.26359960436820984, 0.47727563977241516, 0.13808052241802216
0.26361340284347534, 0.47722476720809937, 0.13810501992702484
0.26361924409866333, 0.4772171676158905, 0.13812069594860077
0.26362547278404236, 0.4772202968597412, 0.13813433051109314
0.26362714171409607, 0.477217435836792, 0.13813404738903046
0.26362133026123047, 0.4772128760814667, 0.13812923431396484
0.2636023163795471, 0.4772649109363556, 0.13809914886951447
0.26361268758773804, 0.4772270917892456, 0.13811391592025757
0.2635989487171173, 0.47728562355041504, 0.1380804479122162
0.26359325647354126, 0.47728243470191956, 0.1380738765001297
0.26361390948295593, 0.4772431552410126, 0.13811074197292328
0.26360079646110535, 0.4772971272468567, 0.13808494806289673
0.2635993957519531, 0.47729283571243286, 0.13809020817279816
0.263618528842926, 0.4772278666496277, 0.1381170004606247
0.2636168599128723, 0.47721460461616516, 0.13811378180980682
0.26342764496803284, 0.47700878977775574, 0.13784006237983704
0.2634301483631134, 0.4770139753818512, 0.13784758746623993
0.2634311318397522, 0.47702887654304504, 0.13785094022750854
0.2636137902736664, 0.47724130749702454, 0.13812264800071716
0.26361045241355896, 0.477245956659317, 0.13812057673931122
0.26361167430877686, 0.47725123167037964, 0.13811565935611725
0.2635944187641144, 0.47729358077049255, 0.13809019327163696
0.26359647512435913, 0.4772863984107971, 0.13808006048202515
0.2634291350841522, 0.47702375054359436, 0.13783806562423706
0.2636048197746277, 0.4772796630859375, 0.13809902966022491
0.26361188292503357, 0.4772809147834778, 0.13810491561889648
0.26362302899360657, 0.47723162174224854, 0.13812491297721863
0.26362380385398865, 0.4772331416606903, 0.13813620805740356
0.26360341906547546, 0.4772888720035553, 0.13810469210147858
0.2636067569255829, 0.47729310393333435, 0.1380966305732727
0.2634239196777344, 0.4770223796367645, 0.13782788813114166
0.2634085416793823, 0.4770791530609131, 0.13780267536640167
0.2636038064956665, 0.477302610874176, 0.13808214664459229
0.26360416412353516, 0.47730058431625366, 0.13808171451091766
0.2636214792728424, 0.4772445559501648, 0.13811910152435303
0.26362356543540955, 0.4772367775440216, 0.1381189078092575
0.2636274993419647, 0.47723543643951416, 0.13811856508255005
0.2636267840862274, 0.4772181510925293, 0.13811486959457397
0.2636091411113739, 0.4772695302963257, 0.13809208571910858
0.2634284794330597, 0.4770065248012543, 0.13783328235149384
0.26362547278404236, 0.47721850872039795, 0.13811396062374115
0.2636297941207886, 0.4772295355796814, 0.1381145864725113
0.2636096477508545, 0.4772975444793701, 0.13808801770210266
0.26360780000686646, 0.47730696201324463, 0.13808569312095642
0.2636205554008484, 0.4772520661354065, 0.13811010122299194
0.2636052668094635, 0.47729647159576416, 0.13807958364486694
0.26342812180519104, 0.47702595591545105, 0.13782857358455658
0.26343390345573425, 0.4770205616950989, 0.13782615959644318
0.26361939311027527, 0.4772248864173889, 0.13810117542743683
0.2636081278324127, 0.47727447748184204, 0.138091579079628
0.26360616087913513, 0.47727954387664795, 0.13810156285762787
0.2636337876319885, 0.47723087668418884, 0.13812603056430817
0.26363205909729004, 0.4772321879863739, 0.13812875747680664
0.2636260390281677, 0.47723817825317383, 0.1381135880947113
0.2634325623512268, 0.47702398896217346, 0.13782958686351776
0.26343515515327454, 0.4770171642303467, 0.13781952857971191
0.26343435049057007, 0.477017879486084, 0.13782723248004913
0.26361018419265747, 0.4772984981536865, 0.13808171451091766
0.26362675428390503, 0.47724905610084534, 0.13810640573501587
0.2636134624481201, 0.47730645537376404, 0.1380952000617981
0.2636253535747528, 0.47724950313568115, 0.1381160318851471
0.2636045217514038, 0.47729718685150146, 0.13808758556842804
0.263621985912323, 0.47723618149757385, 0.13811272382736206
0.2634277641773224, 0.477014422416687, 0.13782519102096558
0.2634238004684448, 0.4770132601261139, 0.13781839609146118
0.26362165808677673, 0.47721201181411743, 0.13810257613658905
0.2636193633079529, 0.47721898555755615, 0.1381136178970337
0.26360446214675903, 0.47728458046913147, 0.13808195292949677
0.2636178135871887, 0.47724035382270813, 0.13811172544956207
0.2636229395866394, 0.4772445559501648, 0.13811399042606354
0.2636142671108246, 0.47725388407707214, 0.1381046026945114
0.2636129856109619, 0.47724416851997375, 0.1381019651889801
0.26341602206230164, 0.47708362340927124, 0.1377958357334137
0.26341357827186584, 0.47708404064178467, 0.13779893517494202
0.2636193037033081, 0.4772406220436096, 0.13810181617736816
0.2636273503303528, 0.4772353768348694, 0.13811977207660675
0.26362690329551697, 0.47723260521888733, 0.13811960816383362
0.2636239230632782, 0.4772283434867859, 0.13812045753002167
0.2636224925518036, 0.47721970081329346, 0.1381213366985321
0.26342812180519104, 0.4770115613937378, 0.1378304809331894
0.26342982053756714, 0.47701606154441833, 0.13783010840415955
0.2634207010269165, 0.4770749807357788, 0.13780896365642548
0.2636081278324127, 0.47729697823524475, 0.13808834552764893
0.2636156678199768, 0.4773128628730774, 0.13810096681118011
0.26361122727394104, 0.47731271386146545, 0.13810497522354126
0.2636113464832306, 0.4773028492927551, 0.13809943199157715
0.2636016309261322, 0.47729167342185974, 0.1380831003189087
0.2634133994579315, 0.4770691394805908, 0.13780397176742554
0.26340821385383606, 0.47705644369125366, 0.13780000805854797
0.26361438632011414, 0.4772103726863861, 0.13810111582279205
0.26362812519073486, 0.47721630334854126, 0.13811475038528442
0.26362279057502747, 0.47722530364990234, 0.13811999559402466
0.2636311650276184, 0.47724512219429016, 0.1381242275238037
0.26362738013267517, 0.4772432744503021, 0.1381223499774933
0.26360851526260376, 0.4772893786430359, 0.13809308409690857
0.2634125351905823, 0.477075457572937, 0.13779620826244354
0.26340627670288086, 0.4770697057247162, 0.1377916932106018
0.26342400908470154, 0.4770219027996063, 0.13780876994132996
0.2636015713214874, 0.4772893786430359, 0.1380753368139267
0.26362666487693787, 0.4772416651248932, 0.13811977207660675
0.2636201083660126, 0.4772346019744873, 0.13811257481575012
0.26362115144729614, 0.47722330689430237, 0.13811129331588745
0.2636012136936188, 0.47727862000465393, 0.13808254897594452
0.2634303867816925, 0.4770123064517975, 0.13782210648059845
0.2634316682815552, 0.47701314091682434, 0.1378181427717209
0.26342400908470154, 0.47701001167297363, 0.1378130465745926
0.26335322856903076, 0.47696876525878906, 0.13772036135196686
0.2636241018772125, 0.47724413871765137, 0.1381041258573532
0.2636256814002991, 0.4772397577762604, 0.1381048858165741
0.263629674911499, 0.47724422812461853, 0.13810673356056213
0.26360854506492615, 0.4772908389568329, 0.13807648420333862
0.2636083960533142, 0.477279394865036, 0.13807128369808197
0.263435035943985, 0.4770112633705139, 0.1378173977136612
0.2634405195713043, 0.47701719403266907, 0.13782024383544922
0.2636262774467468, 0.47722798585891724, 0.13809643685817719
0.2636340856552124, 0.4772380292415619, 0.13811923563480377
0.26363328099250793, 0.47724097967147827, 0.13811853528022766
0.26363080739974976, 0.4772440791130066, 0.13811592757701874
0.2636320888996124, 0.4772453308105469, 0.13811016082763672
0.26361286640167236, 0.4772903621196747, 0.13808250427246094
0.26342880725860596, 0.4770299792289734, 0.1378127932548523
0.26341503858566284, 0.4770263731479645, 0.1378096640110016
0.2636072635650635, 0.4772384464740753, 0.13810183107852936
0.2636074125766754, 0.4772409498691559, 0.13811327517032623
0.2635885775089264, 0.47730037569999695, 0.13809436559677124
0.2636101543903351, 0.4772493243217468, 0.13811826705932617
0.2636144757270813, 0.47723323106765747, 0.13811340928077698
0.2634166479110718, 0.4770723283290863, 0.13781139254570007
0.26340997219085693, 0.4770664870738983, 0.137798473238945
0.2634136378765106, 0.47707706689834595, 0.1378040760755539
0.263602614402771, 0.47728967666625977, 0.13808846473693848
0.2636186480522156, 0.47724470496177673, 0.1381143033504486
0.2636030912399292, 0.4772939085960388, 0.13809308409690857
0.26362255215644836, 0.4772386848926544, 0.13811495900154114
0.26361802220344543, 0.477233350276947, 0.1381179690361023
0.2636191248893738, 0.4772307574748993, 0.13810937106609344
0.2636009752750397, 0.47728225588798523, 0.1380748748779297
0.26341140270233154, 0.4770713746547699, 0.13780853152275085
0.2634323239326477, 0.47702425718307495, 0.1378389596939087
0.2636200189590454, 0.4772437512874603, 0.13811738789081573
0.2636215090751648, 0.47724100947380066, 0.1381150484085083
0.26362425088882446, 0.4772389829158783, 0.13812878727912903
0.2636213004589081, 0.4772336781024933, 0.1381111890077591
0.2636162340641022, 0.47722089290618896, 0.1381012350320816
0.2634286880493164, 0.4770109951496124, 0.13782241940498352
0.26342785358428955, 0.47700974345207214, 0.1378214806318283
0.2634141445159912, 0.4770723581314087, 0.13779914379119873
0.26362088322639465, 0.47724097967147827, 0.13811439275741577
0.2636288106441498, 0.477242112159729, 0.13812829554080963
0.263626366853714, 0.4772496521472931, 0.13812531530857086
0.26360824704170227, 0.47729727625846863, 0.13809086382389069
0.26360392570495605, 0.47729018330574036, 0.13808637857437134
0.2634071707725525, 0.47706371545791626, 0.13779085874557495
0.26342806220054626, 0.47702500224113464, 0.13781747221946716
0.26361560821533203, 0.4772266149520874, 0.1380988210439682
0.26361510157585144, 0.4772357940673828, 0.13810968399047852
0.2636167109012604, 0.47724077105522156, 0.13811106979846954
0.2636154890060425, 0.47723719477653503, 0.13810721039772034
0.26361826062202454, 0.47723376750946045, 0.1381143182516098
0.2635989189147949, 0.47728270292282104, 0.138081356883049
0.2634321451187134, 0.4770224988460541, 0.13782918453216553
0.2634333372116089, 0.4770197868347168, 0.13782896101474762
0.2636050581932068, 0.4772850573062897, 0.13808594644069672
0.2636260986328125, 0.47723957896232605, 0.13812516629695892
0.26362499594688416, 0.4772419035434723, 0.13812287151813507
0.2636266052722931, 0.47724097967147827, 0.13812415301799774
0.2636224627494812, 0.4772323668003082, 0.13811762630939484
0.26361656188964844, 0.47722288966178894, 0.13810481131076813
0.2634260952472687, 0.4770081043243408, 0.13782130181789398
0.26361632347106934, 0.4772101044654846, 0.13809862732887268
0.26361778378486633, 0.47722190618515015, 0.13810914754867554
0.26360249519348145, 0.4772886335849762, 0.1380871832370758
0.26362675428390503, 0.47724708914756775, 0.13812768459320068
0.263632208108902, 0.4772508442401886, 0.13813498616218567
0.26362478733062744, 0.4772503077983856, 0.13812248408794403
0.2636204659938812, 0.47723889350891113, 0.13811932504177094
0.26340463757514954, 0.47707098722457886, 0.13779890537261963
0.2634245455265045, 0.47701412439346313, 0.13780811429023743
0.2635970711708069, 0.4772823452949524, 0.1380651742219925
0.26361703872680664, 0.47723475098609924, 0.13810278475284576
0.26361963152885437, 0.4772398769855499, 0.13811761140823364
0.26362156867980957, 0.47724685072898865, 0.13811956346035004
0.26362213492393494, 0.47723424434661865, 0.13811767101287842
0.2636217474937439, 0.47722557187080383, 0.13811419904232025
0.2634289562702179, 0.4770141541957855, 0.13782279193401337
0.2634100317955017, 0.47707703709602356, 0.13780032098293304
0.26343047618865967, 0.47702836990356445, 0.13782304525375366
0.2636092007160187, 0.47729727625846863, 0.13808484375476837
0.2636086940765381, 0.47730395197868347, 0.13808684051036835
0.26359590888023376, 0.4772970676422119, 0.13808193802833557
0.2636050283908844, 0.47729161381721497, 0.13808327913284302
0.26361867785453796, 0.47723066806793213, 0.1381050944328308
0.2636106610298157, 0.4772157371044159, 0.138085275888443
0.2634247839450836, 0.4769974946975708, 0.13782142102718353
0.2634146213531494, 0.47704949975013733, 0.1378021091222763
0.2636312246322632, 0.4772256910800934, 0.13810990750789642
0.2636277377605438, 0.47723883390426636, 0.13810960948467255
0.26361584663391113, 0.47729310393333435, 0.13810089230537415
0.2636125385761261, 0.47730231285095215, 0.13809451460838318
0.2636081278324127, 0.4773012101650238, 0.13807670772075653
0.26341354846954346, 0.47707587480545044, 0.13779066503047943
0.26341181993484497, 0.4770737886428833, 0.137797012925148
0.26343128085136414, 0.4770220220088959, 0.13782064616680145
0.26360398530960083, 0.4772782325744629, 0.13807663321495056
0.26363053917884827, 0.4772246479988098, 0.13811095058918
0.26361557841300964, 0.47728005051612854, 0.13808967173099518
0.26361581683158875, 0.47727811336517334, 0.13808882236480713
0.2636120021343231, 0.47727644443511963, 0.13809417188167572
0.26343679428100586, 0.47701284289360046, 0.1378341019153595
0.2634328305721283, 0.47701290249824524, 0.13783521950244904
0.263427197933197, 0.4770243167877197, 0.1378324329853058
0.26362144947052, 0.4772354066371918, 0.13811838626861572
0.26361194252967834, 0.4772944748401642, 0.1380963772535324
0.2636108696460724, 0.4773009717464447, 0.13809260725975037
0.2636057436466217, 0.47729408740997314, 0.13808946311473846
0.26362112164497375, 0.47723037004470825, 0.1381099969148636
0.2634285092353821, 0.47702252864837646, 0.1378270387649536
0.2636148929595947, 0.4772183299064636, 0.1381007730960846
0.2634413540363312, 0.4770154356956482, 0.13783958554267883
0.2636229693889618, 0.4772247076034546, 0.13811418414115906
0.2636275291442871, 0.47723767161369324, 0.13812148571014404
0.26361116766929626, 0.47728821635246277, 0.1380947083234787
0.2636174261569977, 0.4772978723049164, 0.13810904324054718
0.26360681653022766, 0.4772873520851135, 0.1380840688943863
0.26360127329826355, 0.4772868752479553, 0.1380770355463028
0.26343172788619995, 0.4770214557647705, 0.1378270387649536
0.26360148191452026, 0.47728440165519714, 0.13807833194732666
0.26362344622612, 0.4772356152534485, 0.13810043036937714
0.26362431049346924, 0.4772360622882843, 0.13810783624649048
0.2636276185512543, 0.4772440493106842, 0.13812129199504852
0.26361286640167236, 0.4772967994213104, 0.1380985826253891
0.26362690329551697, 0.47723525762557983, 0.1381196826696396
0.26362553238868713, 0.4772244691848755, 0.13811872899532318
0.26362180709838867, 0.4772197902202606, 0.13811242580413818
0.26361584663391113, 0.4772201180458069, 0.13810031116008759
0.2636220455169678, 0.47722262144088745, 0.13811218738555908
0.2636265158653259, 0.4772305190563202, 0.13812075555324554
0.2636205554008484, 0.4772394597530365, 0.138107568025589
0.26361098885536194, 0.4772970974445343, 0.13808944821357727
0.26360535621643066, 0.47729548811912537, 0.1380864381790161
0.26360830664634705, 0.47730085253715515, 0.13808754086494446
0.26360300183296204, 0.47729426622390747, 0.13807345926761627
0.26361948251724243, 0.47722911834716797, 0.13810467720031738
0.2636183798313141, 0.47723329067230225, 0.1381097435951233
0.2636033594608307, 0.47728461027145386, 0.13808251917362213
0.26361799240112305, 0.4772215485572815, 0.13811059296131134
0.2636244297027588, 0.47721654176712036, 0.13812009990215302
0.2636242210865021, 0.4772239923477173, 0.13811582326889038
0.2636192739009857, 0.4772273600101471, 0.1381133645772934
0.26362350583076477, 0.47722724080085754, 0.13810966908931732
0.2636183798313141, 0.47723186016082764, 0.13810038566589355
0.26343420147895813, 0.4770413637161255, 0.1378362774848938
0.26360809803009033, 0.4773009419441223, 0.13808248937129974
0.2636064291000366, 0.47729918360710144, 0.13809047639369965
0.2636224627494812, 0.4772447347640991, 0.13810335099697113
0.263616681098938, 0.4772334694862366, 0.13810379803180695
0.263618528842926, 0.47722217440605164, 0.13811340928077698
0.26361337304115295, 0.47720637917518616, 0.13810311257839203
0.2636148929595947, 0.4772217869758606, 0.1381102055311203
0.26361700892448425, 0.4772169589996338, 0.13810431957244873
0.26361846923828125, 0.47722128033638, 0.13811053335666656
0.263619601726532, 0.4772394001483917, 0.13810062408447266
0.26360416412353516, 0.4773001968860626, 0.13808301091194153
0.26360374689102173, 0.4772988557815552, 0.13809502124786377
0.26360273361206055, 0.4773015081882477, 0.13808538019657135
0.26362133026123047, 0.47724777460098267, 0.13810618221759796
0.2636187672615051, 0.4772328734397888, 0.1381102204322815
0.2636212408542633, 0.47722792625427246, 0.13811007142066956
0.26362478733062744, 0.4772254228591919, 0.13811823725700378
0.26362207531929016, 0.4772224724292755, 0.13811460137367249
0.26362767815589905, 0.47722315788269043, 0.13811886310577393
0.26362666487693787, 0.47722500562667847, 0.13811342418193817
0.2636263072490692, 0.4772273004055023, 0.13811101019382477
0.2636306881904602, 0.4772261381149292, 0.13810668885707855
0.2636280655860901, 0.47722530364990234, 0.13810847699642181
0.2636204659938812, 0.4772335886955261, 0.13810782134532928
0.2636089026927948, 0.4772837460041046, 0.13809262216091156
0.2636254131793976, 0.47722670435905457, 0.1381198614835739
0.26362740993499756, 0.47722968459129333, 0.13812445104122162
0.26361149549484253, 0.4772864580154419, 0.13809923827648163
0.26362571120262146, 0.47722527384757996, 0.138114795088768
0.2636057734489441, 0.4772759675979614, 0.1380893439054489
0.2636210024356842, 0.4772365093231201, 0.13810189068317413
0.2636174261569977, 0.4772363603115082, 0.13810324668884277
0.2636045217514038, 0.4772917926311493, 0.13808384537696838
0.2636180818080902, 0.4772372841835022, 0.13810515403747559
0.2635989189147949, 0.47728484869003296, 0.1380712240934372
0.26361751556396484, 0.4772256314754486, 0.1381128430366516
0.263620525598526, 0.4772240221500397, 0.1381218284368515
0.2636176645755768, 0.4772222340106964, 0.1381191462278366
0.26360657811164856, 0.47727319598197937, 0.13809789717197418
0.2636106610298157, 0.4772729277610779, 0.1380930244922638
0.2636072039604187, 0.47728344798088074, 0.13809263706207275
0.26362237334251404, 0.4772392213344574, 0.13811041414737701
0.26360535621643066, 0.4772906005382538, 0.13807909190654755
0.2636195421218872, 0.47723865509033203, 0.13810455799102783
0.2636100649833679, 0.47722992300987244, 0.13809338212013245
0.26359960436820984, 0.477276474237442, 0.13807356357574463
0.26360318064689636, 0.4772815704345703, 0.13808350265026093
0.2636007070541382, 0.4772808253765106, 0.1380823701620102
0.2636207640171051, 0.4772281050682068, 0.13811102509498596
0.2636204957962036, 0.47722476720809937, 0.13811790943145752
0.2636246085166931, 0.47723084688186646, 0.13811661303043365
0.2636120915412903, 0.47728824615478516, 0.1380952149629593
0.2636018693447113, 0.4772852063179016, 0.13807810842990875
0.2636103332042694, 0.4772903621196747, 0.13807201385498047
0.26362133026123047, 0.4772275984287262, 0.138094961643219
0.26360493898391724, 0.4772800803184509, 0.13806794583797455
0.2636069357395172, 0.47728267312049866, 0.1380767673254013
0.2636122703552246, 0.47727975249290466, 0.13807401061058044
0.26363658905029297, 0.4772292673587799, 0.13811486959457397
0.2636418640613556, 0.47722434997558594, 0.1381126195192337
0.26364272832870483, 0.47722354531288147, 0.13811782002449036
0.2636442482471466, 0.4772162139415741, 0.13811688125133514
0.26364633440971375, 0.47722095251083374, 0.13812114298343658
0.2636236250400543, 0.4772748649120331, 0.13808196783065796
0.2636277675628662, 0.47728103399276733, 0.13808798789978027
0.2636173963546753, 0.47727853059768677, 0.13807961344718933
0.26361367106437683, 0.47728025913238525, 0.13807682693004608
0.26361972093582153, 0.4772862493991852, 0.13808013498783112
0.2636198103427887, 0.4772881865501404, 0.13808703422546387
0.2636357247829437, 0.4772309362888336, 0.13810847699642181
0.263638973236084, 0.4772237539291382, 0.13811235129833221
0.2636376619338989, 0.47721558809280396, 0.13811177015304565
0.2636391818523407, 0.4772184193134308, 0.1381155550479889
0.2636457085609436, 0.47722262144088745, 0.13812164962291718
0.26363426446914673, 0.477223664522171, 0.13810795545578003
0.26362016797065735, 0.4772847294807434, 0.13809086382389069
0.2636064291000366, 0.47727859020233154, 0.13808685541152954
0.2636231482028961, 0.47723087668418884, 0.13810724020004272
0.263619989156723, 0.47722798585891724, 0.1380997598171234
0.26341450214385986, 0.47708213329315186, 0.13780441880226135
0.26341569423675537, 0.47707676887512207, 0.13781309127807617
0.26360219717025757, 0.4772815704345703, 0.13808320462703705
0.26362791657447815, 0.4772335886955261, 0.13811008632183075
0.26363083720207214, 0.47723188996315, 0.13810880482196808
0.26363605260849, 0.4772360026836395, 0.13811758160591125
0.2636217474937439, 0.47729212045669556, 0.13808764517307281
0.26360997557640076, 0.4772776961326599, 0.13806994259357452
0.26362162828445435, 0.477222204208374, 0.13809721171855927
0.2636061906814575, 0.4772810935974121, 0.13807110488414764
0.26359957456588745, 0.4772864580154419, 0.1380801498889923
0.26359373331069946, 0.4772743284702301, 0.1380860060453415
0.2636147141456604, 0.4772244095802307, 0.13811756670475006
0.2636047601699829, 0.4772859513759613, 0.13809266686439514
0.2636103332042694, 0.47722604870796204, 0.13811250030994415
0.263594388961792, 0.47727954387664795, 0.13808031380176544
0.263419508934021, 0.4770287871360779, 0.1378324329853058
0.2634013295173645, 0.47707825899124146, 0.13779152929782867
0.263605535030365, 0.4772345721721649, 0.13809745013713837
0.2636079490184784, 0.4772372245788574, 0.13810978829860687
0.26361119747161865, 0.4772345721721649, 0.13810478150844574
0.2636125385761261, 0.4772310256958008, 0.13810516893863678
0.26362162828445435, 0.47722259163856506, 0.1381160318851471
0.2636195123195648, 0.4772219657897949, 0.13811326026916504
0.2634168267250061, 0.4770752489566803, 0.1378106027841568
0.2635960578918457, 0.4772770404815674, 0.13807375729084015
0.26360023021698, 0.47728481888771057, 0.1380801498889923
0.26361367106437683, 0.47724243998527527, 0.13809873163700104
0.2636016309261322, 0.4772984981536865, 0.13807901740074158
0.2635960280895233, 0.4773011803627014, 0.13808073103427887
0.2636047601699829, 0.47729551792144775, 0.13808229565620422
0.26342523097991943, 0.4770277142524719, 0.1378270983695984
0.2635951638221741, 0.4772697687149048, 0.13807697594165802
0.2635948956012726, 0.47726723551750183, 0.13808581233024597
0.2635965347290039, 0.47727692127227783, 0.13808277249336243
0.26362043619155884, 0.477228045463562, 0.1381109654903412
0.2636014223098755, 0.47728070616722107, 0.13809138536453247
0.26361772418022156, 0.47724127769470215, 0.13811494410037994
0.26360416412353516, 0.4772929847240448, 0.13808560371398926
0.26360154151916504, 0.4772849380970001, 0.13808220624923706
0.26360344886779785, 0.47728633880615234, 0.1380767971277237
0.2634078562259674, 0.47707903385162354, 0.13778869807720184
0.2636164426803589, 0.4772353768348694, 0.13809151947498322
0.26361674070358276, 0.47722938656806946, 0.13810569047927856
0.26362183690071106, 0.47723206877708435, 0.13811112940311432
0.26362136006355286, 0.4772354066371918, 0.13811594247817993
0.2636161148548126, 0.47722071409225464, 0.13811397552490234
0.2636164128780365, 0.4772234261035919, 0.13811106979846954
0.2634277641773224, 0.47702065110206604, 0.13782577216625214
0.2634117305278778, 0.4770786762237549, 0.13780610263347626
0.26341378688812256, 0.47708070278167725, 0.13780824840068817
0.2636054754257202, 0.4772973954677582, 0.13808076083660126
0.26361560821533203, 0.477245569229126, 0.13809999823570251
0.2636139988899231, 0.4772420823574066, 0.13810795545578003
0.2636164128780365, 0.477240651845932, 0.13811132311820984
0.2636150121688843, 0.477232962846756, 0.13810594379901886
0.2634279131889343, 0.4770098924636841, 0.13782614469528198
0.2636245787143707, 0.47721126675605774, 0.13811084628105164
0.26362210512161255, 0.47721824049949646, 0.13810743391513824
0.26361915469169617, 0.47722938656806946, 0.1381104737520218
0.26361727714538574, 0.4772352874279022, 0.13811586797237396
0.26361653208732605, 0.47723811864852905, 0.13810688257217407
0.2636149525642395, 0.4772507846355438, 0.13810370862483978
0.2636132538318634, 0.4772435426712036, 0.13809621334075928
0.26361241936683655, 0.4772310256958008, 0.1381007879972458
0.2634097933769226, 0.4770778715610504, 0.1377953588962555
0.26361048221588135, 0.47723281383514404, 0.13808785378932953
0.26360368728637695, 0.4772806763648987, 0.1380830705165863
0.2636179029941559, 0.47722557187080383, 0.13811582326889038
0.2636047601699829, 0.47728532552719116, 0.1380879431962967
0.26361924409866333, 0.47723257541656494, 0.13811582326889038
0.2636200785636902, 0.47722792625427246, 0.1381196677684784
0.2634374797344208, 0.4770272672176361, 0.13783840835094452
0.2636147141456604, 0.4772265553474426, 0.13809648156166077
0.2634282112121582, 0.4770233631134033, 0.13782520592212677
0.26361939311027527, 0.47723817825317383, 0.13810761272907257
0.2636186480522156, 0.4772457778453827, 0.13810767233371735
0.2636060416698456, 0.47729241847991943, 0.13808926939964294
0.2636220455169678, 0.4772300124168396, 0.13811784982681274
0.2636204659938812, 0.47722959518432617, 0.13810451328754425
0.26342931389808655, 0.4770216643810272, 0.13783316314220428
0.26343250274658203, 0.4770171046257019, 0.1378362476825714
0.26343604922294617, 0.4770234227180481, 0.1378297656774521
0.2636054456233978, 0.4772835969924927, 0.13808147609233856
0.26360929012298584, 0.47728431224823, 0.13808925449848175
0.2636258900165558, 0.4772379994392395, 0.13811829686164856
0.2636110186576843, 0.4772922396659851, 0.13809023797512054
0.26362675428390503, 0.47723475098609924, 0.13811004161834717
0.26362186670303345, 0.47722119092941284, 0.13810476660728455
0.26343023777008057, 0.477005273103714, 0.13782471418380737
0.2636207044124603, 0.47721967101097107, 0.13810157775878906
0.2636100649833679, 0.4772756099700928, 0.1380784511566162
0.26360803842544556, 0.47728410363197327, 0.13808302581310272
0.2636266350746155, 0.4772355258464813, 0.13811202347278595
0.26360589265823364, 0.47728466987609863, 0.1380876749753952
0.2636248469352722, 0.47722694277763367, 0.13811057806015015
0.26342064142227173, 0.4770720899105072, 0.13781046867370605
0.26342982053756714, 0.4770123362541199, 0.13781636953353882
0.2634350061416626, 0.47701534628868103, 0.1378304809331894
0.26361948251724243, 0.47722327709198, 0.13810843229293823
0.26360398530960083, 0.47728538513183594, 0.13808034360408783
0.26362285017967224, 0.4772375822067261, 0.1381053775548935
0.2636069059371948, 0.47729700803756714, 0.13808178901672363
0.2636076807975769, 0.4772997200489044, 0.13807936012744904
0.263621985912323, 0.4772416949272156, 0.13809452950954437
0.26343268156051636, 0.47702735662460327, 0.1378241926431656
0.2634357511997223, 0.47702842950820923, 0.1378360241651535
0.2636198401451111, 0.47723594307899475, 0.1381106972694397
0.2636263966560364, 0.4772389531135559, 0.13811951875686646
0.2636304795742035, 0.47724345326423645, 0.138126403093338
0.26362571120262146, 0.4772401750087738, 0.13811524212360382
0.26362210512161255, 0.47724059224128723, 0.1381080001592636
0.26361918449401855, 0.4772304594516754, 0.13810476660728455
0.2634294033050537, 0.4770200252532959, 0.13781997561454773
0.2636192739009857, 0.4772193431854248, 0.13809442520141602
0.26362287998199463, 0.4772203862667084, 0.1381063014268875
0.2636129856109619, 0.4772816300392151, 0.13809281587600708
0.26361730694770813, 0.47728416323661804, 0.13809533417224884
0.26361966133117676, 0.4772937595844269, 0.1380888968706131
0.26361483335494995, 0.4772968292236328, 0.1380934715270996
0.2636074423789978, 0.477297842502594, 0.13808177411556244
0.2634281814098358, 0.47703656554222107, 0.13781952857971191
0.2634125053882599, 0.477084219455719, 0.13779734075069427
0.2636163830757141, 0.47723373770713806, 0.13809169828891754
0.2636232376098633, 0.47724056243896484, 0.1380976289510727
0.26360884308815, 0.47728490829467773, 0.13808125257492065
0.2636227011680603, 0.47722968459129333, 0.1381099373102188
0.263608455657959, 0.47727981209754944, 0.13808898627758026
0.2636243999004364, 0.4772246479988098, 0.1381039023399353
0.26362255215644836, 0.47722169756889343, 0.1381113976240158
0.26362019777297974, 0.47722700238227844, 0.1381072700023651
0.2636045515537262, 0.4772840738296509, 0.13808409869670868
0.26362544298171997, 0.47723889350891113, 0.13811521232128143
0.263608455657959, 0.4772964119911194, 0.13808757066726685
0.2636030614376068, 0.4772927463054657, 0.1380794793367386
0.2636049687862396, 0.47729530930519104, 0.13807955384254456
0.2636204957962036, 0.47723427414894104, 0.13809722661972046
0.26359662413597107, 0.4772793650627136, 0.1380683183670044
0.2636222541332245, 0.4772239029407501, 0.13810010254383087
0.2636268138885498, 0.4772301912307739, 0.1381111443042755
0.263624906539917, 0.4772314131259918, 0.13811448216438293
0.26362308859825134, 0.47723203897476196, 0.13811685144901276
0.2636101245880127, 0.4772891402244568, 0.1380944550037384
0.26360830664634705, 0.4772866666316986, 0.13809630274772644
0.2636178135871887, 0.47723644971847534, 0.1381014734506607
0.2634041905403137, 0.47707581520080566, 0.13779215514659882
0.2634059190750122, 0.47707483172416687, 0.13779574632644653
0.2636118531227112, 0.4772283136844635, 0.13810570538043976
0.263611763715744, 0.47722968459129333, 0.13810625672340393
0.2636144757270813, 0.47723159193992615, 0.13811095058918
0.2636238634586334, 0.4772283732891083, 0.1381128430366516
0.26361531019210815, 0.4772914946079254, 0.13808687031269073
0.2636074125766754, 0.47728174924850464, 0.13808001577854156
0.2636263072490692, 0.4772327244281769, 0.1381075084209442
0.26343992352485657, 0.4770258665084839, 0.13783322274684906
0.2636016011238098, 0.47729310393333435, 0.13807834684848785
0.26361948251724243, 0.47723665833473206, 0.13811029493808746
0.26362502574920654, 0.47723615169525146, 0.13811007142066956
0.2636186182498932, 0.47723156213760376, 0.1381044238805771
0.2636191248893738, 0.47722071409225464, 0.13810700178146362
0.2634313404560089, 0.477010577917099, 0.13783226907253265
0.26343539357185364, 0.47701042890548706, 0.13782772421836853
0.26360413432121277, 0.47728103399276733, 0.13808020949363708
0.26362162828445435, 0.47723281383514404, 0.13811349868774414
0.26362890005111694, 0.47723978757858276, 0.13811634480953217
0.2636231482028961, 0.47724649310112, 0.13811439275741577
0.26362115144729614, 0.47724461555480957, 0.1381140500307083
0.2636157274246216, 0.47723445296287537, 0.13810768723487854
0.2636103928089142, 0.47722893953323364, 0.13810233771800995
0.2634219527244568, 0.47701454162597656, 0.1378299742937088
0.2634050250053406, 0.47705963253974915, 0.13780534267425537
0.26359421014785767, 0.4772810935974121, 0.13807392120361328
0.26361513137817383, 0.47723838686943054, 0.13810691237449646
0.2635979950428009, 0.4772980511188507, 0.13808609545230865
0.2636203169822693, 0.47724220156669617, 0.1381118893623352
0.2636032700538635, 0.4772982895374298, 0.13807880878448486
0.2636204957962036, 0.4772442579269409, 0.1380968540906906
0.26340436935424805, 0.47707223892211914, 0.1377895474433899
0.2636135220527649, 0.4772235155105591, 0.1380968540906906
0.2635999917984009, 0.47728851437568665, 0.1380787044763565
0.26361286640167236, 0.4772382378578186, 0.13810333609580994
0.26361411809921265, 0.4772292971611023, 0.1381148099899292
0.26359713077545166, 0.47729137539863586, 0.13808734714984894
0.26360610127449036, 0.4772390127182007, 0.13809555768966675
0.26342111825942993, 0.47702524065971375, 0.1378190815448761
0.2634204626083374, 0.47701674699783325, 0.13781681656837463
0.26342323422431946, 0.47702428698539734, 0.1378139853477478
0.2636135518550873, 0.47723066806793213, 0.1380961835384369
0.2636038064956665, 0.4772920608520508, 0.13808785378932953
0.26362115144729614, 0.47724899649620056, 0.13811582326889038
0.2636198401451111, 0.4772414267063141, 0.13811874389648438
0.2636217176914215, 0.47723254561424255, 0.13811028003692627
0.2634316384792328, 0.4770129323005676, 0.1378197968006134
0.26340845227241516, 0.4770691990852356, 0.13778403401374817
0.26360252499580383, 0.4772760570049286, 0.13806597888469696
0.26362141966819763, 0.47722867131233215, 0.13809847831726074
0.26360073685646057, 0.4772862195968628, 0.138074591755867
0.26361730694770813, 0.477230042219162, 0.138091579079628
0.2636184096336365, 0.47722864151000977, 0.13810405135154724
0.2636120021343231, 0.47723281383514404, 0.13809502124786377
0.26359647512435913, 0.47727611660957336, 0.13806818425655365
0.2634049654006958, 0.4770614504814148, 0.13779373466968536
0.2634207606315613, 0.4770059585571289, 0.13782180845737457
0.2634040415287018, 0.47705408930778503, 0.13779522478580475
0.2636082172393799, 0.4772191345691681, 0.13808991014957428
0.26359209418296814, 0.4772740304470062, 0.13807140290737152
0.26360827684402466, 0.4772243797779083, 0.13809365034103394
0.26360824704170227, 0.47722139954566956, 0.13808724284172058
0.26333796977996826, 0.47695812582969666, 0.13770797848701477
0.2633917033672333, 0.47705674171447754, 0.13778655230998993
0.2634139060974121, 0.47700801491737366, 0.13781151175498962
0.263427734375, 0.47701936960220337, 0.13782188296318054
0.26361697912216187, 0.4772185683250427, 0.13810990750789642
0.26361507177352905, 0.4772103726863861, 0.13811305165290833
0.2636164724826813, 0.4772251844406128, 0.13810648024082184
0.2636023163795471, 0.4772752523422241, 0.13807843625545502
0.26361551880836487, 0.4772270619869232, 0.1380995213985443
0.26342254877090454, 0.4770185649394989, 0.1378140151500702
0.26339802145957947, 0.47706758975982666, 0.13778498768806458
0.2636120617389679, 0.4772334694862366, 0.13809047639369965
0.2635975182056427, 0.4772956669330597, 0.13807979226112366
0.2636156678199768, 0.4772414267063141, 0.1381034404039383
0.2636219263076782, 0.4772440195083618, 0.13812419772148132
0.263618528842926, 0.47722533345222473, 0.13811951875686646
0.2636171281337738, 0.47721612453460693, 0.13811054825782776
0.2635990083217621, 0.47727689146995544, 0.1380877047777176
0.2636149227619171, 0.4772237539291382, 0.13810639083385468
0.2635999023914337, 0.4772833585739136, 0.1380842626094818
0.2636162340641022, 0.47723907232284546, 0.13811151683330536
0.26360413432121277, 0.4772970974445343, 0.1380862593650818
0.2636044919490814, 0.4773035943508148, 0.13808216154575348
0.26359912753105164, 0.47729748487472534, 0.1380774825811386
0.2636184096336365, 0.4772403836250305, 0.13810299336910248
0.26361843943595886, 0.47723478078842163, 0.13810990750789642
0.2636161744594574, 0.4772304594516754, 0.13811320066452026
0.2636139392852783, 0.47722604870796204, 0.1381162852048874
0.26361775398254395, 0.47722649574279785, 0.13811719417572021
0.26360106468200684, 0.4772784113883972, 0.13809193670749664
0.26361748576164246, 0.47723785042762756, 0.13811396062374115
0.2635999321937561, 0.4772857129573822, 0.13809171319007874
0.26361197233200073, 0.4772370755672455, 0.13810782134532928
0.2635975778102875, 0.4772951006889343, 0.13808290660381317
0.26340925693511963, 0.4770846664905548, 0.13780438899993896
0.26341310143470764, 0.4770909547805786, 0.13780677318572998
0.2636158764362335, 0.4772496521472931, 0.13811218738555908
0.26361650228500366, 0.47724562883377075, 0.13811485469341278
0.2636153995990753, 0.4772404134273529, 0.13811571896076202
0.2636105418205261, 0.47722965478897095, 0.1381126046180725
0.26361268758773804, 0.4772295653820038, 0.13811549544334412
0.2635926604270935, 0.47727689146995544, 0.13808682560920715
0.2636120617389679, 0.4772246479988098, 0.13811258971691132
0.26361972093582153, 0.47723597288131714, 0.13811081647872925
0.26361557841300964, 0.4772343337535858, 0.13810764253139496
0.2636168301105499, 0.4772336184978485, 0.13811001181602478
0.2636178135871887, 0.4772396981716156, 0.13811112940311432
0.26362016797065735, 0.47724878787994385, 0.13811329007148743
0.26360753178596497, 0.4772863984107971, 0.1380908042192459
0.2636231482028961, 0.47723227739334106, 0.13810977339744568
0.2636144459247589, 0.477234810590744, 0.13810200989246368
0.26362383365631104, 0.47722938656806946, 0.13810916244983673
0.2636026442050934, 0.47727876901626587, 0.13808394968509674
0.2636220157146454, 0.47722506523132324, 0.13811679184436798
0.2636212408542633, 0.4772283434867859, 0.13811776041984558
0.2636224329471588, 0.4772268533706665, 0.13811852037906647
0.26361823081970215, 0.4772314727306366, 0.13810937106609344
0.2636220157146454, 0.4772384762763977, 0.1381128579378128
0.26362061500549316, 0.4772435426712036, 0.13810671865940094
0.2636209726333618, 0.47724416851997375, 0.13810975849628448
0.263618528842926, 0.4772490859031677, 0.13810484111309052
0.26361846923828125, 0.4772581458091736, 0.1381048709154129
0.2636195719242096, 0.4772612452507019, 0.1381065994501114
0.2636202871799469, 0.4772534966468811, 0.1381145715713501
0.2636183202266693, 0.47724369168281555, 0.13810494542121887
0.2636127769947052, 0.47723090648651123, 0.13810119032859802
0.26361605525016785, 0.477216511964798, 0.13810396194458008
0.26362040638923645, 0.47722476720809937, 0.13811220228672028
0.2636180818080902, 0.4772246778011322, 0.1381138563156128
0.26361986994743347, 0.4772258698940277, 0.13811726868152618
0.26362112164497375, 0.4772377014160156, 0.13812482357025146
0.26362594962120056, 0.4772523045539856, 0.13811782002449036
0.26360180974006653, 0.4772951304912567, 0.13808582723140717
0.2634352445602417, 0.47704049944877625, 0.13783620297908783
0.2636037766933441, 0.4772951006889343, 0.1380743831396103
0.2635977268218994, 0.4772873818874359, 0.13806802034378052
0.2636004090309143, 0.47728556394577026, 0.13807412981987
0.26359984278678894, 0.4772816300392151, 0.1380806565284729
0.2635984718799591, 0.4772743582725525, 0.1380784958600998
0.2636186480522156, 0.4772285521030426, 0.13811704516410828
0.2636091113090515, 0.47728896141052246, 0.13809657096862793
0.26360541582107544, 0.47728291153907776, 0.1380908191204071
0.263603150844574, 0.4772840440273285, 0.13808193802833557
0.2634282112121582, 0.4770197868347168, 0.13782986998558044
0.2634100914001465, 0.47708141803741455, 0.13780665397644043
0.2636106610298157, 0.477241188287735, 0.13810132443904877
0.26359260082244873, 0.4772928059101105, 0.13807536661624908
0.2636100649833679, 0.4772374927997589, 0.13810968399047852
0.2636164724826813, 0.47723597288131714, 0.1381128877401352
0.2636151909828186, 0.47723057866096497, 0.13811655342578888
0.2636150121688843, 0.47722387313842773, 0.13810546696186066
0.26361414790153503, 0.47722116112709045, 0.13809774816036224
0.26342642307281494, 0.4770224690437317, 0.13783062994480133
0.26360470056533813, 0.47728732228279114, 0.1380847692489624
0.26362344622612, 0.47724756598472595, 0.13811063766479492
0.26360276341438293, 0.47730153799057007, 0.13808900117874146
0.2636159062385559, 0.477250337600708, 0.138111412525177
0.2636174261569977, 0.47724175453186035, 0.13810254633426666
0.2634221911430359, 0.4770180881023407, 0.13782727718353271
0.26342353224754333, 0.47701266407966614, 0.13782018423080444
0.2636130452156067, 0.47721368074417114, 0.13810297846794128
0.26361697912216187, 0.47721755504608154, 0.13810785114765167
0.2636013627052307, 0.47728291153907776, 0.13809281587600708
0.2636152505874634, 0.47724074125289917, 0.1381135880947113
0.2635960280895233, 0.47729724645614624, 0.13808977603912354
0.2636142075061798, 0.47724923491477966, 0.13810774683952332
0.2635946571826935, 0.4772967994213104, 0.13807888329029083
0.26340609788894653, 0.47707873582839966, 0.1377985179424286
0.2634204924106598, 0.4770295321941376, 0.13781656324863434
0.26360195875167847, 0.47729068994522095, 0.13807588815689087
0.26360884308815, 0.4772886335849762, 0.138082355260849
0.2636255919933319, 0.4772464334964752, 0.1381055861711502
0.2636101245880127, 0.47729820013046265, 0.13808482885360718
0.26362037658691406, 0.4772326946258545, 0.13811056315898895
0.2636306583881378, 0.4772277772426605, 0.1381130814552307
0.26360756158828735, 0.4772757589817047, 0.13808341324329376
0.26341673731803894, 0.47706127166748047, 0.1378052979707718
0.26343852281570435, 0.4770166277885437, 0.1378367692232132
0.2636241316795349, 0.47722989320755005, 0.1381194144487381
0.2636243999004364, 0.47723525762557983, 0.1381109058856964
0.26362133026123047, 0.47723889350891113, 0.1381179541349411
0.263618141412735, 0.47723764181137085, 0.13810990750789642
0.26361486315727234, 0.4772419333457947, 0.13809432089328766
0.2634311616420746, 0.47703030705451965, 0.13782303035259247
0.2636178135871887, 0.47723159193992615, 0.13809680938720703
0.26359930634498596, 0.4772883355617523, 0.13808180391788483
0.263606995344162, 0.47728732228279114, 0.1380811482667923
0.26361167430877686, 0.4772833287715912, 0.1380896270275116
0.2636299133300781, 0.4772298038005829, 0.13812404870986938
0.263622522354126, 0.4772203266620636, 0.13811782002449036
0.2636207640171051, 0.4772151708602905, 0.1381116360425949
0.26342710852622986, 0.4770067036151886, 0.13783909380435944
0.2634228765964508, 0.47701752185821533, 0.1378314048051834
0.2633996307849884, 0.47707054018974304, 0.1378019005060196
0.263601154088974, 0.4772825539112091, 0.13808362185955048
0.2636076509952545, 0.47729891538619995, 0.13807900249958038
0.26360464096069336, 0.477301687002182, 0.13808095455169678
0.26360276341438293, 0.47729915380477905, 0.13807709515094757
0.26362013816833496, 0.4772340655326843, 0.13810251653194427
0.26361870765686035, 0.47722381353378296, 0.1381072998046875
0.2636159658432007, 0.4772088825702667, 0.1381039023399353
0.26343655586242676, 0.47699883580207825, 0.13784050941467285
0.2636239230632782, 0.4772055745124817, 0.1381167769432068
0.26361313462257385, 0.47726917266845703, 0.13809019327163696
0.2636243402957916, 0.4772305488586426, 0.13811177015304565
0.26361283659935, 0.4772922396659851, 0.1380920112133026
0.26360800862312317, 0.4772956967353821, 0.138080894947052
0.26360541582107544, 0.4773004651069641, 0.1380721926689148
0.2635975480079651, 0.4772954285144806, 0.13806554675102234
0.2635987102985382, 0.4772895276546478, 0.1380695402622223
0.26342204213142395, 0.4770207405090332, 0.13782024383544922
0.26361802220344543, 0.47722327709198, 0.13811345398426056
0.2636170983314514, 0.47721216082572937, 0.13812051713466644
0.26359978318214417, 0.4772651791572571, 0.13809826970100403
0.26362332701683044, 0.4772147238254547, 0.13812853395938873
0.26362141966819763, 0.4772244393825531, 0.1381225436925888
0.26360201835632324, 0.4772864878177643, 0.13808444142341614
0.2636174261569977, 0.4772469103336334, 0.13810381293296814
0.2634298801422119, 0.47704359889030457, 0.13781841099262238
0.26342710852622986, 0.4770537316799164, 0.13782361149787903
0.26361456513404846, 0.47725409269332886, 0.1380973905324936
0.26359421014785767, 0.4772874414920807, 0.13808323442935944
0.2636202871799469, 0.47722652554512024, 0.1381181925535202
0.2636157274246216, 0.47721490263938904, 0.13811427354812622
0.26362064480781555, 0.47721055150032043, 0.13811856508255005
0.2636265754699707, 0.47720903158187866, 0.13811837136745453
0.2636304795742035, 0.4772280752658844, 0.13811935484409332
0.2636052370071411, 0.4772799611091614, 0.13808974623680115
0.2636067569255829, 0.4772798717021942, 0.13808567821979523
0.263620525598526, 0.47723954916000366, 0.13810384273529053
0.2636048495769501, 0.4772961437702179, 0.13808061182498932
0.2636204659938812, 0.47723832726478577, 0.13809484243392944
0.26360905170440674, 0.47729000449180603, 0.1380862444639206
0.2636260390281677, 0.4772334098815918, 0.1381116360425949
0.26342853903770447, 0.47701898217201233, 0.13782843947410583
0.2636033594608307, 0.4772789478302002, 0.13809464871883392
0.2636222243309021, 0.4772202968597412, 0.13811349868774414
0.2636222839355469, 0.47723180055618286, 0.1381167620420456
0.2636246085166931, 0.4772327244281769, 0.13811807334423065
0.2636251449584961, 0.47722864151000977, 0.13812528550624847
0.26360246539115906, 0.47728148102760315, 0.1380828469991684
0.26340895891189575, 0.4770757853984833, 0.13780105113983154
0.26361408829689026, 0.4772319197654724, 0.13810597360134125
0.26342543959617615, 0.47702452540397644, 0.1378253698348999
0.26361364126205444, 0.4772462248802185, 0.1381012499332428
0.26361995935440063, 0.477245032787323, 0.13811004161834717
0.26361942291259766, 0.47723388671875, 0.1381182074546814
0.2636202871799469, 0.4772375226020813, 0.1381206214427948
0.2636207938194275, 0.4772317409515381, 0.13811630010604858
0.2636181712150574, 0.47721201181411743, 0.1381145715713501
0.26341480016708374, 0.47705450654029846, 0.13780517876148224
0.26341360807418823, 0.47706273198127747, 0.137798473238945
0.26341578364372253, 0.4770732820034027, 0.1378028839826584
0.2635997235774994, 0.4772830605506897, 0.13808462023735046
0.26362428069114685, 0.4772404432296753, 0.13811416923999786
0.26362523436546326, 0.47724029421806335, 0.13811036944389343
0.2636249363422394, 0.4772351384162903, 0.13811752200126648
0.2636185586452484, 0.47723016142845154, 0.1381082832813263
0.2634151875972748, 0.47707170248031616, 0.13779659569263458
0.2636207938194275, 0.47723525762557983, 0.13810458779335022
0.26362478733062744, 0.4772288203239441, 0.1381085366010666
0.2636219263076782, 0.47723588347435, 0.13810579478740692
0.2636217772960663, 0.4772408902645111, 0.13810968399047852
0.26362258195877075, 0.4772356450557709, 0.13811402022838593
0.2636224925518036, 0.4772334098815918, 0.1381203979253769
0.2636118233203888, 0.47721776366233826, 0.1381044238805771
0.263615220785141, 0.4772208631038666, 0.13810621201992035
0.26361918449401855, 0.47721636295318604, 0.13810591399669647
0.26362165808677673, 0.4772353768348694, 0.13810618221759796
0.26360154151916504, 0.47729575634002686, 0.13808152079582214
0.26362112164497375, 0.47724074125289917, 0.13810768723487854
0.2636184096336365, 0.4772412180900574, 0.13811498880386353
0.26361826062202454, 0.47723740339279175, 0.138102188706398
0.2636251747608185, 0.4772346317768097, 0.13810819387435913
0.26360607147216797, 0.47727227210998535, 0.1380896121263504
0.263604998588562, 0.47727322578430176, 0.13808971643447876
0.26361557841300964, 0.4772132337093353, 0.13810500502586365
0.26362553238868713, 0.4772145450115204, 0.13811799883842468
0.2636192739009857, 0.47721749544143677, 0.13811762630939484
0.26360493898391724, 0.4772903621196747, 0.1380952149629593
0.26361900568008423, 0.4772419333457947, 0.13810843229293823
0.26360008120536804, 0.4772842824459076, 0.13808056712150574
0.26361557841300964, 0.4772332012653351, 0.138102188706398
0.26361802220344543, 0.4772301912307739, 0.13809777796268463
0.26361435651779175, 0.4772220551967621, 0.13810761272907257
0.26361963152885437, 0.4772206246852875, 0.13811667263507843
0.2636036276817322, 0.47726675868034363, 0.13810022175312042
0.26362037658691406, 0.47720468044281006, 0.13813015818595886
0.26362401247024536, 0.4772109091281891, 0.13813820481300354
0.2636241912841797, 0.4772208631038666, 0.13813041150569916
0.26361364126205444, 0.47721123695373535, 0.13811057806015015
0.2634066045284271, 0.4770585596561432, 0.13780273497104645
0.26359421014785767, 0.47727975249290466, 0.1380690634250641
0.26359546184539795, 0.4772864580154419, 0.1380721777677536
0.26359623670578003, 0.47729459404945374, 0.138076514005661
0.2636033892631531, 0.4772944748401642, 0.1380925476551056
0.2636135220527649, 0.47724685072898865, 0.13811209797859192
0.26361384987831116, 0.47723448276519775, 0.13811589777469635
0.2636190950870514, 0.47722122073173523, 0.13812363147735596
0.263417512178421, 0.4770005941390991, 0.13783781230449677
0.2634239196777344, 0.4770050048828125, 0.13782812654972076
0.2634216248989105, 0.47699832916259766, 0.13784104585647583
0.26361215114593506, 0.47720980644226074, 0.13812048733234406
0.26361048221588135, 0.477222204208374, 0.1381143033504486
0.2635992467403412, 0.47728806734085083, 0.13809393346309662
0.2636149227619171, 0.4772464334964752, 0.13811005651950836
0.2636152505874634, 0.4772503972053528, 0.13810279965400696
0.2635945975780487, 0.4773061275482178, 0.13807563483715057
0.263419508934021, 0.4770381450653076, 0.13781796395778656
0.2635995149612427, 0.477286696434021, 0.13807757198810577
0.2636147737503052, 0.47723543643951416, 0.13810941576957703
0.26361846923828125, 0.477226197719574, 0.13811558485031128
0.26362040638923645, 0.47721415758132935, 0.1381278932094574
0.2636185884475708, 0.4772077202796936, 0.13812164962291718
0.26361513137817383, 0.47720810770988464, 0.1381153017282486
0.26361575722694397, 0.47720691561698914, 0.1381119191646576
0.26342666149139404, 0.4770117998123169, 0.13783428072929382
0.26359277963638306, 0.47728461027145386, 0.13807284832000732
0.26360011100769043, 0.477292537689209, 0.13807792961597443
0.26361697912216187, 0.4772483706474304, 0.13810819387435913
0.26360073685646057, 0.47730308771133423, 0.13808701932430267
0.2636163830757141, 0.47724199295043945, 0.13810472190380096
0.2635984718799591, 0.4772888123989105, 0.13808110356330872
0.26361438632011414, 0.4772304892539978, 0.13810686767101288
0.2634305953979492, 0.47702497243881226, 0.13783086836338043
0.26361969113349915, 0.4772198796272278, 0.1381063163280487
0.2636193633079529, 0.47721388936042786, 0.1381196230649948
0.26362892985343933, 0.4772186279296875, 0.13811667263507843
0.2636098861694336, 0.47727257013320923, 0.13808566331863403
0.26361024379730225, 0.47728070616722107, 0.1380894035100937
0.2636137008666992, 0.47729161381721497, 0.1380874216556549
0.2636018991470337, 0.4772939085960388, 0.13807478547096252
0.2636001706123352, 0.47729790210723877, 0.13805916905403137
0.2635979652404785, 0.47729024291038513, 0.1380554735660553
0.2634122967720032, 0.4770960509777069, 0.13779504597187042
0.2636040151119232, 0.47730326652526855, 0.13808101415634155
0.2636193633079529, 0.47723904252052307, 0.13810956478118896
0.26361608505249023, 0.4772261381149292, 0.1381143182516098
0.2635970711708069, 0.4772752821445465, 0.13808971643447876
0.26359760761260986, 0.477272093296051, 0.13808710873126984
0.26343050599098206, 0.4770074188709259, 0.1378365159034729
0.26342374086380005, 0.47701671719551086, 0.13783441483974457
0.26360824704170227, 0.4772335886955261, 0.13809794187545776
0.2636137902736664, 0.4772384464740753, 0.13810478150844574
0.2636135518550873, 0.47724661231040955, 0.13811035454273224
0.2635956108570099, 0.47730594873428345, 0.1380823254585266
0.2636042833328247, 0.477308452129364, 0.1380888819694519
0.2636027932167053, 0.47729289531707764, 0.13808661699295044
0.2635985314846039, 0.47728416323661804, 0.13808304071426392
0.2634093761444092, 0.47707676887512207, 0.13780544698238373
0.2635990381240845, 0.47728410363197327, 0.13809078931808472
0.2636144459247589, 0.47722357511520386, 0.13811324536800385
0.2636112868785858, 0.47723278403282166, 0.13811038434505463
0.2636139690876007, 0.47722604870796204, 0.1381026655435562
0.2636171877384186, 0.47723865509033203, 0.1381164789199829
0.26361504197120667, 0.4772352874279022, 0.1381078064441681
0.2636142671108246, 0.47724050283432007, 0.13810113072395325
0.2636156976222992, 0.4772382974624634, 0.1381123811006546
0.26361513137817383, 0.4772360622882843, 0.13810844719409943
0.2636089622974396, 0.4772299826145172, 0.13810524344444275
0.2636111378669739, 0.47723835706710815, 0.13810470700263977
0.26361632347106934, 0.47723543643951416, 0.1381136178970337
0.26361867785453796, 0.47722747921943665, 0.1381177008152008
0.26361700892448425, 0.477226197719574, 0.13811138272285461
0.26360130310058594, 0.47727638483047485, 0.13808731734752655
0.26361361145973206, 0.477226585149765, 0.13810303807258606
0.2636135220527649, 0.4772346019744873, 0.13809973001480103
0.26361188292503357, 0.47724685072898865, 0.13809826970100403
0.26359429955482483, 0.47729170322418213, 0.13807761669158936
0.26359206438064575, 0.4772835075855255, 0.13807962834835052
0.26360687613487244, 0.4772321581840515, 0.13809677958488464
0.26360875368118286, 0.4772312343120575, 0.13810087740421295
0.2635917663574219, 0.47727295756340027, 0.13808555901050568
0.2636120319366455, 0.47722557187080383, 0.13810977339744568
0.2636125981807709, 0.4772290587425232, 0.1381080001592636
0.2634066641330719, 0.4770759344100952, 0.13781508803367615
0.26361173391342163, 0.4772370159626007, 0.13810957968235016
0.26361212134361267, 0.4772412180900574, 0.13810372352600098
0.26361286640167236, 0.47724276781082153, 0.13810443878173828
0.2636125981807709, 0.47723132371902466, 0.13809889554977417
0.26359492540359497, 0.4772789478302002, 0.13807734847068787
0.26361149549484253, 0.47722482681274414, 0.1381015032529831
0.26361003518104553, 0.47721344232559204, 0.1380975842475891
0.2636173963546753, 0.4772188067436218, 0.13810569047927856
0.2636174261569977, 0.4772225022315979, 0.13811178505420685
0.2636224925518036, 0.4772348403930664, 0.1381186693906784
0.2636260688304901, 0.47723454236984253, 0.1381201148033142
0.26362767815589905, 0.47723039984703064, 0.13811872899532318
0.26362407207489014, 0.47723349928855896, 0.13811351358890533
0.2636081576347351, 0.47728633880615234, 0.13809111714363098
0.26360446214675903, 0.47727757692337036, 0.1380770057439804
0.2636158764362335, 0.4772185683250427, 0.1380956619977951
0.2636023163795471, 0.47728097438812256, 0.13807205855846405
0.2636057138442993, 0.47728317975997925, 0.13806791603565216
0.26362091302871704, 0.47723016142845154, 0.1381034553050995
0.26360902190208435, 0.4772815406322479, 0.13808555901050568
0.2636258900165558, 0.47723037004470825, 0.13810738921165466
0.26362916827201843, 0.47722703218460083, 0.13811296224594116
0.2636265158653259, 0.4772283732891083, 0.1381150782108307
0.26362448930740356, 0.47722962498664856, 0.13811138272285461
0.26362350583076477, 0.4772329330444336, 0.1381160020828247
0.26362451910972595, 0.477225661277771, 0.13811571896076202
0.26362618803977966, 0.4772324562072754, 0.13811762630939484
0.26362892985343933, 0.47723597288131714, 0.13811680674552917
0.2636256814002991, 0.47723323106765747, 0.13810841739177704
0.2636224329471588, 0.47723183035850525, 0.13811098039150238
0.2636078894138336, 0.47728854417800903, 0.13807785511016846
0.26360586285591125, 0.4772964119911194, 0.13807708024978638
0.26360514760017395, 0.47729283571243286, 0.13807448744773865
0.26360657811164856, 0.477293461561203, 0.1380845308303833
0.2636066675186157, 0.4772932231426239, 0.13808979094028473
0.2636260390281677, 0.4772323668003082, 0.13812142610549927
0.2636246383190155, 0.4772168695926666, 0.1381223052740097
0.26361921429634094, 0.4772197902202606, 0.13812381029129028
0.26361677050590515, 0.47722139954566956, 0.1381053775548935
0.2636137902736664, 0.47722211480140686, 0.1381092369556427
0.2636030912399292, 0.4772801697254181, 0.13808318972587585
0.26360365748405457, 0.4773012101650238, 0.1380791813135147
0.2636159360408783, 0.47725778818130493, 0.13809381425380707
0.26360175013542175, 0.47730734944343567, 0.13807480037212372
0.26361748576164246, 0.47725486755371094, 0.13809733092784882
0.26361584663391113, 0.47724637389183044, 0.1381068080663681
0.26359912753105164, 0.477287620306015, 0.13808046281337738
0.263604998588562, 0.47728225588798523, 0.13809257745742798
0.263623982667923, 0.47722944617271423, 0.13811172544956207
0.2636212706565857, 0.4772266149520874, 0.1381140649318695
0.2636163830757141, 0.47722962498664856, 0.1381133496761322
0.26361584663391113, 0.4772338271141052, 0.13811230659484863
0.2636036276817322, 0.47729673981666565, 0.13808122277259827
0.26359882950782776, 0.47729620337486267, 0.13807420432567596
0.26362091302871704, 0.4772496223449707, 0.13809853792190552
0.2636006772518158, 0.4773074984550476, 0.13807454705238342
0.2636118531227112, 0.4772500693798065, 0.13809269666671753
0.2634112238883972, 0.4770839512348175, 0.13779789209365845
0.26340702176094055, 0.4770890176296234, 0.13779893517494202
0.2636154890060425, 0.4772453308105469, 0.1381068378686905
0.2636113464832306, 0.4772336483001709, 0.13810871541500092
0.26362112164497375, 0.4772399961948395, 0.13812512159347534
0.263601154088974, 0.4772931635379791, 0.13809838891029358
0.26361849904060364, 0.47722676396369934, 0.13810762763023376
0.2636129856109619, 0.477229505777359, 0.13809607923030853
0.26361292600631714, 0.47722989320755005, 0.13809716701507568
0.26359954476356506, 0.47729265689849854, 0.1380762755870819
0.26361221075057983, 0.47724032402038574, 0.13809365034103394
0.26361900568008423, 0.4772416651248932, 0.13810662925243378
0.2636127173900604, 0.4772486090660095, 0.13810411095619202
0.2635968327522278, 0.4772963225841522, 0.1380835324525833
0.2636135220527649, 0.47723203897476196, 0.13811162114143372
0.26359862089157104, 0.47728052735328674, 0.1380937397480011
0.2636127471923828, 0.47723135352134705, 0.13810491561889648
0.2634110450744629, 0.47707316279411316, 0.13781340420246124
0.2636183500289917, 0.47722843289375305, 0.13810770213603973
0.2636135220527649, 0.47724026441574097, 0.13809871673583984
0.26359823346138, 0.47729960083961487, 0.13807906210422516
0.263593852519989, 0.47729745507240295, 0.13807785511016846
0.26360827684402466, 0.47724243998527527, 0.1381022036075592
0.263590544462204, 0.4772896468639374, 0.13806943595409393
0.26361164450645447, 0.47723188996315, 0.1381058245897293
0.26361513137817383, 0.47722920775413513, 0.13811475038528442
0.2634088397026062, 0.47707560658454895, 0.13780558109283447
0.2636057436466217, 0.47728627920150757, 0.13809017837047577
0.26361802220344543, 0.47723013162612915, 0.13811221718788147
0.26361384987831116, 0.4772387444972992, 0.13811063766479492
0.26361608505249023, 0.47724708914756775, 0.13810962438583374
0.26361507177352905, 0.47724422812461853, 0.1381077766418457
0.26361504197120667, 0.4772343635559082, 0.13810096681118011
0.2634086608886719, 0.4770805239677429, 0.13780398666858673
0.2636070251464844, 0.4772307276725769, 0.13810238242149353
0.26360103487968445, 0.4772856533527374, 0.13808941841125488
0.2636190950870514, 0.47723498940467834, 0.13811516761779785
0.26361724734306335, 0.47723522782325745, 0.1381109356880188
0.26360100507736206, 0.4772864580154419, 0.13808639347553253
0.263613760471344, 0.4772348701953888, 0.13811084628105164
0.26359474658966064, 0.4772833287715912, 0.138076052069664
0.2635970711708069, 0.4772968292236328, 0.1380804032087326
0.26342931389808655, 0.4770289361476898, 0.13783502578735352
0.2636198103427887, 0.4772403836250305, 0.13811522722244263
0.26359978318214417, 0.4772878885269165, 0.13807904720306396
0.2636130154132843, 0.47723641991615295, 0.13810919225215912
0.2635996639728546, 0.4772898554801941, 0.13809557259082794
0.2636103630065918, 0.4772343039512634, 0.13811711966991425
0.26361024379730225, 0.4772387146949768, 0.13810628652572632
0.2636123597621918, 0.4772202670574188, 0.1381046026945114
0.2635972797870636, 0.477271169424057, 0.13807854056358337
0.2634064555168152, 0.47708210349082947, 0.13780537247657776
0.2636161148548126, 0.4772328734397888, 0.13811048865318298
0.2636004388332367, 0.47728195786476135, 0.13809199631214142
0.26361706852912903, 0.47723767161369324, 0.13812056183815002
0.2636162340641022, 0.477241188287735, 0.13811901211738586
0.2636006474494934, 0.4772866368293762, 0.1380898654460907
0.2636001706123352, 0.4772864580154419, 0.13807667791843414
0.2634299695491791, 0.4770316183567047, 0.13782872259616852
0.2635959982872009, 0.4772879183292389, 0.13807708024978638
0.263595849275589, 0.4772816300392151, 0.13807350397109985
0.26361504197120667, 0.47722941637039185, 0.13811039924621582
0.2636151611804962, 0.4772304892539978, 0.13811057806015015
0.26361730694770813, 0.47723034024238586, 0.13811492919921875
0.26361560821533203, 0.4772242307662964, 0.13811346888542175
0.2634264826774597, 0.47701525688171387, 0.1378401666879654
0.2636069655418396, 0.47722572088241577, 0.13810424506664276
0.26361244916915894, 0.4772241711616516, 0.13810481131076813
0.2635994851589203, 0.4772797226905823, 0.138092502951622
0.26361083984375, 0.4772379696369171, 0.13810308277606964
0.2636130452156067, 0.4772379398345947, 0.13811230659484863
0.2636111080646515, 0.4772372245788574, 0.13811016082763672
0.26361337304115295, 0.47724252939224243, 0.13810674846172333
0.2635907530784607, 0.47728297114372253, 0.1380719393491745
0.2636055052280426, 0.4772282540798187, 0.13809964060783386
0.2635936439037323, 0.4772769808769226, 0.1380804032087326
0.26359230279922485, 0.4772774577140808, 0.13808012008666992
0.26360782980918884, 0.4772190749645233, 0.13811756670475006
0.2636154890060425, 0.47722941637039185, 0.13812142610549927
0.2635969817638397, 0.4772845506668091, 0.13810032606124878
0.2636074423789978, 0.47722557187080383, 0.13811101019382477
0.2636112570762634, 0.47722184658050537, 0.1381119340658188
0.26341667771339417, 0.47701773047447205, 0.13782650232315063
0.2636044919490814, 0.4772285223007202, 0.13809557259082794
0.2636090815067291, 0.47722870111465454, 0.13810601830482483
0.26360905170440674, 0.47723013162612915, 0.13810625672340393
0.26361143589019775, 0.4772302210330963, 0.13811668753623962
0.26361095905303955, 0.47723084688186646, 0.13811515271663666
0.2636154294013977, 0.47723066806793213, 0.13811439275741577
0.2636105716228485, 0.47721970081329346, 0.13810624182224274
0.2634267210960388, 0.4770132601261139, 0.1378389596939087
0.2636103928089142, 0.477228581905365, 0.13810406625270844
0.26361578702926636, 0.47723037004470825, 0.1381157785654068
0.26361238956451416, 0.47723284363746643, 0.1381063461303711
0.2636125981807709, 0.47724100947380066, 0.1381128877401352
0.2636179029941559, 0.4772372543811798, 0.13811041414737701
0.26361122727394104, 0.4772222340106964, 0.13810986280441284
0.26361265778541565, 0.47722139954566956, 0.13811448216438293
0.2636100947856903, 0.4772174656391144, 0.1381089687347412
0.26361533999443054, 0.4772167503833771, 0.13811497390270233
0.26360079646110535, 0.4772762656211853, 0.13808847963809967
0.26361504197120667, 0.47722235321998596, 0.1381141096353531
0.26361897587776184, 0.47723105549812317, 0.13812457025051117
0.2636004090309143, 0.4772821068763733, 0.1380947083234787
0.26359498500823975, 0.4772860109806061, 0.13808278739452362
0.26359817385673523, 0.47728055715560913, 0.1380828469991684
0.2636108994483948, 0.47722360491752625, 0.13809753954410553
0.2636159360408783, 0.47723186016082764, 0.13810515403747559
0.2636127471923828, 0.47722864151000977, 0.1381046175956726
0.2636106014251709, 0.4772189259529114, 0.13810835778713226
0.26361456513404846, 0.47722211480140686, 0.13810738921165466
0.2636139392852783, 0.47723087668418884, 0.13811856508255005
0.2636090815067291, 0.47721758484840393, 0.13810989260673523
0.2636120915412903, 0.4772166311740875, 0.1381085216999054
0.2634041905403137, 0.47706347703933716, 0.1378088742494583
0.26360610127449036, 0.47721442580223083, 0.13810499012470245
0.2635936439037323, 0.47727686166763306, 0.13808205723762512
0.2635924220085144, 0.47727319598197937, 0.13808445632457733
0.26360976696014404, 0.47723618149757385, 0.13811299204826355
0.2635876536369324, 0.47727522253990173, 0.13808035850524902
0.2635941505432129, 0.4772822856903076, 0.1380837857723236
0.2634179890155792, 0.4770224988460541, 0.13783344626426697
0.26341843605041504, 0.47701847553253174, 0.13783001899719238
0.2634003758430481, 0.4770655035972595, 0.1378069818019867
0.26360639929771423, 0.47721269726753235, 0.1381070464849472
0.2635917663574219, 0.4772626757621765, 0.1380925327539444
0.2635369598865509, 0.4771480858325958, 0.13802309334278107
0.2636108994483948, 0.47720107436180115, 0.13812215626239777
0.2636139392852783, 0.4772133529186249, 0.1381148248910904
0.2634160816669464, 0.4770129323005676, 0.1378314346075058
0.26341408491134644, 0.4770141839981079, 0.1378284990787506
0.2634100317955017, 0.4770721197128296, 0.13780803978443146
0.26360780000686646, 0.47723764181137085, 0.13810114562511444
0.2636062502861023, 0.4772375524044037, 0.13810105621814728
0.2635963261127472, 0.47728803753852844, 0.13808342814445496
0.2635335624217987, 0.4771643877029419, 0.1380121111869812
0.26359301805496216, 0.4772670865058899, 0.1380835473537445
0.26360848546028137, 0.47720399498939514, 0.13810664415359497
0.26359477639198303, 0.4772586226463318, 0.1380758136510849
0.2636106610298157, 0.4772067368030548, 0.1381072700023651
0.2635971009731293, 0.47727206349372864, 0.1380833238363266
0.2636185586452484, 0.4772133529186249, 0.1381082981824875
0.26361557841300964, 0.47722774744033813, 0.13811112940311432
0.2636166512966156, 0.4772356152534485, 0.1381075233221054
0.26360204815864563, 0.4772885739803314, 0.1380726546049118
0.2636164426803589, 0.4772324860095978, 0.13809552788734436
0.26362094283103943, 0.4772307872772217, 0.138102725148201
0.26360011100769043, 0.4772723615169525, 0.13807249069213867
0.26361793279647827, 0.4772186577320099, 0.1381032019853592
0.2636018991470337, 0.47727665305137634, 0.13808472454547882
0.2636188864707947, 0.4772111177444458, 0.13811469078063965
0.26362207531929016, 0.4772176444530487, 0.13811403512954712
0.263628751039505, 0.47721555829048157, 0.1381232589483261
0.2636273205280304, 0.47721582651138306, 0.13811500370502472
0.26362624764442444, 0.47722262144088745, 0.13810646533966064
0.2634192705154419, 0.47707873582839966, 0.13780859112739563
0.2636110484600067, 0.47729143500328064, 0.13808295130729675
0.26361218094825745, 0.47729453444480896, 0.13808098435401917
0.263611763715744, 0.47729262709617615, 0.13807499408721924
0.26362985372543335, 0.4772372841835022, 0.1381060779094696
0.26361048221588135, 0.4772823750972748, 0.13808326423168182
0.26362499594688416, 0.47721636295318604, 0.13810603320598602
0.2636299729347229, 0.47721123695373535, 0.1381104439496994
0.2636135220527649, 0.4772653877735138, 0.13808991014957428
0.26362940669059753, 0.4772033095359802, 0.138114333152771
0.2636309862136841, 0.47721201181411743, 0.13811327517032623
0.2636130154132843, 0.4772786498069763, 0.13808469474315643
0.2636258006095886, 0.47722434997558594, 0.13811007142066956
0.2636125385761261, 0.47728437185287476, 0.13808564841747284
0.26361051201820374, 0.47729551792144775, 0.13808496296405792
0.2636191248893738, 0.4772377908229828, 0.1380978673696518
0.26361966133117676, 0.4772261083126068, 0.13809236884117126
0.26360630989074707, 0.47728729248046875, 0.13807913661003113
0.26360365748405457, 0.4772854447364807, 0.1380796730518341
0.26361846923828125, 0.477222204208374, 0.13810740411281586
0.263619065284729, 0.4772261679172516, 0.13811281323432922
0.2636152505874634, 0.4772252142429352, 0.13811138272285461
0.263609379529953, 0.47721782326698303, 0.13810934126377106
0.2634250223636627, 0.4770052134990692, 0.13783790171146393
0.26361194252967834, 0.4772176742553711, 0.13811279833316803
0.2634241580963135, 0.4770154356956482, 0.13783112168312073
0.263612300157547, 0.477236270904541, 0.13809411227703094
0.2635975778102875, 0.4772995114326477, 0.13807569444179535
0.2636019289493561, 0.47730371356010437, 0.13807615637779236
0.26360318064689636, 0.47730714082717896, 0.13807009160518646
0.2636004686355591, 0.47729966044425964, 0.1380697637796402
0.26361531019210815, 0.47722771763801575, 0.1381034553050995
0.2636162340641022, 0.4772273302078247, 0.13810762763023376
0.2634294331073761, 0.4770144820213318, 0.13783250749111176
0.2636152505874634, 0.47720959782600403, 0.1381131410598755
0.2636220157146454, 0.47721025347709656, 0.13811276853084564
0.26361149549484253, 0.47722604870796204, 0.13810914754867554
0.2635970711708069, 0.47728145122528076, 0.13808009028434753
0.263594388961792, 0.47729650139808655, 0.13808397948741913
0.26358669996261597, 0.47730696201324463, 0.13807427883148193
0.2636006772518158, 0.4772472679615021, 0.1380852907896042
0.26339486241340637, 0.47708839178085327, 0.13778938353061676
0.26339927315711975, 0.4770902395248413, 0.13779141008853912
0.26340505480766296, 0.4770970940589905, 0.13779671490192413
0.2636120915412903, 0.4772365093231201, 0.1381000280380249
0.26362115144729614, 0.477237343788147, 0.13811607658863068
0.26362094283103943, 0.47724267840385437, 0.13811425864696503
0.26361319422721863, 0.47722890973091125, 0.13810628652572632
0.2634117603302002, 0.4770733416080475, 0.13781090080738068
0.2635960578918457, 0.47729039192199707, 0.13807247579097748
0.26359057426452637, 0.4772944748401642, 0.13807052373886108
0.2635910212993622, 0.47729116678237915, 0.13807202875614166
0.26361283659935, 0.4772443473339081, 0.13810394704341888
0.2636045515537262, 0.47724202275276184, 0.13809245824813843
0.26359638571739197, 0.4772942364215851, 0.13807600736618042
0.26361533999443054, 0.47722724080085754, 0.1381041258573532
0.26361796259880066, 0.47722139954566956, 0.13810664415359497
0.2636193037033081, 0.477226585149765, 0.13810542225837708
0.26362377405166626, 0.47722628712654114, 0.13811646401882172
0.26360297203063965, 0.4772791862487793, 0.13808007538318634
0.26360824704170227, 0.4772898852825165, 0.1380789875984192
0.2636047899723053, 0.4773014187812805, 0.13807108998298645
0.26360103487968445, 0.4773003160953522, 0.13807226717472076
0.26360324025154114, 0.4772995114326477, 0.13806892931461334
0.2636032998561859, 0.4772967994213104, 0.13806556165218353
0.2636091113090515, 0.4772912561893463, 0.13807545602321625
0.2636188268661499, 0.47723516821861267, 0.13810165226459503
0.26362344622612, 0.4772215187549591, 0.13810425996780396
0.26362574100494385, 0.4772190451622009, 0.1381140649318695
0.2636229693889618, 0.4772140681743622, 0.13811556994915009
0.26361387968063354, 0.47727566957473755, 0.13809515535831451
0.2636125981807709, 0.4772854745388031, 0.13809022307395935
0.26360732316970825, 0.4772814214229584, 0.1380847543478012
0.26361730694770813, 0.4772266149520874, 0.13809388875961304
0.26360252499580383, 0.4772900640964508, 0.13807076215744019
0.2636183500289917, 0.4772416055202484, 0.13809117674827576
0.2636033296585083, 0.47729259729385376, 0.13807177543640137
0.2636086344718933, 0.4772917926311493, 0.13807852566242218
0.26362311840057373, 0.4772307574748993, 0.13809743523597717
0.263611376285553, 0.4772823750972748, 0.1380832940340042
0.263627290725708, 0.47723111510276794, 0.1381096988916397
0.2636236846446991, 0.4772304892539978, 0.13811025023460388
0.26363158226013184, 0.47722771763801575, 0.1381131112575531
0.26362624764442444, 0.47722363471984863, 0.13811151683330536
0.26362499594688416, 0.47722408175468445, 0.13811205327510834
0.2636079788208008, 0.47727879881858826, 0.1380758136510849
0.2636087238788605, 0.4772871434688568, 0.1380825787782669
0.26362884044647217, 0.47724488377571106, 0.13810282945632935
0.2636130452156067, 0.47730281949043274, 0.1380731761455536
0.2636234760284424, 0.4772355556488037, 0.1380959451198578
0.26360639929771423, 0.4772866666316986, 0.1380782276391983
0.26362305879592896, 0.4772353172302246, 0.13810166716575623
0.26361745595932007, 0.4772181212902069, 0.1381033957004547
0.2636226713657379, 0.47721391916275024, 0.13811518251895905
0.2636319100856781, 0.47720977663993835, 0.13812215626239777
0.2636176347732544, 0.4772636890411377, 0.13809745013713837
0.26363304257392883, 0.477218359708786, 0.13812099397182465
0.2636192739009857, 0.4772197902202606, 0.1381075084209442
0.2636009156703949, 0.4772837460041046, 0.1380838006734848
0.2636207044124603, 0.47723665833473206, 0.13810737431049347
0.2635997533798218, 0.4772928059101105, 0.13808244466781616
0.263611376285553, 0.4772450625896454, 0.13809818029403687
0.2635979652404785, 0.4772941768169403, 0.13807880878448486
0.26359570026397705, 0.4772970676422119, 0.138080894947052
0.2635941505432129, 0.4772859215736389, 0.13807734847068787
0.2636013329029083, 0.47728368639945984, 0.13808214664459229
0.2636207938194275, 0.47722893953323364, 0.13811324536800385
0.26361972093582153, 0.4772273004055023, 0.13811004161834717
0.2636214792728424, 0.4772290289402008, 0.1381099820137024
0.26362109184265137, 0.4772298038005829, 0.1381085216999054
0.26360076665878296, 0.47728317975997925, 0.138080894947052
0.2636162042617798, 0.47723889350891113, 0.1380981206893921
0.2635985016822815, 0.4772946834564209, 0.13807079195976257
0.2636220157146454, 0.477247416973114, 0.13809619843959808
0.2636181116104126, 0.4772436022758484, 0.13809062540531158
0.26360195875167847, 0.47729867696762085, 0.13806861639022827
0.26360636949539185, 0.4773021638393402, 0.13806995749473572
0.26362189650535583, 0.47724413871765137, 0.1381041705608368
0.26360639929771423, 0.4772883653640747, 0.1380826085805893
0.2636006772518158, 0.47728684544563293, 0.1380877047777176
0.263618141412735, 0.4772185683250427, 0.13810764253139496
0.2636130452156067, 0.47720852494239807, 0.1381099373102188
0.26360833644866943, 0.4772210121154785, 0.1381085366010666
0.2636118233203888, 0.47722548246383667, 0.13810352981090546
0.2636071741580963, 0.4772372841835022, 0.13810093700885773
0.26358893513679504, 0.4773005545139313, 0.13807666301727295
0.26359471678733826, 0.47730138897895813, 0.13807734847068787
0.2636089622974396, 0.47724688053131104, 0.1380995213985443
0.2635973393917084, 0.47729432582855225, 0.13807472586631775
0.2636019289493561, 0.47729283571243286, 0.13807713985443115
0.26361915469169617, 0.47722476720809937, 0.13810700178146362
0.26362144947052, 0.47722527384757996, 0.13811355829238892
0.26362207531929016, 0.47721442580223083, 0.1381162703037262
0.26362186670303345, 0.4772210419178009, 0.1381162852048874
0.2636152505874634, 0.477222204208374, 0.1381123811006546
0.26342886686325073, 0.4770297408103943, 0.13783785700798035
0.26361083984375, 0.477238267660141, 0.13809649646282196
0.2635999321937561, 0.4772968292236328, 0.13807517290115356
0.26340872049331665, 0.4770955741405487, 0.1378023326396942
0.26359912753105164, 0.477304607629776, 0.13806714117527008
0.2636190950870514, 0.4772537052631378, 0.13809676468372345
0.2636101245880127, 0.47723299264907837, 0.13809485733509064
0.2636154294013977, 0.4772292673587799, 0.1381048560142517
0.26361265778541565, 0.477210134267807, 0.13810531795024872
0.2636173963546753, 0.4772047996520996, 0.1381063163280487
0.2634314000606537, 0.4769965708255768, 0.13783428072929382
0.26361575722694397, 0.47721341252326965, 0.13810449838638306
0.2636033296585083, 0.4772748053073883, 0.13808055222034454
0.2636008560657501, 0.47728243470191956, 0.1380757987499237
0.2636025846004486, 0.4772954285144806, 0.1380772441625595
0.2636031210422516, 0.47730201482772827, 0.1380721777677536
0.26360151171684265, 0.4772983491420746, 0.13807256519794464
0.26359817385673523, 0.4772883653640747, 0.13807271420955658
0.26361384987831116, 0.4772273600101471, 0.1381002515554428
0.2636166512966156, 0.47721683979034424, 0.1381097137928009
0.2636120915412903, 0.47721317410469055, 0.13810747861862183
0.2636110186576843, 0.4772137403488159, 0.13811294734477997
0.26359590888023376, 0.477220356464386, 0.13810716569423676
0.26359260082244873, 0.47722721099853516, 0.13810375332832336
0.26359933614730835, 0.4772360026836395, 0.13810783624649048
0.26360687613487244, 0.4772287905216217, 0.13809646666049957
0.2636178731918335, 0.4772408604621887, 0.1380966454744339
0.2636260390281677, 0.4772355258464813, 0.1380946785211563
0.26362642645835876, 0.47723275423049927, 0.13809806108474731
0.26363039016723633, 0.4772309362888336, 0.13810546696186066
0.26362812519073486, 0.47722434997558594, 0.13810916244983673
0.2636284828186035, 0.4772290587425232, 0.1381138414144516
0.26362183690071106, 0.4772181510925293, 0.13810724020004272
0.2636217474937439, 0.4772236943244934, 0.13811099529266357
0.2636028826236725, 0.47727078199386597, 0.13808345794677734
0.2636210024356842, 0.47722625732421875, 0.1381041407585144
0.26359841227531433, 0.47728025913238525, 0.13807299733161926
0.2635990083217621, 0.47727927565574646, 0.13807694613933563
0.26359495520591736, 0.4772917628288269, 0.13807590305805206
0.26361024379730225, 0.47724565863609314, 0.13810059428215027
0.2635943293571472, 0.4772948920726776, 0.1380719244480133
0.26361238956451416, 0.47723188996315, 0.13810311257839203
0.2634204626083374, 0.4770200550556183, 0.13782335817813873
0.263613760471344, 0.4772210121154785, 0.13810396194458008
0.26361313462257385, 0.4772169589996338, 0.13811293244361877
0.26359859108924866, 0.47727087140083313, 0.1380930095911026
0.263618141412735, 0.4772169888019562, 0.1381090134382248
0.26361873745918274, 0.47722327709198, 0.13811509311199188
0.2636096775531769, 0.47722646594047546, 0.13809987902641296
0.2635895907878876, 0.4772863984107971, 0.13806968927383423
0.2636083960533142, 0.4772333800792694, 0.13809438049793243
0.2634117901325226, 0.47707894444465637, 0.13780473172664642
0.2635917365550995, 0.47728362679481506, 0.13807976245880127
0.2636093199253082, 0.4772343337535858, 0.1381007879972458
0.26360341906547546, 0.47728845477104187, 0.13808110356330872
0.26362329721450806, 0.47722989320755005, 0.13810357451438904
0.26362907886505127, 0.4772241413593292, 0.13810813426971436
0.26362714171409607, 0.47721365094184875, 0.13810791075229645
0.2636238932609558, 0.47720766067504883, 0.13810893893241882
0.26362255215644836, 0.4772120714187622, 0.13810564577579498
0.26362183690071106, 0.4772166907787323, 0.138098806142807
0.2636221945285797, 0.477218896150589, 0.138112872838974
0.26361504197120667, 0.47722122073173523, 0.13810758292675018
0.2636202573776245, 0.4772239029407501, 0.1381026804447174
0.26360076665878296, 0.4772917628288269, 0.13808177411556244
0.26361557841300964, 0.47724154591560364, 0.13810299336910248
0.26359882950782776, 0.47729402780532837, 0.13807305693626404
0.26361310482025146, 0.47723624110221863, 0.13809320330619812
0.263590544462204, 0.4772873520851135, 0.13807909190654755
0.2636087238788605, 0.4772316813468933, 0.13809959590435028
0.2636030912399292, 0.4772317707538605, 0.1380997747182846
0.2636057436466217, 0.4772317111492157, 0.13810595870018005
0.26360589265823364, 0.4772171974182129, 0.13811245560646057
0.2636103630065918, 0.47721463441848755, 0.1381038874387741
0.26361238956451416, 0.47721150517463684, 0.1381104439496994
0.26361778378486633, 0.4772270619869232, 0.13811178505420685
0.26361286640167236, 0.47723549604415894, 0.13810238242149353
0.26359453797340393, 0.4772914946079254, 0.13808023929595947
0.26359742879867554, 0.4772898554801941, 0.138079434633255
0.2636132538318634, 0.47723376750946045, 0.13809998333454132
0.26360005140304565, 0.47728630900382996, 0.13807764649391174
0.26359865069389343, 0.47728434205055237, 0.13808058202266693
0.2635963261127472, 0.4772784113883972, 0.13808418810367584
0.263606458902359, 0.47722628712654114, 0.138102725148201
0.26360374689102173, 0.4772275984287262, 0.13810743391513824
0.2636095881462097, 0.47723159193992615, 0.13811171054840088
0.26360926032066345, 0.47724196314811707, 0.13811153173446655
0.26360681653022766, 0.47724440693855286, 0.13809575140476227
0.2636031210422516, 0.47723761200904846, 0.1380939483642578
0.2636021673679352, 0.4772367775440216, 0.13809607923030853
0.2634122967720032, 0.4770389497280121, 0.13781744241714478
0.2633925676345825, 0.47708532214164734, 0.13779442012310028
0.26358315348625183, 0.4772902727127075, 0.1380661576986313
0.26360011100769043, 0.47725290060043335, 0.1380995512008667
0.26357999444007874, 0.4772958755493164, 0.1380738765001297
0.2635793089866638, 0.47729605436325073, 0.13807110488414764
0.2635956108570099, 0.47724682092666626, 0.1380946785211563
0.2634146511554718, 0.4770440459251404, 0.13782890141010284
0.26339051127433777, 0.4770812392234802, 0.13778617978096008
0.26360705494880676, 0.47723013162612915, 0.13809525966644287
0.2635919749736786, 0.4772891402244568, 0.1380736380815506
0.26360204815864563, 0.4772884249687195, 0.1380779892206192
0.26359573006629944, 0.4772913157939911, 0.13807925581932068
0.26360028982162476, 0.47729218006134033, 0.13808156549930573
0.26361504197120667, 0.4772421717643738, 0.13810469210147858
0.26361560821533203, 0.4772294759750366, 0.1381024271249771
0.26362141966819763, 0.4772304892539978, 0.13810551166534424
0.2636048495769501, 0.47728076577186584, 0.13807381689548492
0.2636277973651886, 0.4772343039512634, 0.13809768855571747
0.2636234760284424, 0.4772343337535858, 0.13810350000858307
0.26362407207489014, 0.47724106907844543, 0.13810069859027863
0.2636060416698456, 0.4772988557815552, 0.1380743682384491
0.2636040151119232, 0.47729843854904175, 0.13807310163974762
0.2636231482028961, 0.47724679112434387, 0.13809655606746674
0.26360300183296204, 0.4772983193397522, 0.13807424902915955
0.2636221945285797, 0.47723960876464844, 0.13809114694595337
0.2636062204837799, 0.4772892892360687, 0.13807134330272675
0.26362717151641846, 0.47724103927612305, 0.13810551166534424
0.26361772418022156, 0.47723644971847534, 0.13809654116630554
0.26359808444976807, 0.47729137539863586, 0.13808001577854156
0.26360905170440674, 0.4772416055202484, 0.1381055861711502
0.2636120021343231, 0.4772481918334961, 0.13810811936855316
0.2636091411113739, 0.47723808884620667, 0.1380966603755951
0.2636142373085022, 0.4772292971611023, 0.13810014724731445
0.2636115252971649, 0.4772394597530365, 0.13809837400913239
0.2635945975780487, 0.4772912263870239, 0.13806471228599548
0.2636006474494934, 0.4772902727127075, 0.13807247579097748
0.26361799240112305, 0.4772331416606903, 0.13810878992080688
0.2636205554008484, 0.47724592685699463, 0.1381114423274994
0.2636220455169678, 0.47723931074142456, 0.13809926807880402
0.2636233866214752, 0.47723039984703064, 0.13810576498508453
0.26360076665878296, 0.4772796630859375, 0.13807591795921326
0.2634337544441223, 0.4770301282405853, 0.1378295123577118
0.26360824704170227, 0.4772825837135315, 0.13808482885360718
0.26360660791397095, 0.47728219628334045, 0.13808850944042206
0.2636198103427887, 0.4772430956363678, 0.13810649514198303
0.2636023163795471, 0.4772922396659851, 0.1380816251039505
0.26362714171409607, 0.4772338569164276, 0.13811513781547546
0.26360517740249634, 0.47728899121284485, 0.13808080554008484
0.26361560821533203, 0.4772421717643738, 0.13810588419437408
0.2636188268661499, 0.47723549604415894, 0.13810738921165466
0.26340803503990173, 0.47707343101501465, 0.13781295716762543
0.26359823346138, 0.4772970974445343, 0.13808904588222504
0.2636029124259949, 0.47729331254959106, 0.13809141516685486
0.2635955214500427, 0.4772895872592926, 0.1380871683359146
0.2636165916919708, 0.4772398769855499, 0.13810980319976807
0.2636183202266693, 0.4772487282752991, 0.13810481131076813
0.2636195421218872, 0.4772391617298126, 0.13810203969478607
0.2636130452156067, 0.47722822427749634, 0.13810548186302185
0.2636115849018097, 0.4772196114063263, 0.13809725642204285
0.26359233260154724, 0.47727063298225403, 0.1380683034658432
0.2635994553565979, 0.47727251052856445, 0.13808217644691467
0.26360246539115906, 0.47728094458580017, 0.1380855292081833
0.2636193037033081, 0.47724390029907227, 0.1381012499332428
0.26361533999443054, 0.4772370457649231, 0.138104647397995
0.26359647512435913, 0.4772895872592926, 0.13807912170886993
0.2636151909828186, 0.47723934054374695, 0.13809451460838318
0.2635973393917084, 0.4772917330265045, 0.1380733698606491
0.26361894607543945, 0.47723081707954407, 0.13810855150222778
0.2635987102985382, 0.4772803485393524, 0.13808681070804596
0.2636079490184784, 0.47723209857940674, 0.13809771835803986
0.26361286640167236, 0.47723114490509033, 0.1381080001592636
0.2636095881462097, 0.4772273898124695, 0.13810276985168457
0.2636023461818695, 0.4772414267063141, 0.1380976140499115
0.26358628273010254, 0.47729218006134033, 0.1380784809589386
0.26359978318214417, 0.4772303104400635, 0.1381053775548935
0.2635990381240845, 0.4772394299507141, 0.1381015032529831
0.26358386874198914, 0.4772947132587433, 0.13807623088359833
0.2636041045188904, 0.47723570466041565, 0.13810905814170837
0.263591468334198, 0.4772958755493164, 0.13808119297027588
0.2635888457298279, 0.4772920310497284, 0.13807930052280426
0.26359477639198303, 0.4772922694683075, 0.13807836174964905
0.26360464096069336, 0.4772320091724396, 0.1380920559167862
0.2636071443557739, 0.4772450625896454, 0.13809579610824585
0.263606995344162, 0.4772462546825409, 0.13808725774288177
0.2636173367500305, 0.47723525762557983, 0.13809585571289062
0.26361727714538574, 0.47723376750946045, 0.13809221982955933
0.263620525598526, 0.47722873091697693, 0.13808776438236237
0.2636224329471588, 0.4772363305091858, 0.1380889117717743
0.26360195875167847, 0.47728413343429565, 0.13807106018066406
0.26362186670303345, 0.4772355854511261, 0.13809734582901
0.2636207640171051, 0.4772452116012573, 0.13810239732265472
0.2636183202266693, 0.47723111510276794, 0.1380932331085205
0.2636044919490814, 0.4772859215736389, 0.13807247579097748
0.2636030912399292, 0.4772939682006836, 0.13806909322738647
0.263605535030365, 0.477281779050827, 0.13807107508182526
0.26360398530960083, 0.47728389501571655, 0.13807903230190277
0.2636204659938812, 0.477236807346344, 0.1381014585494995
0.2636154294013977, 0.47723615169525146, 0.13810445368289948
0.26361459493637085, 0.47723066806793213, 0.13810229301452637
0.26361119747161865, 0.4772369861602783, 0.1381068080663681
0.2636065185070038, 0.47723981738090515, 0.13809268176555634
0.2636027932167053, 0.4772306978702545, 0.13810305297374725
0.2634028494358063, 0.4770773947238922, 0.13780933618545532
0.2634020745754242, 0.4770820140838623, 0.13780182600021362
0.2635885775089264, 0.4772856533527374, 0.13807405531406403
0.26359647512435913, 0.47729235887527466, 0.13807711005210876
0.26359817385673523, 0.4772878885269165, 0.13808046281337738
0.26360175013542175, 0.47729137539863586, 0.1380780041217804
0.26360884308815, 0.4772341251373291, 0.13809959590435028
0.263595312833786, 0.4772709608078003, 0.13807447254657745
0.26361745595932007, 0.4772253930568695, 0.13810595870018005
0.2636156976222992, 0.47721922397613525, 0.13810224831104279
0.26361650228500366, 0.4772190749645233, 0.13810566067695618
0.26362085342407227, 0.47722306847572327, 0.1381087750196457
0.26360318064689636, 0.47728991508483887, 0.13808608055114746
0.2636183202266693, 0.4772454500198364, 0.1381029337644577
0.26359987258911133, 0.47729891538619995, 0.13808198273181915
0.2635958194732666, 0.4772948622703552, 0.13807369768619537
0.26360946893692017, 0.4772413969039917, 0.13809797167778015
0.26359495520591736, 0.47729015350341797, 0.1380738914012909
0.2636165916919708, 0.4772320091724396, 0.13810890913009644
0.2635970115661621, 0.47727036476135254, 0.13808098435401917
0.26361599564552307, 0.477216899394989, 0.13811437785625458
0.2636176645755768, 0.47722309827804565, 0.13812117278575897
0.26361438632011414, 0.4772259593009949, 0.13811495900154114
0.26361286640167236, 0.477228045463562, 0.13810531795024872
0.2636021077632904, 0.4772886335849762, 0.13808101415634155
0.2636035978794098, 0.477306604385376, 0.13808190822601318
0.26360076665878296, 0.4773016571998596, 0.13807524740695953
0.2636016607284546, 0.47730299830436707, 0.13807567954063416
0.26359906792640686, 0.47730299830436707, 0.13807131350040436
0.26359671354293823, 0.4772908389568329, 0.13807548582553864
0.26361697912216187, 0.4772321283817291, 0.1381078064441681
0.2636181712150574, 0.4772321283817291, 0.138113334774971
0.2636145353317261, 0.47722676396369934, 0.13811048865318298
0.2636210322380066, 0.47722139954566956, 0.13810913264751434
0.263616681098938, 0.47722747921943665, 0.13811294734477997
0.2636207938194275, 0.4772420823574066, 0.13810917735099792
0.2636185586452484, 0.4772399961948395, 0.13810111582279205
0.2636069357395172, 0.47729888558387756, 0.13808536529541016
0.26360586285591125, 0.4773014485836029, 0.13808345794677734
0.263604998588562, 0.47730422019958496, 0.1380842626094818
0.2636118233203888, 0.47724494338035583, 0.13810157775878906
0.26360246539115906, 0.47728967666625977, 0.138081893324852
0.26359760761260986, 0.4772886037826538, 0.13808588683605194
0.26361772418022156, 0.4772375822067261, 0.13810309767723083
0.26360365748405457, 0.47728684544563293, 0.13808903098106384
0.26361483335494995, 0.47722557187080383, 0.13810674846172333
0.2635955512523651, 0.4772849380970001, 0.13808633387088776
0.26359885931015015, 0.4772852659225464, 0.1380869597196579
0.2635989487171173, 0.47728675603866577, 0.13808828592300415
0.2636165916919708, 0.4772440791130066, 0.13811863958835602
0.26361411809921265, 0.47724583745002747, 0.1381022185087204
0.26361191272735596, 0.4772484600543976, 0.1381119042634964
0.26361724734306335, 0.47724881768226624, 0.13811464607715607
0.26359739899635315, 0.47730115056037903, 0.13807784020900726
0.2636164128780365, 0.47724393010139465, 0.13810773193836212
0.2636154890060425, 0.47723883390426636, 0.13809765875339508
0.2636074423789978, 0.47728976607322693, 0.1380797177553177
0.2635956108570099, 0.47728484869003296, 0.13807426393032074
0.2635444104671478, 0.47717857360839844, 0.13800494372844696
0.2636004388332367, 0.4772800803184509, 0.13807791471481323
0.2636142075061798, 0.47722360491752625, 0.13810449838638306
0.26361578702926636, 0.47722411155700684, 0.1380976289510727
0.26360514760017395, 0.47728556394577026, 0.13807643949985504
0.26361680030822754, 0.4772273004055023, 0.138100266456604
0.26360246539115906, 0.47727879881858826, 0.1380741447210312
0.26360416412353516, 0.47728437185287476, 0.13808304071426392
0.2636237144470215, 0.47723621129989624, 0.138102725148201
0.26359987258911133, 0.4772847890853882, 0.138077512383461
0.26362255215644836, 0.4772407114505768, 0.1381019502878189
0.26359766721725464, 0.47728434205055237, 0.13806995749473572
0.2634163498878479, 0.4770697057247162, 0.1377962976694107
0.26361942291259766, 0.477224200963974, 0.13809984922409058
0.2636207640171051, 0.47723472118377686, 0.13810962438583374
0.26362207531929016, 0.4772326648235321, 0.1381089985370636
0.2636226713657379, 0.4772396683692932, 0.13811364769935608
0.26361995935440063, 0.4772351384162903, 0.13810890913009644
0.2636167109012604, 0.4772338569164276, 0.13810579478740692
0.2634134590625763, 0.4770771265029907, 0.13780565559864044
0.2636149525642395, 0.47723251581192017, 0.13809865713119507
0.26360031962394714, 0.47728854417800903, 0.13807377219200134
0.26360124349594116, 0.47728824615478516, 0.13808031380176544
0.26362118124961853, 0.4772360324859619, 0.1381089687347412
0.26362013816833496, 0.47723910212516785, 0.1381077617406845
0.26362404227256775, 0.47724077105522156, 0.138118177652359
0.26362165808677673, 0.4772375822067261, 0.13811105489730835
0.2636186480522156, 0.4772334694862366, 0.13811621069908142
0.2636185884475708, 0.4772224724292755, 0.1381048709154129
0.26342615485191345, 0.47702211141586304, 0.13782845437526703
0.2634313106536865, 0.47702446579933167, 0.13783010840415955
0.26362091302871704, 0.4772404730319977, 0.13810530304908752
0.26361775398254395, 0.47724801301956177, 0.13810376822948456
0.26361891627311707, 0.477239727973938, 0.13811607658863068
0.2635975778102875, 0.47728607058525085, 0.138088196516037
0.2635958194732666, 0.4772895872592926, 0.13807658851146698
0.26360175013542175, 0.4772931933403015, 0.13808445632457733
0.2635951042175293, 0.4772808253765106, 0.13807708024978638
0.26361167430877686, 0.4772239327430725, 0.13810564577579498
0.2636178135871887, 0.4772416651248932, 0.13810934126377106
0.263616144657135, 0.47723978757858276, 0.13810600340366364
0.2635982632637024, 0.4772830605506897, 0.1380832940340042
0.26361629366874695, 0.47723785042762756, 0.13810202479362488
0.26360049843788147, 0.47729480266571045, 0.13808083534240723
0.26359349489212036, 0.47728171944618225, 0.13806858658790588
0.2636171877384186, 0.4772237241268158, 0.1381075084209442
0.26359888911247253, 0.4772880971431732, 0.13807448744773865
0.2636047303676605, 0.4772873818874359, 0.13808593153953552
0.2636060118675232, 0.4772813320159912, 0.1380911022424698
0.26361799240112305, 0.47722554206848145, 0.13811619579792023
0.2636154890060425, 0.47722646594047546, 0.13810576498508453
0.26360973715782166, 0.4772294759750366, 0.13810156285762787
0.26361283659935, 0.4772334098815918, 0.13809651136398315
0.2636115252971649, 0.47724252939224243, 0.138093039393425
0.2635955512523651, 0.47729313373565674, 0.13807518780231476
0.26358890533447266, 0.4772936701774597, 0.13807789981365204
0.2636137902736664, 0.4772494435310364, 0.13811029493808746
0.26360824704170227, 0.4772321581840515, 0.1381017416715622
0.26360857486724854, 0.4772246479988098, 0.13810402154922485
0.26360881328582764, 0.4772210121154785, 0.13810893893241882
0.2636100649833679, 0.47721460461616516, 0.13810481131076813
0.2636069357395172, 0.4772132635116577, 0.13810059428215027
0.2636173665523529, 0.47722429037094116, 0.1381041556596756
0.2636209726333618, 0.47723981738090515, 0.13810992240905762
0.26360461115837097, 0.4772895276546478, 0.1380782574415207
0.26360514760017395, 0.47730553150177, 0.1380820870399475
0.26360008120536804, 0.4772936701774597, 0.13807609677314758
0.26359954476356506, 0.47728946805000305, 0.1380728781223297
0.26361194252967834, 0.4772358238697052, 0.13809320330619812
0.26341336965560913, 0.4770743250846863, 0.1378065049648285
0.2636185586452484, 0.4772227108478546, 0.13810759782791138
0.26361405849456787, 0.47722429037094116, 0.13810455799102783
0.2636212706565857, 0.4772275388240814, 0.13811329007148743
0.2636171579360962, 0.4772225320339203, 0.138114795088768
0.2636091411113739, 0.47722798585891724, 0.13810569047927856
0.263609915971756, 0.4772343933582306, 0.13810601830482483
0.2634221613407135, 0.47702476382255554, 0.13782697916030884
0.2634074091911316, 0.47707584500312805, 0.13779817521572113
0.2635985314846039, 0.47729218006134033, 0.13806164264678955
0.2636052370071411, 0.4772920310497284, 0.13807913661003113
0.2636179029941559, 0.4772416055202484, 0.13810554146766663
0.2636212408542633, 0.4772420823574066, 0.13810905814170837
0.26360180974006653, 0.47728413343429565, 0.13808700442314148
0.2636146545410156, 0.4772248864173889, 0.1381068229675293
0.2634254992008209, 0.4770113527774811, 0.13782627880573273
0.26359647512435913, 0.4772723913192749, 0.13807746767997742
0.2636190950870514, 0.47722411155700684, 0.13810735940933228
0.26362064480781555, 0.4772339463233948, 0.13811038434505463
0.2636033594608307, 0.47729551792144775, 0.138084277510643
0.2636069059371948, 0.4772951006889343, 0.13808205723762512
0.2636159658432007, 0.4772413671016693, 0.1381029486656189
0.26361313462257385, 0.4772399067878723, 0.1380959004163742
0.26362040638923645, 0.4772341251373291, 0.1380971521139145
0.2634344696998596, 0.4770202934741974, 0.13782252371311188
0.2636148929595947, 0.47728317975997925, 0.13808204233646393
0.26362884044647217, 0.47723978757858276, 0.13811111450195312
0.2636190354824066, 0.47730010747909546, 0.13809126615524292
0.2636142075061798, 0.47729551792144775, 0.1380920559167862
0.26361083984375, 0.47729119658470154, 0.1380937248468399
0.2636065185070038, 0.4772869348526001, 0.1380823403596878
0.26361680030822754, 0.4772269129753113, 0.13809823989868164
0.26361751556396484, 0.47722145915031433, 0.138096883893013
0.26361650228500366, 0.47722291946411133, 0.13810455799102783
0.263622909784317, 0.4772288501262665, 0.13811421394348145
0.26362377405166626, 0.47723203897476196, 0.13811686635017395
0.26361924409866333, 0.4772386848926544, 0.13811896741390228
0.2636249363422394, 0.4772435128688812, 0.13811594247817993
0.26362156867980957, 0.4772454798221588, 0.1381143480539322
0.263603538274765, 0.47729119658470154, 0.13807420432567596
0.26360365748405457, 0.47728660702705383, 0.1380717009305954
0.26341503858566284, 0.4770824611186981, 0.13780410587787628
0.2636234164237976, 0.47724080085754395, 0.138107568025589
0.2636198103427887, 0.4772355258464813, 0.1381131112575531
0.2636238932609558, 0.4772389829158783, 0.13812518119812012
0.26360780000686646, 0.4772920608520508, 0.13809329271316528
0.26360613107681274, 0.47728583216667175, 0.13808490335941315
0.2636156380176544, 0.4772316515445709, 0.13810217380523682
0.2634073495864868, 0.477078378200531, 0.13780207931995392
0.2636009752750397, 0.4772948920726776, 0.1380842626094818
0.2636156976222992, 0.47724151611328125, 0.13810664415359497
0.2636171877384186, 0.4772430658340454, 0.13811838626861572
0.2636014223098755, 0.4772951304912567, 0.13809500634670258
0.2636040449142456, 0.47728830575942993, 0.13807377219200134
0.2635984718799591, 0.4772889316082001, 0.13807879388332367
0.26359814405441284, 0.47728514671325684, 0.1380738466978073
0.2634128928184509, 0.4770737886428833, 0.1377933770418167
0.2636062204837799, 0.47727903723716736, 0.1380709856748581
0.26360800862312317, 0.47728681564331055, 0.13808321952819824
0.2636203169822693, 0.4772326946258545, 0.13810278475284576
0.2636156976222992, 0.4772370457649231, 0.13811245560646057
0.263601154088974, 0.4772821366786957, 0.13808052241802216
0.2636023759841919, 0.47727885842323303, 0.13807609677314758
0.26343414187431335, 0.4770233929157257, 0.13782501220703125
0.2634260058403015, 0.47702133655548096, 0.13782159984111786
0.26360228657722473, 0.4772791564464569, 0.13808034360408783
0.2636077105998993, 0.47729313373565674, 0.13808923959732056
0.2636285722255707, 0.47723695635795593, 0.13810572028160095
0.26360902190208435, 0.4772925078868866, 0.13809137046337128
0.26360347867012024, 0.4772883355617523, 0.13808637857437134
0.26362040638923645, 0.47724229097366333, 0.13810458779335022
0.2636145353317261, 0.4772273302078247, 0.13809610903263092
0.2636086940765381, 0.477224737405777, 0.13809731602668762
0.26361221075057983, 0.47723114490509033, 0.13809064030647278
0.26361146569252014, 0.47723543643951416, 0.1380988508462906
0.26360461115837097, 0.4772907495498657, 0.13809022307395935
0.2636173367500305, 0.47724488377571106, 0.1381198912858963
0.2636027932167053, 0.4772963523864746, 0.13808856904506683
0.2636111378669739, 0.477230966091156, 0.1381029337644577
0.26341021060943604, 0.4770676791667938, 0.13779917359352112
0.26340946555137634, 0.4770718514919281, 0.13778825104236603
0.2635979652404785, 0.47728431224823, 0.1380605250597
0.26361411809921265, 0.477235347032547, 0.13809163868427277
0.26361802220344543, 0.47724685072898865, 0.13810493052005768
0.2636157274246216, 0.4772447943687439, 0.1380961835384369
0.263612300157547, 0.47724243998527527, 0.13810454308986664
0.2635982632637024, 0.4772760570049286, 0.13807599246501923
0.26342737674713135, 0.47701597213745117, 0.13782452046871185
0.2634199559688568, 0.4770088195800781, 0.13781000673770905
0.26361531019210815, 0.47721222043037415, 0.13809984922409058
0.26361188292503357, 0.47723108530044556, 0.1381058543920517
0.2636118531227112, 0.477247029542923, 0.13809871673583984
0.26361313462257385, 0.47724848985671997, 0.13809329271316528
0.26359492540359497, 0.4772968590259552, 0.13807548582553864
0.26359373331069946, 0.4773005247116089, 0.1380695104598999
0.26339635252952576, 0.47707775235176086, 0.13778527081012726
0.2634182870388031, 0.4770125448703766, 0.13780908286571503
0.26341983675956726, 0.4770163893699646, 0.1378173977136612
0.26342546939849854, 0.4770258069038391, 0.13782696425914764
0.2636149227619171, 0.47723814845085144, 0.13810096681118011
0.2636181712150574, 0.47724148631095886, 0.13810712099075317
0.26361966133117676, 0.4772482216358185, 0.13810227811336517
0.26362109184265137, 0.47724229097366333, 0.13809263706207275
0.263614684343338, 0.47723135352134705, 0.138085275888443
0.2635975480079651, 0.4772721529006958, 0.13806700706481934
0.26344168186187744, 0.47702521085739136, 0.1378161609172821
0.26363232731819153, 0.4772414565086365, 0.1380930095911026
0.2636134624481201, 0.47729358077049255, 0.13807760179042816
0.2636267840862274, 0.47724658250808716, 0.13810846209526062
0.26362451910972595, 0.4772467315196991, 0.13811366260051727
0.26362210512161255, 0.47724270820617676, 0.13811467587947845
0.26362186670303345, 0.4772320091724396, 0.13810673356056213
0.26342299580574036, 0.4770220220088959, 0.1378156691789627
0.2634196877479553, 0.4770139157772064, 0.1378145068883896
0.2635863125324249, 0.4772683382034302, 0.13807614147663116
0.26361599564552307, 0.47722357511520386, 0.13811685144901276
0.2636246085166931, 0.47724008560180664, 0.13813342154026031
0.26362344622612, 0.47723808884620667, 0.13812685012817383
0.26360461115837097, 0.47729039192199707, 0.1380959153175354
0.2636006772518158, 0.4772929251194, 0.13808226585388184
0.2636186480522156, 0.4772367775440216, 0.13810010254383087
0.2636193335056305, 0.4772248864173889, 0.13809457421302795
0.2636164128780365, 0.47728294134140015, 0.13808390498161316
0.26363304257392883, 0.4772288203239441, 0.1381130814552307
0.2636375427246094, 0.47723448276519775, 0.1381320059299469
0.2635999321937561, 0.4772745370864868, 0.13811510801315308
0.2635941505432129, 0.4772646725177765, 0.1381118893623352
0.2636128067970276, 0.4772112965583801, 0.1381254494190216
0.26361432671546936, 0.477206826210022, 0.13809840381145477
0.2634272873401642, 0.4769948124885559, 0.1378229707479477
0.2634343206882477, 0.47701266407966614, 0.1378265768289566
0.2636210322380066, 0.47723788022994995, 0.13810355961322784
0.26362621784210205, 0.4772477447986603, 0.1381080001592636
0.26360607147216797, 0.4773106873035431, 0.13808855414390564
0.2636106610298157, 0.47731712460517883, 0.1380763202905655
0.26360470056533813, 0.47730201482772827, 0.13806623220443726
0.26361891627311707, 0.4772357642650604, 0.13808795809745789
0.26341909170150757, 0.47708266973495483, 0.13779781758785248
0.2634255588054657, 0.4770207703113556, 0.13781270384788513
0.26360610127449036, 0.4772186577320099, 0.13809511065483093
0.263611376285553, 0.4772249758243561, 0.1381053626537323
0.2636113166809082, 0.4772431552410126, 0.1381080001592636
0.2636112570762634, 0.4772462844848633, 0.138111412525177
0.2635937035083771, 0.4772906005382538, 0.13808180391788483
0.26359444856643677, 0.4772956073284149, 0.1380675733089447
0.26340803503990173, 0.4770944118499756, 0.1377844363451004
0.26343271136283875, 0.47704190015792847, 0.13781531155109406
0.2636067271232605, 0.4772863984107971, 0.13806937634944916
0.2636237144470215, 0.47724467515945435, 0.1381024420261383
0.2636043429374695, 0.47729960083961487, 0.13808120787143707
0.26362037658691406, 0.4772336781024933, 0.1381099373102188
0.2636009454727173, 0.4772859513759613, 0.13808754086494446
0.26360031962394714, 0.47728464007377625, 0.13808120787143707
0.26361632347106934, 0.4772247076034546, 0.13810129463672638
0.2634316682815552, 0.47701510787010193, 0.13782621920108795
0.26361826062202454, 0.4772258996963501, 0.13810326159000397
0.2636201083660126, 0.47723573446273804, 0.1381043940782547
0.26359477639198303, 0.4772900938987732, 0.13807819783687592
0.2635945975780487, 0.4772874712944031, 0.13808642327785492
0.26361122727394104, 0.47723323106765747, 0.13809581100940704
0.2636086642742157, 0.47722917795181274, 0.13809578120708466
0.26342183351516724, 0.4770205318927765, 0.13782207667827606
0.26340964436531067, 0.4770820438861847, 0.13779622316360474
0.26359617710113525, 0.4772946536540985, 0.13807597756385803
0.2636149525642395, 0.4772365391254425, 0.13810718059539795
0.2636125981807709, 0.47723594307899475, 0.13811366260051727
0.26359155774116516, 0.477289617061615, 0.1380804181098938
0.26361197233200073, 0.47723081707954407, 0.13810089230537415
0.26353925466537476, 0.47716960310935974, 0.13800278306007385
0.26361629366874695, 0.4772247076034546, 0.13809266686439514
0.2636118531227112, 0.4772190451622009, 0.13808932900428772
0.2635957598686218, 0.477276086807251, 0.13806931674480438
0.26361605525016785, 0.4772374629974365, 0.13810865581035614
0.26362287998199463, 0.477250337600708, 0.13811291754245758
0.26361602544784546, 0.4772518277168274, 0.1381150186061859
0.2635971009731293, 0.47729530930519104, 0.1380854845046997
0.2636130154132843, 0.47723516821861267, 0.13810615241527557
0.2633993625640869, 0.4770779311656952, 0.13779887557029724
0.26358646154403687, 0.4772854447364807, 0.13807252049446106
0.2636013329029083, 0.4772236943244934, 0.1380947381258011
0.26360228657722473, 0.4772256016731262, 0.1381027102470398
0.2635810375213623, 0.4772733449935913, 0.13807913661003113
0.26360249519348145, 0.47722315788269043, 0.13811445236206055
0.26360929012298584, 0.47723039984703064, 0.13811123371124268
0.26360899209976196, 0.47722911834716797, 0.13810878992080688
0.26359128952026367, 0.47727885842323303, 0.13808177411556244
0.26359811425209045, 0.4772832989692688, 0.13807998597621918
0.26360973715782166, 0.47722965478897095, 0.1381043940782547
0.2635924816131592, 0.47727730870246887, 0.13807928562164307
0.2636030912399292, 0.4772833585739136, 0.13808979094028473
0.26360103487968445, 0.4772859215736389, 0.13808494806289673
0.263618141412735, 0.4772278368473053, 0.13810446858406067
0.26361340284347534, 0.4772215187549591, 0.13810360431671143
0.2636130750179291, 0.47723111510276794, 0.1381017565727234
0.26359763741493225, 0.4772804081439972, 0.1380731761455536
0.2635982036590576, 0.47727829217910767, 0.13806933164596558
0.2635956108570099, 0.4772888720035553, 0.1380692422389984
0.26361173391342163, 0.47723427414894104, 0.13809920847415924
0.2635954022407532, 0.4772799015045166, 0.13807803392410278
0.2635921537876129, 0.4772780239582062, 0.13807521760463715
0.263618141412735, 0.4772176146507263, 0.13810454308986664
0.2636241912841797, 0.47722193598747253, 0.13810159265995026
0.26362910866737366, 0.47721612453460693, 0.1381082832813263
0.26361215114593506, 0.47727447748184204, 0.13808989524841309
0.2636086642742157, 0.47729071974754333, 0.13808365166187286
0.2636064291000366, 0.4772976040840149, 0.13807889819145203
0.26362526416778564, 0.47724971175193787, 0.13810597360134125
0.2636163830757141, 0.47723549604415894, 0.13810065388679504
0.26359662413597107, 0.47728440165519714, 0.13806568086147308
0.2635982036590576, 0.47728288173675537, 0.1380700021982193
0.2636195123195648, 0.4772198498249054, 0.13809539377689362
0.26361897587776184, 0.4772206246852875, 0.13811233639717102
0.26362261176109314, 0.47722768783569336, 0.13811461627483368
0.26362425088882446, 0.4772283434867859, 0.138121098279953
0.26362261176109314, 0.47723138332366943, 0.13811440765857697
0.26362472772598267, 0.477233350276947, 0.13811448216438293
0.2636069059371948, 0.4772931635379791, 0.13807867467403412
0.26360684633255005, 0.4772859811782837, 0.13807183504104614
0.2636052966117859, 0.47728997468948364, 0.13806931674480438
0.2635997235774994, 0.4772927761077881, 0.13806447386741638
0.2635997533798218, 0.47729840874671936, 0.1380656212568283
0.26362138986587524, 0.4772421717643738, 0.13809898495674133
0.2636186182498932, 0.4772341549396515, 0.13810691237449646
0.26359689235687256, 0.4772873520851135, 0.13808083534240723
0.26362141966819763, 0.47722411155700684, 0.1381150186061859
0.2636193335056305, 0.4772128760814667, 0.13810667395591736
0.26361972093582153, 0.4772152602672577, 0.13811257481575012
0.2636052668094635, 0.4772757887840271, 0.1380843073129654
0.2636104226112366, 0.47728651762008667, 0.13808447122573853
0.2636204659938812, 0.47723737359046936, 0.13810834288597107
0.2636179029941559, 0.4772447645664215, 0.1381010264158249
0.26360023021698, 0.4772998094558716, 0.1380794644355774
0.2635921835899353, 0.4772903323173523, 0.1380728930234909
0.26342445611953735, 0.4770333468914032, 0.13782629370689392
0.2636135220527649, 0.47724273800849915, 0.1381005048751831
0.2635987102985382, 0.4772833287715912, 0.1380832940340042
0.2636187970638275, 0.4772292971611023, 0.1381123811006546
0.26362016797065735, 0.4772278666496277, 0.1381213665008545
0.26360979676246643, 0.4772927165031433, 0.13809506595134735
0.26360568404197693, 0.47729039192199707, 0.13808374106884003
0.2635980546474457, 0.4772815406322479, 0.13808155059814453
0.26341119408607483, 0.4770755469799042, 0.1378021538257599
0.2636096775531769, 0.47723743319511414, 0.1380903422832489
0.2636169493198395, 0.47724485397338867, 0.13810881972312927
0.2636195719242096, 0.47724950313568115, 0.13811637461185455
0.263602614402771, 0.4773043096065521, 0.13808628916740417
0.26359862089157104, 0.4772968888282776, 0.13808099925518036
0.26359716057777405, 0.4772927761077881, 0.13808171451091766
0.2634233832359314, 0.4770350456237793, 0.13782721757888794
0.26342013478279114, 0.4770374000072479, 0.13782267272472382
0.26359957456588745, 0.4772895574569702, 0.13808123767375946
0.2636234164237976, 0.4772314727306366, 0.1381172090768814
0.2636224031448364, 0.4772384464740753, 0.13810953497886658
0.26362553238868713, 0.4772390127182007, 0.13811205327510834
0.2636260390281677, 0.47722798585891724, 0.13811948895454407
0.26362383365631104, 0.47722771763801575, 0.13811731338500977
0.26362040638923645, 0.47723114490509033, 0.13810908794403076
0.2634317874908447, 0.47701296210289, 0.13782702386379242
0.26361560821533203, 0.4772176146507263, 0.13809767365455627
0.26359638571739197, 0.47729048132896423, 0.1380666196346283
0.2635979652404785, 0.4772949516773224, 0.13807860016822815
0.2636069059371948, 0.47729167342185974, 0.13808666169643402
0.26360824704170227, 0.4772992730140686, 0.13808371126651764
0.2636035084724426, 0.47730204463005066, 0.13807426393032074
0.2634265720844269, 0.47701919078826904, 0.13781975209712982
0.26343342661857605, 0.477016419172287, 0.13782283663749695
0.26361849904060364, 0.47722867131233215, 0.1380997598171234
0.26362600922584534, 0.47722601890563965, 0.13811281323432922
0.2636299729347229, 0.47722291946411133, 0.13811750710010529
0.2636282444000244, 0.4772331118583679, 0.13811391592025757
0.2636106014251709, 0.4772922694683075, 0.1380765438079834
0.26361557841300964, 0.47728875279426575, 0.1380799412727356
0.2636108100414276, 0.4772869944572449, 0.138076514005661
0.2634105086326599, 0.4770759344100952, 0.13779129087924957
0.26359593868255615, 0.47728943824768066, 0.13807812333106995
0.2636130154132843, 0.47724097967147827, 0.13811248540878296
0.2636132836341858, 0.4772378206253052, 0.1381092220544815
0.2636145055294037, 0.4772290885448456, 0.13811373710632324
0.2636129856109619, 0.47721436619758606, 0.13811419904232025
0.26362165808677673, 0.4772174656391144, 0.1381111890077591
0.26342180371284485, 0.47701555490493774, 0.13781844079494476
0.2635973393917084, 0.47727736830711365, 0.13807596266269684
0.26361867785453796, 0.47722652554512024, 0.13808974623680115
0.2635990083217621, 0.47729408740997314, 0.13806791603565216
0.26361286640167236, 0.4773081839084625, 0.13807769119739532
0.2636246383190155, 0.4772462248802185, 0.1381114274263382
0.2636108100414276, 0.47730085253715515, 0.13808777928352356
0.26361986994743347, 0.47724366188049316, 0.1381058543920517
0.26343202590942383, 0.4770210087299347, 0.13782967627048492
0.2636101543903351, 0.4772091209888458, 0.13809852302074432
0.2634202241897583, 0.4770117700099945, 0.1378239542245865
0.2635977268218994, 0.4772871732711792, 0.13807907700538635
0.26360732316970825, 0.4772928059101105, 0.13808830082416534
0.26362860202789307, 0.47724902629852295, 0.13811902701854706
0.2636062204837799, 0.4773051142692566, 0.13808409869670868
0.26360511779785156, 0.47730034589767456, 0.13807803392410278
0.2634029686450958, 0.4770747125148773, 0.1377958208322525
0.2634165287017822, 0.47701898217201233, 0.1378171592950821
0.2634258270263672, 0.47702667117118835, 0.13782736659049988
0.2636161148548126, 0.47722384333610535, 0.1381041258573532
0.2635951638221741, 0.4772757291793823, 0.13807758688926697
0.2636139690876007, 0.4772428572177887, 0.13811154663562775
0.26361167430877686, 0.4772427976131439, 0.13809935748577118
0.2636081874370575, 0.4772283136844635, 0.13809895515441895
0.2636140286922455, 0.4772353768348694, 0.13809967041015625
0.26340487599372864, 0.4770757853984833, 0.13779164850711823
0.2635990381240845, 0.47728967666625977, 0.1380714774131775
0.26360297203063965, 0.4772927463054657, 0.138077512383461
0.2636092007160187, 0.47730639576911926, 0.13808362185955048
0.2636062502861023, 0.4773138165473938, 0.13808755576610565
0.26362234354019165, 0.4772465229034424, 0.13810677826404572
0.263613760471344, 0.47724223136901855, 0.13809986412525177
0.263594388961792, 0.47728264331817627, 0.1380714327096939
0.26340001821517944, 0.4770575761795044, 0.13778512179851532
0.2634228467941284, 0.4770098328590393, 0.13782750070095062
0.26361218094825745, 0.477219820022583, 0.13810065388679504
0.26359763741493225, 0.4772830307483673, 0.13808946311473846
0.2636059522628784, 0.47728854417800903, 0.13809986412525177
0.26360416412353516, 0.4773046672344208, 0.13808873295783997
0.2636035978794098, 0.4773047864437103, 0.13807731866836548
0.26340723037719727, 0.47709691524505615, 0.1377982497215271
0.2634042799472809, 0.4770868122577667, 0.13778813183307648
0.26340362429618835, 0.4770832657814026, 0.13778544962406158
0.2635980248451233, 0.47728559374809265, 0.13808277249336243
0.2636110782623291, 0.4772251844406128, 0.13811036944389343
0.26361820101737976, 0.47722652554512024, 0.1381169557571411
0.26362165808677673, 0.47722795605659485, 0.1381232738494873
0.2636188268661499, 0.4772254526615143, 0.13811932504177094
0.26361459493637085, 0.4772292673587799, 0.13811157643795013
0.2634318768978119, 0.4770171344280243, 0.13783513009548187
0.2634090483188629, 0.4770740270614624, 0.13780517876148224
0.26343056559562683, 0.47703906893730164, 0.1378345489501953
0.2636028528213501, 0.4773014783859253, 0.13809457421302795
0.26360809803009033, 0.4773128926753998, 0.13809683918952942
0.2636060416698456, 0.4773092269897461, 0.13808810710906982
0.263602614402771, 0.4773010015487671, 0.13808350265026093
0.26360395550727844, 0.4772831201553345, 0.13807891309261322
0.26342669129371643, 0.47701019048690796, 0.1378140151500702
0.2634317874908447, 0.477007120847702, 0.13782037794589996
0.26362714171409607, 0.47721192240715027, 0.13811159133911133
0.2636302411556244, 0.4772135317325592, 0.13811422884464264
0.2636183500289917, 0.47727906703948975, 0.138097882270813
0.2636144757270813, 0.4772883355617523, 0.13810263574123383
0.26361551880836487, 0.47729435563087463, 0.1380915641784668
0.2636072039604187, 0.47728875279426575, 0.13808150589466095
0.26359811425209045, 0.47728776931762695, 0.1380707323551178
0.2634256184101105, 0.4770295321941376, 0.13781528174877167
0.2634272873401642, 0.47702959179878235, 0.13782243430614471
0.2636111080646515, 0.4772285521030426, 0.13809692859649658
0.26361265778541565, 0.47722765803337097, 0.13810668885707855
0.2636038064956665, 0.4772891104221344, 0.1380898356437683
0.2635999917984009, 0.47728022933006287, 0.13808214664459229
0.2636025846004486, 0.4772833287715912, 0.1380840688943863
0.2634260356426239, 0.477021723985672, 0.1378263682126999
0.26342135667800903, 0.4770180881023407, 0.1378239393234253
0.2634197771549225, 0.47702446579933167, 0.13782644271850586
0.2636129856109619, 0.4772323966026306, 0.13809728622436523
0.263618528842926, 0.4772375226020813, 0.13811035454273224
0.2636159360408783, 0.47723764181137085, 0.13810890913009644
0.2636144757270813, 0.4772304892539978, 0.13810482621192932
0.26360177993774414, 0.47727957367897034, 0.13807903230190277
0.2634073495864868, 0.47707173228263855, 0.13779649138450623
0.2634035050868988, 0.47707778215408325, 0.13778607547283173
0.2636168897151947, 0.47723615169525146, 0.13809631764888763
0.26362285017967224, 0.4772336781024933, 0.1381096988916397
0.26362282037734985, 0.4772387146949768, 0.138114333152771
0.2636195421218872, 0.4772297441959381, 0.13811390101909637
0.26359885931015015, 0.4772767424583435, 0.13808861374855042
0.2636031210422516, 0.4772866666316986, 0.1380922496318817
0.2636096477508545, 0.4772292673587799, 0.13809604942798615
0.2636149525642395, 0.4772264063358307, 0.1380990594625473
0.2635985314846039, 0.47728297114372253, 0.13808400928974152
0.26359811425209045, 0.4773007035255432, 0.13807763159275055
0.26360470056533813, 0.4772939682006836, 0.13807952404022217
0.26359954476356506, 0.4772915244102478, 0.13808751106262207
0.26359593868255615, 0.47729989886283875, 0.13808418810367584
0.26361608505249023, 0.4772409498691559, 0.13809727132320404
0.26342737674713135, 0.4770187735557556, 0.1378367841243744
0.2636181712150574, 0.4772241413593292, 0.13810952007770538
0.2636135220527649, 0.47722625732421875, 0.13810326159000397
0.26361554861068726, 0.47722357511520386, 0.13810692727565765
0.26361292600631714, 0.4772220551967621, 0.1381099969148636
0.2636144161224365, 0.4772299528121948, 0.13810694217681885
0.26361244916915894, 0.4772387146949768, 0.13809973001480103
0.26361024379730225, 0.47724220156669617, 0.13810090720653534
0.26340749859809875, 0.47708508372306824, 0.13780063390731812
0.2635948359966278, 0.4772842526435852, 0.13807065784931183
0.26360321044921875, 0.47728678584098816, 0.13807907700538635
0.263619601726532, 0.4772283136844635, 0.1381111890077591
0.2636050879955292, 0.4772939085960388, 0.1380888968706131
0.26361608505249023, 0.477239191532135, 0.13811099529266357
0.2636144161224365, 0.4772338271141052, 0.1381094753742218
0.2636169493198395, 0.4772285223007202, 0.13810507953166962
0.26361405849456787, 0.4772310256958008, 0.13809537887573242
0.26361292600631714, 0.4772273898124695, 0.13809889554977417
0.2634275555610657, 0.47702556848526, 0.13782596588134766
0.2636162042617798, 0.4772285223007202, 0.1380935162305832
0.2635995149612427, 0.4772862195968628, 0.1380774825811386
0.2636205852031708, 0.4772332012653351, 0.13811571896076202
0.2636212706565857, 0.47723856568336487, 0.13811850547790527
0.26361724734306335, 0.4772438704967499, 0.13811276853084564
0.26341819763183594, 0.4770197868347168, 0.13782435655593872
0.2634049654006958, 0.47707417607307434, 0.13780689239501953
0.2636011838912964, 0.47722911834716797, 0.13809524476528168
0.26360517740249634, 0.47723180055618286, 0.13809296488761902
0.2635881304740906, 0.47728192806243896, 0.13808023929595947
0.2635939419269562, 0.47728797793388367, 0.13808026909828186
0.26359131932258606, 0.47729259729385376, 0.13807570934295654
0.26360923051834106, 0.4772309958934784, 0.13810262084007263
0.26359668374061584, 0.47728317975997925, 0.13807234168052673
0.26342299580574036, 0.47703611850738525, 0.1378180831670761
0.2635987401008606, 0.4772959351539612, 0.1380709409713745
0.26360470056533813, 0.4772888720035553, 0.13808573782444
0.26360437273979187, 0.4772951900959015, 0.13807618618011475
0.26362377405166626, 0.4772413671016693, 0.13810056447982788
0.26360568404197693, 0.4772922098636627, 0.13808152079582214
0.26361897587776184, 0.4772365987300873, 0.13809439539909363
0.26359841227531433, 0.47729024291038513, 0.13806475698947906
0.26359546184539795, 0.4772816598415375, 0.13806775212287903
0.2636045515537262, 0.4772796928882599, 0.13807685673236847
0.26360365748405457, 0.4772911071777344, 0.13808076083660126
0.2636057138442993, 0.4772873520851135, 0.1380731761455536
0.26360800862312317, 0.4772827625274658, 0.13808101415634155
0.2636096477508545, 0.4772840142250061, 0.1380888670682907
0.263606458902359, 0.47728773951530457, 0.13807915151119232
0.2636169493198395, 0.4772244393825531, 0.13810527324676514
0.26361575722694397, 0.4772220253944397, 0.13810254633426666
0.26340827345848083, 0.4770718216896057, 0.13778597116470337
0.2635977268218994, 0.4773009121417999, 0.13806484639644623
0.26360073685646057, 0.47729727625846863, 0.13807663321495056
0.2635994553565979, 0.47729289531707764, 0.13807818293571472
0.26361826062202454, 0.47724416851997375, 0.1380963772535324
0.2636176347732544, 0.47723352909088135, 0.13809603452682495
0.2636159360408783, 0.47722816467285156, 0.13810069859027863
0.26361751556396484, 0.4772212505340576, 0.1380975991487503
0.26362094283103943, 0.47721901535987854, 0.13809578120708466
0.26361408829689026, 0.47727516293525696, 0.1380852907896042
0.26363009214401245, 0.4772239625453949, 0.13810792565345764
0.2636064887046814, 0.4772907793521881, 0.13807542622089386
0.26359525322914124, 0.47728443145751953, 0.13806647062301636
0.26359590888023376, 0.47728946805000305, 0.13807091116905212
0.2635950744152069, 0.4772883355617523, 0.13806046545505524
0.26358911395072937, 0.4772936701774597, 0.13805872201919556
0.26360976696014404, 0.47723349928855896, 0.1380929946899414
0.2634090185165405, 0.47707852721214294, 0.1378035545349121
0.2636033296585083, 0.4772973656654358, 0.13807553052902222
0.2636077105998993, 0.4772913157939911, 0.13808195292949677
0.26362672448158264, 0.4772326946258545, 0.13811519742012024
0.26361942291259766, 0.4772304594516754, 0.13809886574745178
0.2636168599128723, 0.4772343337535858, 0.13809214532375336
0.26361656188964844, 0.4772311747074127, 0.13809600472450256
0.26361778378486633, 0.47722941637039185, 0.13809627294540405
0.26361149549484253, 0.47723138332366943, 0.1380939483642578
0.26359066367149353, 0.47728171944618225, 0.1380714327096939
0.26360711455345154, 0.4772246479988098, 0.1380988359451294
0.2636093497276306, 0.4772357940673828, 0.13809898495674133
0.26360997557640076, 0.4772447943687439, 0.1381027102470398
0.26361775398254395, 0.47723302245140076, 0.1381063610315323
0.2635950744152069, 0.4772789478302002, 0.13808009028434753
0.26340460777282715, 0.4770788848400116, 0.13779541850090027
0.2634216845035553, 0.47703179717063904, 0.13782572746276855
0.2636153995990753, 0.47722604870796204, 0.13811442255973816
0.2636025547981262, 0.47727909684181213, 0.13808496296405792
0.26361626386642456, 0.4772239327430725, 0.13810355961322784
0.263615220785141, 0.4772118031978607, 0.13810500502586365
0.2634298503398895, 0.47701767086982727, 0.13783729076385498
0.26342660188674927, 0.47701454162597656, 0.1378244310617447
0.26360762119293213, 0.4772162437438965, 0.13809838891029358
0.2634151577949524, 0.4770170748233795, 0.1378340721130371
0.26360389590263367, 0.47723671793937683, 0.13810953497886658
0.26360780000686646, 0.4772489070892334, 0.1381119191646576
0.2636015713214874, 0.47730278968811035, 0.13809709250926971
0.263597309589386, 0.47729870676994324, 0.1380910724401474
0.2635936439037323, 0.4773015081882477, 0.13807545602321625
0.26359251141548157, 0.4772954285144806, 0.13806641101837158
0.2634172737598419, 0.4770301282405853, 0.13780826330184937
0.2635912299156189, 0.4772976040840149, 0.1380573958158493
0.2635912597179413, 0.4772973656654358, 0.13806195557117462
0.2635974884033203, 0.4772435426712036, 0.13809683918952942
0.26358792185783386, 0.47729527950286865, 0.13807940483093262
0.2635978162288666, 0.47729769349098206, 0.13807781040668488
0.26359662413597107, 0.4772897958755493, 0.1380823701620102
0.26361405849456787, 0.47723671793937683, 0.1381092071533203
0.2636035978794098, 0.47728973627090454, 0.1380777209997177
0.2636105716228485, 0.4772292375564575, 0.13809137046337128
0.26361730694770813, 0.4772268831729889, 0.1380963772535324
0.26361706852912903, 0.4772312045097351, 0.1380990743637085
0.2635999917984009, 0.4772910177707672, 0.13807499408721924
0.26360204815864563, 0.47728821635246277, 0.13807305693626404
0.26361602544784546, 0.4772322177886963, 0.13810832798480988
0.2635951042175293, 0.4772821366786957, 0.1380765289068222
0.2633964717388153, 0.4770773649215698, 0.13779744505882263
0.2634154260158539, 0.47702550888061523, 0.13782426714897156
0.26339977979660034, 0.47708579897880554, 0.1377992331981659
0.26360440254211426, 0.477245032787323, 0.13809359073638916
0.26359668374061584, 0.4772968888282776, 0.13808660209178925
0.26358872652053833, 0.4772830605506897, 0.13807933032512665
0.26359131932258606, 0.4772849380970001, 0.13807587325572968
0.26359114050865173, 0.47728440165519714, 0.1380707174539566
0.26359349489212036, 0.477275550365448, 0.13807475566864014
0.2634202539920807, 0.4770168364048004, 0.13782534003257751
0.26341912150382996, 0.4770286977291107, 0.13781620562076569
0.2636088728904724, 0.4772378206253052, 0.13810065388679504
0.26361364126205444, 0.47724097967147827, 0.13810493052005768
0.263597309589386, 0.47729963064193726, 0.13807445764541626
0.26360976696014404, 0.4772449731826782, 0.13809527456760406
0.2635945677757263, 0.47729045152664185, 0.13807499408721924
0.2634032964706421, 0.4770776629447937, 0.13778716325759888
0.2634187638759613, 0.47702574729919434, 0.13781365752220154
0.2635951340198517, 0.47728580236434937, 0.13807165622711182
0.2636108994483948, 0.477226585149765, 0.13810043036937714
0.26361143589019775, 0.4772314727306366, 0.13810241222381592
0.26361629366874695, 0.47724291682243347, 0.1381155401468277
0.26361697912216187, 0.47722935676574707, 0.13811400532722473
0.26359331607818604, 0.47727569937705994, 0.13807973265647888
0.2633458077907562, 0.4769660234451294, 0.1377212405204773
0.26340213418006897, 0.477075457572937, 0.1377907395362854
0.26340174674987793, 0.4770694971084595, 0.13779346644878387
0.2636002004146576, 0.47729310393333435, 0.13807490468025208
0.2636106610298157, 0.4772433638572693, 0.13809610903263092
0.2635995149612427, 0.4772970378398895, 0.138082817196846
0.2636246383190155, 0.47723501920700073, 0.138112410902977
0.2636178433895111, 0.47722911834716797, 0.13810278475284576
0.2636190950870514, 0.47723010182380676, 0.13810838758945465
0.26361414790153503, 0.477216899394989, 0.1381000578403473
0.26343053579330444, 0.4770181477069855, 0.1378263682126999
0.2636212110519409, 0.47723254561424255, 0.1381102204322815
0.2636234164237976, 0.4772256910800934, 0.1381101906299591
0.26362475752830505, 0.4772346019744873, 0.13811571896076202
0.26362624764442444, 0.477241575717926, 0.13810721039772034
0.26360782980918884, 0.4772898256778717, 0.13807933032512665
0.2636047601699829, 0.4772860109806061, 0.13807612657546997
0.2634204030036926, 0.47707599401474, 0.13780304789543152
0.2634197771549225, 0.47707197070121765, 0.13780543208122253
0.26363080739974976, 0.4772324562072754, 0.13811135292053223
0.26362061500549316, 0.47722968459129333, 0.13811495900154114
0.26362428069114685, 0.47723013162612915, 0.13811446726322174
0.263624370098114, 0.47722604870796204, 0.13811996579170227
0.26362887024879456, 0.47722718119621277, 0.13812047243118286
0.26360803842544556, 0.47727563977241516, 0.13808579742908478
0.2636168897151947, 0.4772235155105591, 0.1381005346775055
0.26361119747161865, 0.47722357511520386, 0.13809765875339508
0.2636028528213501, 0.4772919714450836, 0.13808052241802216
0.26360028982162476, 0.47729331254959106, 0.13808037340641022
0.2636180520057678, 0.47723618149757385, 0.13811086118221283
0.26361721754074097, 0.4772375226020813, 0.13811306655406952
0.2635992467403412, 0.47728821635246277, 0.1380806714296341
0.2636019289493561, 0.4772951602935791, 0.13807688653469086
0.2634112238883972, 0.4770777225494385, 0.13780830800533295
0.26362019777297974, 0.47724345326423645, 0.1381075233221054
0.26361599564552307, 0.47723984718322754, 0.1381070911884308
0.2636110782623291, 0.4772339463233948, 0.13810764253139496
0.26360899209976196, 0.4772333800792694, 0.13810691237449646
0.26361724734306335, 0.477237343788147, 0.13810954988002777
0.26361167430877686, 0.4772338569164276, 0.1381005197763443
0.263426810503006, 0.47702232003211975, 0.1378270983695984
0.26340407133102417, 0.47707048058509827, 0.13779327273368835
0.26340535283088684, 0.477079302072525, 0.13779667019844055
0.26361194252967834, 0.4772503972053528, 0.13809823989868164
0.26361408829689026, 0.4772537648677826, 0.13810528814792633
0.263613760471344, 0.4772547781467438, 0.13810457289218903
0.2636130154132843, 0.47725531458854675, 0.138112410902977
0.2635962963104248, 0.47729799151420593, 0.13808217644691467
0.2634196877479553, 0.4770301282405853, 0.1378239095211029
0.26340532302856445, 0.4770756661891937, 0.1377962827682495
0.26340559124946594, 0.4770689904689789, 0.1377899944782257
0.26361823081970215, 0.477233350276947, 0.13810652494430542
0.2636009156703949, 0.4772947132587433, 0.13808555901050568
0.2636127471923828, 0.47724470496177673, 0.13810692727565765
0.2635989189147949, 0.4773077070713043, 0.13808336853981018
0.2636161744594574, 0.4772503972053528, 0.13810573518276215
0.2634205222129822, 0.477030873298645, 0.13782097399234772
0.263418585062027, 0.4770212471485138, 0.13780923187732697
0.2634051740169525, 0.4770689606666565, 0.13779819011688232
0.2636154592037201, 0.47722843289375305, 0.13810622692108154
0.26361438632011414, 0.4772237539291382, 0.13810068368911743
0.2636094391345978, 0.47722432017326355, 0.13810794055461884
0.2636176347732544, 0.4772317111492157, 0.13810452818870544
0.2636062502861023, 0.47722959518432617, 0.13809175789356232
0.2636111080646515, 0.47723501920700073, 0.13809216022491455
0.2634257972240448, 0.4770413339138031, 0.13782145082950592
0.26342177391052246, 0.4770384430885315, 0.13780851662158966
0.2635945677757263, 0.4772929847240448, 0.13806602358818054
0.263598769903183, 0.4772951304912567, 0.13807812333106995
0.2635990083217621, 0.47730425000190735, 0.13807183504104614
0.263612300157547, 0.4772523045539856, 0.1381007879972458
0.2636150121688843, 0.4772352874279022, 0.13810335099697113
0.26360124349594116, 0.4772837162017822, 0.13807791471481323
0.26361092925071716, 0.47722128033638, 0.13809765875339508
0.26361140608787537, 0.4772118926048279, 0.1380987912416458
0.2636175751686096, 0.4772284924983978, 0.13810782134532928
0.2636166214942932, 0.4772322177886963, 0.13810239732265472
0.26361778378486633, 0.477238267660141, 0.1381043791770935
0.26360708475112915, 0.4772980511188507, 0.13809074461460114
0.2636032700538635, 0.47730791568756104, 0.13807538151741028
0.2634262442588806, 0.47705262899398804, 0.1378203183412552
0.2636127471923828, 0.4772482216358185, 0.13809020817279816
0.2634231746196747, 0.47704148292541504, 0.13782310485839844
0.2636127173900604, 0.4772365689277649, 0.13809411227703094
0.26361504197120667, 0.47722822427749634, 0.13810589909553528
0.2636181116104126, 0.4772280752658844, 0.13811059296131134
0.2636198103427887, 0.4772205948829651, 0.13811005651950836
0.26362064480781555, 0.4772222936153412, 0.13811422884464264
0.26361510157585144, 0.47722750902175903, 0.13810127973556519
0.26361292600631714, 0.477230429649353, 0.13810232281684875
0.26359641551971436, 0.4772864282131195, 0.13807184994220734
0.2636134922504425, 0.4772430956363678, 0.1380971223115921
0.2636029124259949, 0.47730132937431335, 0.13807661831378937
0.2636045813560486, 0.47730422019958496, 0.13808602094650269
0.26361265778541565, 0.47724929451942444, 0.1380997747182846
0.2635951042175293, 0.47729992866516113, 0.13807079195976257
0.26361027359962463, 0.4772401452064514, 0.138099804520607
0.263398677110672, 0.47707700729370117, 0.1378014236688614
0.2635900378227234, 0.47728005051612854, 0.13807938992977142
0.2636092007160187, 0.477216511964798, 0.13810642063617706
0.26353779435157776, 0.4771631062030792, 0.13801465928554535
0.26361504197120667, 0.47722798585891724, 0.1381024420261383
0.26361218094825745, 0.4772266447544098, 0.13811306655406952
0.2635979652404785, 0.47728419303894043, 0.1380840390920639
0.2636105418205261, 0.47723686695098877, 0.13810326159000397
0.2635928690433502, 0.4772934317588806, 0.1380757838487625
0.26361119747161865, 0.4772445559501648, 0.13810200989246368
0.2636057734489441, 0.4772411286830902, 0.13809937238693237
0.2636106610298157, 0.47724083065986633, 0.13810066878795624
0.2636132538318634, 0.4772363603115082, 0.13810107111930847
0.2636133134365082, 0.4772314429283142, 0.13810282945632935
0.2635955214500427, 0.47728443145751953, 0.13807784020900726
0.2635968327522278, 0.4772825837135315, 0.13807204365730286
0.2634248733520508, 0.4770312011241913, 0.13783124089241028
0.26361384987831116, 0.4772346317768097, 0.13811135292053223
0.2636127471923828, 0.4772389829158783, 0.13811172544956207
0.2635960876941681, 0.4772888720035553, 0.1380878984928131
0.26361483335494995, 0.47723037004470825, 0.13810762763023376
0.263607919216156, 0.4772268235683441, 0.13810063898563385
0.2635895609855652, 0.4772760272026062, 0.13807690143585205
0.2634234130382538, 0.47702503204345703, 0.13783450424671173
0.2636142075061798, 0.4772316515445709, 0.13810153305530548
0.26361316442489624, 0.47724518179893494, 0.1380997896194458
0.26361531019210815, 0.47725239396095276, 0.13810722529888153
0.2636130750179291, 0.47723931074142456, 0.13810472190380096
0.2636129856109619, 0.4772321879863739, 0.13810861110687256
0.26361483335494995, 0.47723278403282166, 0.13810740411281586
0.2636148929595947, 0.47721803188323975, 0.13810531795024872
0.26360639929771423, 0.4772118031978607, 0.13810215890407562
0.263605535030365, 0.47721531987190247, 0.13810202479362488
0.2636103332042694, 0.47721678018569946, 0.13809823989868164
0.26361897587776184, 0.4772278964519501, 0.13810980319976807
0.26361969113349915, 0.4772304594516754, 0.13810622692108154
0.26360151171684265, 0.47729775309562683, 0.1380847841501236
0.26359862089157104, 0.4773012399673462, 0.13807415962219238
0.26361480355262756, 0.477250874042511, 0.1381017118692398
0.2634231746196747, 0.47703856229782104, 0.13782647252082825
0.26342543959617615, 0.4770369231700897, 0.13782711327075958
0.26359692215919495, 0.47728440165519714, 0.13807427883148193
0.2636117935180664, 0.4772283434867859, 0.13810615241527557
0.2636111378669739, 0.47723323106765747, 0.1381065547466278
0.2636115252971649, 0.4772299826145172, 0.13811692595481873
0.26360711455345154, 0.47722670435905457, 0.1381041407585144
0.2636028826236725, 0.4772231876850128, 0.13810358941555023
0.2634219229221344, 0.4770224392414093, 0.13782943785190582
0.26360300183296204, 0.47722703218460083, 0.13809821009635925
0.26360854506492615, 0.47723570466041565, 0.13810428977012634
0.2635939419269562, 0.4772900640964508, 0.1380830556154251
0.26361018419265747, 0.477245032787323, 0.13811039924621582
0.2636078894138336, 0.47724348306655884, 0.13809926807880402
0.2636043131351471, 0.4772377908229828, 0.1381036341190338
0.26360583305358887, 0.47723451256752014, 0.13809821009635925
0.26340267062187195, 0.4770813286304474, 0.13779617846012115
0.2635921537876129, 0.4772844612598419, 0.13806919753551483
0.2635999917984009, 0.4772827923297882, 0.13808120787143707
0.26360124349594116, 0.477289080619812, 0.13808125257492065
0.26361265778541565, 0.47728535532951355, 0.13808347284793854
0.26362836360931396, 0.4772195816040039, 0.13810618221759796
0.2636314034461975, 0.4772277772426605, 0.13811835646629333
0.263628214597702, 0.47722381353378296, 0.13811378180980682
0.2635440230369568, 0.47716355323791504, 0.13801492750644684
0.2636079490184784, 0.47721531987190247, 0.13810130953788757
0.26361823081970215, 0.4772326946258545, 0.13810953497886658
0.2636207640171051, 0.4772332012653351, 0.13810455799102783
0.26362496614456177, 0.47723743319511414, 0.13810846209526062
0.2636021673679352, 0.47727686166763306, 0.13807842135429382
0.2636238634586334, 0.4772323966026306, 0.1381016969680786
0.26361560821533203, 0.4772331118583679, 0.13809961080551147
0.2636018991470337, 0.47727638483047485, 0.13808351755142212
0.2636115252971649, 0.47721168398857117, 0.13810592889785767
0.26362040638923645, 0.4772217869758606, 0.1381131410598755
0.26362186670303345, 0.4772183895111084, 0.13810861110687256
0.26362210512161255, 0.47721895575523376, 0.13811452686786652
0.2636222839355469, 0.4772232472896576, 0.13811208307743073
0.2636224925518036, 0.4772333800792694, 0.13810759782791138
0.2635994553565979, 0.4772860109806061, 0.1380767524242401
0.26360252499580383, 0.4772908687591553, 0.1380814015865326
0.2635974884033203, 0.4772963523864746, 0.13806818425655365
0.26361364126205444, 0.4772469103336334, 0.13809321820735931
0.26361769437789917, 0.47723329067230225, 0.13809798657894135
0.26362144947052, 0.47722309827804565, 0.1381072849035263
0.26361513137817383, 0.47722482681274414, 0.1381034106016159
0.26361075043678284, 0.477217435836792, 0.1381136029958725
0.26359447836875916, 0.4772714078426361, 0.13808859884738922
0.26362144947052, 0.4772322475910187, 0.13811688125133514
0.26362159848213196, 0.4772410988807678, 0.13811536133289337
0.2636100947856903, 0.4772895276546478, 0.13808196783065796
0.2636052668094635, 0.4772934317588806, 0.13808083534240723
0.26360461115837097, 0.4773077666759491, 0.1380724310874939
0.26359808444976807, 0.47730132937431335, 0.13806496560573578
0.2635982632637024, 0.477293998003006, 0.1380646973848343
0.26361533999443054, 0.47723692655563354, 0.1380910575389862
0.2635918855667114, 0.47728830575942993, 0.13806763291358948
0.2634057402610779, 0.47707656025886536, 0.13780464231967926
0.26361292600631714, 0.47722217440605164, 0.13811078667640686
0.2636174261569977, 0.477224200963974, 0.1381094753742218
0.2636167109012604, 0.4772225320339203, 0.13811112940311432
0.26361578702926636, 0.4772222340106964, 0.1381092220544815
0.26361626386642456, 0.47723761200904846, 0.13810773193836212
0.2635970115661621, 0.47730568051338196, 0.13806749880313873
0.26358821988105774, 0.47729796171188354, 0.13806408643722534
0.2635936737060547, 0.4773081839084625, 0.13807615637779236
0.26359182596206665, 0.47730764746665955, 0.13807310163974762
0.26359182596206665, 0.4772949516773224, 0.13807345926761627
0.26360440254211426, 0.47723156213760376, 0.1380961686372757
0.2636110782623291, 0.4772302806377411, 0.1381043642759323
0.2636110782623291, 0.4772309362888336, 0.1380976438522339
0.26359546184539795, 0.47728025913238525, 0.13808266818523407
0.26361486315727234, 0.477232962846756, 0.1381169557571411
0.2636169195175171, 0.47724100947380066, 0.13810905814170837
0.2635926604270935, 0.47728464007377625, 0.1380760222673416
0.2635999321937561, 0.47728604078292847, 0.1380854994058609
0.26360151171684265, 0.4772928059101105, 0.13807907700538635
0.26361799240112305, 0.4772535264492035, 0.1381000429391861
0.2635963261127472, 0.4772966504096985, 0.13807784020900726
0.26359686255455017, 0.47728902101516724, 0.13807789981365204
0.2635910212993622, 0.47729000449180603, 0.13807113468647003
0.2636159360408783, 0.4772464334964752, 0.1380998194217682
0.26359665393829346, 0.47728973627090454, 0.1380814015865326
0.26360034942626953, 0.4772874712944031, 0.13808169960975647
0.2636125087738037, 0.47723838686943054, 0.13809998333454132
0.2635973393917084, 0.47729161381721497, 0.138077512383461
0.26361632347106934, 0.4772281348705292, 0.13811105489730835
0.2635965645313263, 0.4772862493991852, 0.13808220624923706
0.2635978162288666, 0.4772770404815674, 0.13807816803455353
0.2636176347732544, 0.4772266447544098, 0.13811051845550537
0.263612300157547, 0.4772244393825531, 0.13810423016548157
0.26361092925071716, 0.47724226117134094, 0.13809598982334137
0.2635977566242218, 0.4772888720035553, 0.1380709707736969
0.26360440254211426, 0.47729289531707764, 0.13807722926139832
0.26360592246055603, 0.4773002564907074, 0.138071671128273
0.26360103487968445, 0.4773014783859253, 0.13807201385498047
0.2636050283908844, 0.4772954285144806, 0.13808263838291168
0.26360175013542175, 0.4772895276546478, 0.1380826085805893
0.2636159360408783, 0.47723281383514404, 0.13809724152088165
0.26361703872680664, 0.4772239029407501, 0.1381014585494995
0.26361435651779175, 0.4772193431854248, 0.1381080597639084
0.2636031210422516, 0.47722718119621277, 0.1381080448627472
0.2635951638221741, 0.4772338271141052, 0.13810935616493225
0.26359158754348755, 0.47728925943374634, 0.13808952271938324
0.2635954022407532, 0.4772924780845642, 0.1380871683359146
0.2635978162288666, 0.47730332612991333, 0.13807187974452972
0.2636115252971649, 0.4772495925426483, 0.13809257745742798
0.2636129558086395, 0.47724097967147827, 0.13808707892894745
0.26360318064689636, 0.47729915380477905, 0.1380775421857834
0.26360002160072327, 0.4772944450378418, 0.1380775421857834
0.2636132836341858, 0.47723379731178284, 0.1381049007177353
0.26360994577407837, 0.47722649574279785, 0.13810200989246368
0.2636079490184784, 0.4772243797779083, 0.13810031116008759
0.2636091709136963, 0.47722959518432617, 0.13810567557811737
0.2636094093322754, 0.4772305190563202, 0.13810504972934723
0.26358699798583984, 0.47728225588798523, 0.13807573914527893
0.2635948657989502, 0.4772879481315613, 0.13806559145450592
0.26358741521835327, 0.47728782892227173, 0.13806645572185516
0.26359298825263977, 0.47730112075805664, 0.13807600736618042
0.26360878348350525, 0.4772413372993469, 0.1381007432937622
0.26359814405441284, 0.4773022532463074, 0.13808564841747284
0.2636135220527649, 0.4772460162639618, 0.1381002962589264
0.2635902762413025, 0.4772894084453583, 0.1380787193775177
0.26360687613487244, 0.477234423160553, 0.13809967041015625
0.2636129856109619, 0.4772292971611023, 0.13809771835803986
0.26361188292503357, 0.4772270619869232, 0.13809917867183685
0.2636035084724426, 0.4772847294807434, 0.13807913661003113
0.2636001408100128, 0.4772878885269165, 0.13808032870292664
0.26360461115837097, 0.4772927761077881, 0.13808520138263702
0.26360100507736206, 0.4772949516773224, 0.13807566463947296
0.26361680030822754, 0.4772488474845886, 0.1381000280380249
0.26361289620399475, 0.47723495960235596, 0.13809768855571747
0.26340511441230774, 0.4770803451538086, 0.13779540359973907
0.26360493898391724, 0.47723686695098877, 0.1380959153175354
0.2636060118675232, 0.47724074125289917, 0.13809917867183685
0.26361289620399475, 0.4772328734397888, 0.13809961080551147
0.26359227299690247, 0.4772886633872986, 0.13807834684848785
0.26360806822776794, 0.4772402346134186, 0.13810743391513824
0.2635960876941681, 0.47728583216667175, 0.1380770206451416
0.26351720094680786, 0.4772292673587799, 0.1379743218421936
0.2636070251464844, 0.4772312045097351, 0.13809706270694733
0.26361238956451416, 0.4772324860095978, 0.13809983432292938
0.26361095905303955, 0.4772327244281769, 0.13809804618358612
0.26361778378486633, 0.4772331416606903, 0.13809604942798615
0.2636184096336365, 0.4772440493106842, 0.13810354471206665
0.26360467076301575, 0.47729748487472534, 0.13807938992977142
0.26359838247299194, 0.4772990047931671, 0.13808254897594452
0.2636144459247589, 0.4772421717643738, 0.13809332251548767
0.263608455657959, 0.47723662853240967, 0.13809184730052948
0.26342058181762695, 0.4770323932170868, 0.13781586289405823
0.26361170411109924, 0.47724246978759766, 0.13809387385845184
0.2635965049266815, 0.4772893488407135, 0.13807545602321625
0.26359671354293823, 0.4772906005382538, 0.13807788491249084
0.26361194252967834, 0.47723668813705444, 0.13810279965400696
0.2635951340198517, 0.4772879481315613, 0.13807421922683716
0.2636115252971649, 0.4772396981716156, 0.13810113072395325
0.2636157274246216, 0.4772399663925171, 0.13809986412525177
0.2636164724826813, 0.47724246978759766, 0.1381000578403473
0.26361286640167236, 0.47724035382270813, 0.13809648156166077
0.2636090815067291, 0.4772409200668335, 0.13810333609580994
0.2636013925075531, 0.47723183035850525, 0.13810396194458008
0.2635911703109741, 0.4772360324859619, 0.13810722529888153
0.2635802626609802, 0.4772292971611023, 0.13810552656650543
0.2635646164417267, 0.4772830605506897, 0.13807591795921326
0.26339027285575867, 0.47708556056022644, 0.13780023157596588
0.26361021399497986, 0.47724050283432007, 0.13809490203857422
0.26359790563583374, 0.47729960083961487, 0.1380658745765686
0.263599157333374, 0.47729814052581787, 0.138076514005661
0.2636176347732544, 0.47724291682243347, 0.13809865713119507
0.2636047899723053, 0.47729283571243286, 0.13808099925518036
0.2636181712150574, 0.477242112159729, 0.13810208439826965
0.26361095905303955, 0.4772348999977112, 0.13809600472450256
0.26342883706092834, 0.47702500224113464, 0.13782435655593872
0.26361411809921265, 0.4772278368473053, 0.13809986412525177
0.26361533999443054, 0.4772360324859619, 0.13809990882873535
0.26361513137817383, 0.4772413969039917, 0.1380973756313324
0.26361244916915894, 0.4772396385669708, 0.1380978375673294
0.2635980248451233, 0.4773044288158417, 0.1380775272846222
0.26360687613487244, 0.47729796171188354, 0.13808047771453857
0.2636072337627411, 0.4772978723049164, 0.1380721777677536
0.26361924409866333, 0.4772392809391022, 0.1380968689918518
0.263620525598526, 0.4772387146949768, 0.1381000131368637
0.26361581683158875, 0.47722887992858887, 0.13809512555599213
0.26354458928108215, 0.47717005014419556, 0.13800284266471863
0.26362597942352295, 0.4772319793701172, 0.1381123661994934
0.2636139988899231, 0.47728925943374634, 0.13808919489383698
0.26362258195877075, 0.4772370755672455, 0.13810528814792633
0.26360324025154114, 0.477286696434021, 0.1380816251039505
0.2636016309261322, 0.4772954285144806, 0.13807618618011475
0.26361700892448425, 0.477240651845932, 0.13809359073638916
0.2636001706123352, 0.4772859811782837, 0.13807326555252075
0.2636219263076782, 0.47724395990371704, 0.1381082683801651
0.26360031962394714, 0.4772908389568329, 0.13807465136051178
0.26362743973731995, 0.47723689675331116, 0.13810694217681885
0.2636258006095886, 0.4772287607192993, 0.13810817897319794
0.26361241936683655, 0.4772855043411255, 0.138076052069664
0.2636241316795349, 0.47722864151000977, 0.1381036937236786
0.26360589265823364, 0.47728243470191956, 0.1380838006734848
0.2636226415634155, 0.4772338569164276, 0.13809964060783386
0.26359957456588745, 0.47729358077049255, 0.13807418942451477
0.26360684633255005, 0.47725003957748413, 0.13811132311820984
0.26360225677490234, 0.47724050283432007, 0.13810774683952332
0.263599157333374, 0.47723832726478577, 0.13810141384601593
0.2634125351905823, 0.4770272672176361, 0.13782662153244019
0.2634156346321106, 0.47702470421791077, 0.1378200501203537
0.26358935236930847, 0.4772796332836151, 0.1380717158317566
0.2636098563671112, 0.47723037004470825, 0.13809800148010254
0.26360023021698, 0.4772851765155792, 0.1380777508020401
0.2635996639728546, 0.4772941768169403, 0.138081893324852
0.2635960578918457, 0.47729620337486267, 0.1380763053894043
0.2635979652404785, 0.4773027300834656, 0.13808199763298035
0.2636183500289917, 0.4772404134273529, 0.1381007879972458
0.2636168301105499, 0.47723084688186646, 0.13809703290462494
0.26342475414276123, 0.4770283102989197, 0.13782519102096558
0.2636120617389679, 0.47723063826560974, 0.13809770345687866
0.26361528038978577, 0.47723934054374695, 0.138105109333992
0.2636151611804962, 0.47724249958992004, 0.13810895383358002
0.2636018395423889, 0.4772986173629761, 0.13808423280715942
0.26361900568008423, 0.47723495960235596, 0.1381068229675293
0.26360416412353516, 0.47729045152664185, 0.13808223605155945
0.2635987401008606, 0.4772796630859375, 0.1380699872970581
0.2636006474494934, 0.4772810637950897, 0.13807080686092377
0.2636190950870514, 0.4772287905216217, 0.1380946934223175
0.2636198401451111, 0.47722843289375305, 0.13810060918331146
0.2636065185070038, 0.47728660702705383, 0.13808108866214752
0.26359882950782776, 0.47728219628334045, 0.13808077573776245
0.2636188268661499, 0.4772365093231201, 0.1381080597639084
0.26361656188964844, 0.4772406220436096, 0.13810789585113525
0.2636149823665619, 0.47723180055618286, 0.13810396194458008
0.2636122405529022, 0.4772287607192993, 0.1380995810031891
0.2636146545410156, 0.4772202670574188, 0.1380920261144638
0.2636007070541382, 0.47728243470191956, 0.13807646930217743
0.26361313462257385, 0.477236270904541, 0.1380997747182846
0.2635977864265442, 0.47728556394577026, 0.13808830082416534
0.263616144657135, 0.47723594307899475, 0.138105109333992
0.26361143589019775, 0.4772360622882843, 0.13810229301452637
0.26361292600631714, 0.4772300124168396, 0.1381000429391861
0.2635979950428009, 0.47728487849235535, 0.13807204365730286
0.26361221075057983, 0.4772303104400635, 0.13809576630592346
0.26359716057777405, 0.47729387879371643, 0.1380828469991684
0.26361483335494995, 0.4772316515445709, 0.13810506463050842
0.2636226713657379, 0.47723332047462463, 0.13810224831104279
0.2636062800884247, 0.4772926867008209, 0.138080894947052
0.26359468698501587, 0.4772884249687195, 0.13808460533618927
0.2635965943336487, 0.4772849678993225, 0.138081893324852
0.2636048495769501, 0.4772309958934784, 0.13809499144554138
0.263592928647995, 0.47728437185287476, 0.13807527720928192
0.2636098563671112, 0.4772341549396515, 0.1380906105041504
0.2635962665081024, 0.4772880971431732, 0.1380794644355774
0.26359841227531433, 0.47723203897476196, 0.13810279965400696
0.26359468698501587, 0.4772299826145172, 0.13809607923030853
0.26360273361206055, 0.4772230386734009, 0.13809645175933838
0.2636067271232605, 0.47722622752189636, 0.13810046017169952
0.2636115849018097, 0.47722822427749634, 0.13810230791568756
0.2636149823665619, 0.4772319495677948, 0.13809794187545776
0.2636115550994873, 0.4772239625453949, 0.13810065388679504
0.26359936594963074, 0.4772874116897583, 0.13807924091815948
0.26360100507736206, 0.47729793190956116, 0.13807569444179535
0.26359912753105164, 0.47729364037513733, 0.13807997107505798
0.2636072337627411, 0.4772391617298126, 0.138095885515213
0.2636110186576843, 0.47723519802093506, 0.13809515535831451
0.26360729336738586, 0.47722598910331726, 0.13809102773666382
0.26358941197395325, 0.4772728681564331, 0.13807018101215363
0.2636050879955292, 0.47722455859184265, 0.1380983591079712
0.26361459493637085, 0.4772311747074127, 0.13810734450817108
0.26361873745918274, 0.47723421454429626, 0.13811296224594116
0.2635969817638397, 0.47728317975997925, 0.1380808800458908
0.263613760471344, 0.4772336781024933, 0.1381034553050995
0.2636082172393799, 0.4772337079048157, 0.13809849321842194
0.26341894268989563, 0.47703197598457336, 0.13782386481761932
0.26360973715782166, 0.4772440791130066, 0.13809557259082794
0.2636057734489441, 0.47724032402038574, 0.1380888968706131
0.26360422372817993, 0.47723865509033203, 0.13808922469615936
0.26359429955482483, 0.4772975444793701, 0.13807176053524017
0.2635958194732666, 0.47729772329330444, 0.13806313276290894
0.26360011100769043, 0.4772956073284149, 0.13806423544883728
0.2635987102985382, 0.4772951900959015, 0.13807009160518646
0.2636001408100128, 0.4772939682006836, 0.13806720077991486
0.26341649889945984, 0.47709235548973083, 0.13780735433101654
0.2636210322380066, 0.4772416651248932, 0.13809826970100403
0.26360058784484863, 0.4772896468639374, 0.13807672262191772
0.26361334323883057, 0.477234810590744, 0.13809652626514435
0.26359885931015015, 0.4772879183292389, 0.13807496428489685
0.26359862089157104, 0.47728267312049866, 0.1380738765001297
0.2635975778102875, 0.4772872030735016, 0.13806898891925812
0.2635965347290039, 0.4772871732711792, 0.13807007670402527
0.2636128067970276, 0.4772410988807678, 0.1380966156721115
0.2636081576347351, 0.47724393010139465, 0.13809587061405182
0.26361384987831116, 0.4772490859031677, 0.13809382915496826
0.26361143589019775, 0.47724562883377075, 0.13810190558433533
0.2635917067527771, 0.47728538513183594, 0.1380710005760193
0.26360419392585754, 0.47722673416137695, 0.13809113204479218
0.2633986473083496, 0.4770719110965729, 0.13779519498348236
0.26360324025154114, 0.47723081707954407, 0.13810133934020996
0.2636018991470337, 0.47721776366233826, 0.13809478282928467
0.26360511779785156, 0.47722774744033813, 0.1380966305732727
0.2636055648326874, 0.4772368371486664, 0.13810096681118011
0.2635943591594696, 0.47728726267814636, 0.13807591795921326
0.26361414790153503, 0.4772384464740753, 0.13810084760189056
0.2635909616947174, 0.477294385433197, 0.1380683183670044
0.2635941207408905, 0.47728702425956726, 0.1380637288093567
0.2635904848575592, 0.47728121280670166, 0.1380598396062851
0.2636106312274933, 0.47723153233528137, 0.13809344172477722
0.2636092007160187, 0.4772379994392395, 0.1380932480096817
0.26361972093582153, 0.47723567485809326, 0.1381056159734726
0.2636120021343231, 0.4772210717201233, 0.13810379803180695
0.2636159360408783, 0.4772263467311859, 0.1381053924560547
0.26361438632011414, 0.47722408175468445, 0.13810774683952332
0.2636153995990753, 0.4772197902202606, 0.13810381293296814
0.2636147141456604, 0.4772294759750366, 0.13809460401535034
0.2636101543903351, 0.4772292971611023, 0.13809147477149963
0.263427197933197, 0.4770375192165375, 0.13781997561454773
0.2635904550552368, 0.47729235887527466, 0.13806578516960144
0.26361167430877686, 0.47724637389183044, 0.13809426128864288
0.26360851526260376, 0.4772433936595917, 0.13809862732887268
0.2636118233203888, 0.47724029421806335, 0.13810132443904877
0.2636134922504425, 0.47722893953323364, 0.13810090720653534
0.2636110186576843, 0.47722241282463074, 0.1381041258573532
0.26359322667121887, 0.477287232875824, 0.13807234168052673
0.2636081278324127, 0.4772288203239441, 0.1380925178527832
0.26360854506492615, 0.47723710536956787, 0.13809441030025482
0.26359015703201294, 0.4772931933403015, 0.13806189596652985
0.26360681653022766, 0.47724419832229614, 0.1380852460861206
0.2636115550994873, 0.477242112159729, 0.1380983293056488
0.2636009156703949, 0.4772970974445343, 0.13807129859924316
0.2635977566242218, 0.47729289531707764, 0.138077512383461
0.26361244916915894, 0.4772290587425232, 0.13811039924621582
0.2635940611362457, 0.47728249430656433, 0.1380825638771057
0.26359352469444275, 0.4772868752479553, 0.13807706534862518
0.26359158754348755, 0.47729140520095825, 0.13807393610477448
0.2636096775531769, 0.47724097967147827, 0.13809525966644287
0.2635900378227234, 0.47730085253715515, 0.1380627602338791
0.26358911395072937, 0.4772888720035553, 0.13806603848934174
0.2636048197746277, 0.47724294662475586, 0.1380893439054489
0.263595312833786, 0.47729426622390747, 0.13807153701782227
0.2635919153690338, 0.4772889018058777, 0.13807763159275055
0.2634224593639374, 0.4770268201828003, 0.13783445954322815
0.2634238302707672, 0.47702908515930176, 0.13783110678195953
0.26358991861343384, 0.4772855043411255, 0.13808196783065796
0.2636069655418396, 0.4772301912307739, 0.13811026513576508
0.2635900378227234, 0.47729262709617615, 0.13808442652225494
0.263605535030365, 0.4772363305091858, 0.13810503482818604
0.2636077404022217, 0.4772244393825531, 0.13809722661972046
0.26358574628829956, 0.477276474237442, 0.13806664943695068
0.2633965015411377, 0.4770730435848236, 0.1377846747636795
0.26358330249786377, 0.47728124260902405, 0.13806571066379547
0.26360583305358887, 0.47723615169525146, 0.13809780776500702
0.26359131932258606, 0.47729527950286865, 0.13808400928974152
0.26360827684402466, 0.47723886370658875, 0.13810493052005768
0.26359909772872925, 0.4772953987121582, 0.1380780041217804
0.26361194252967834, 0.4772365987300873, 0.13810066878795624
0.26361939311027527, 0.47723889350891113, 0.1381070464849472
0.26360973715782166, 0.4772322475910187, 0.13808980584144592
0.2635933756828308, 0.4772753417491913, 0.13807156682014465
0.26361319422721863, 0.47722622752189636, 0.1381017565727234
0.2635960280895233, 0.4772869646549225, 0.13807560503482819
0.2636081278324127, 0.47723188996315, 0.13809196650981903
0.2636137306690216, 0.477229505777359, 0.1381090134382248
0.26361283659935, 0.47724083065986633, 0.13810308277606964
0.26361244916915894, 0.4772372841835022, 0.13809829950332642
0.2635963261127472, 0.47728803753852844, 0.13808365166187286
0.2634288966655731, 0.4770359992980957, 0.13783080875873566
0.26359590888023376, 0.47729530930519104, 0.13806962966918945
0.2635972797870636, 0.47728896141052246, 0.13807310163974762
0.2635962665081024, 0.477288156747818, 0.13807564973831177
0.26361367106437683, 0.4772461950778961, 0.13809271156787872
0.2636139988899231, 0.4772377610206604, 0.13809198141098022
0.26361212134361267, 0.477236807346344, 0.1381043791770935
0.26360902190208435, 0.4772343337535858, 0.13810065388679504
0.26342493295669556, 0.47702938318252563, 0.1378253549337387
0.2634260058403015, 0.477018803358078, 0.13782186806201935
0.26359856128692627, 0.47727879881858826, 0.13807611167430878
0.26361435651779175, 0.47723478078842163, 0.13810013234615326
0.263599157333374, 0.4772927463054657, 0.13807885348796844
0.26360148191452026, 0.4772939085960388, 0.13808102905750275
0.2636169493198395, 0.4772427976131439, 0.1381078064441681
0.26361334323883057, 0.47724246978759766, 0.1381026953458786
0.2636130154132843, 0.4772332012653351, 0.13809798657894135
0.26360487937927246, 0.4772859811782837, 0.1380847841501236
0.2636217772960663, 0.47722944617271423, 0.13810157775878906
0.26362040638923645, 0.47723525762557983, 0.1381009817123413
0.2636108100414276, 0.47728556394577026, 0.13808858394622803
0.26360374689102173, 0.4772898554801941, 0.1380714327096939
0.2635993957519531, 0.47729697823524475, 0.138070210814476
0.26362279057502747, 0.47724053263664246, 0.13810290396213531
0.26361900568008423, 0.47723349928855896, 0.13810300827026367
0.2636169493198395, 0.47723403573036194, 0.13809682428836823
0.263622909784317, 0.47723233699798584, 0.13810798525810242
0.263606995344162, 0.4772852659225464, 0.13808579742908478
0.26361966133117676, 0.47723686695098877, 0.1381072700023651
0.26362344622612, 0.47724485397338867, 0.1381075531244278
0.2636248767375946, 0.4772413969039917, 0.1381147801876068
0.2636221647262573, 0.47724539041519165, 0.13810746371746063
0.2635962963104248, 0.4772944748401642, 0.13806596398353577
0.26359716057777405, 0.4772917628288269, 0.1380687803030014
0.26361212134361267, 0.4772466719150543, 0.13809430599212646
0.26359766721725464, 0.47729307413101196, 0.1380660980939865
0.2636137306690216, 0.47723257541656494, 0.1380954533815384
0.2636200785636902, 0.4772413969039917, 0.1381118893623352
0.26362061500549316, 0.47724464535713196, 0.13810263574123383
0.2636176645755768, 0.477234423160553, 0.1380997747182846
0.2636156976222992, 0.47723469138145447, 0.13811206817626953
0.2635950446128845, 0.47729143500328064, 0.1380854696035385
0.2635926604270935, 0.47728484869003296, 0.13807855546474457
0.2636112868785858, 0.47724008560180664, 0.13810056447982788
0.26361504197120667, 0.4772377908229828, 0.13809834420681
0.2635999917984009, 0.477293998003006, 0.13807924091815948
0.2635992765426636, 0.4772892892360687, 0.138083353638649
0.2636009454727173, 0.47729963064193726, 0.13807955384254456
0.26360034942626953, 0.4772965610027313, 0.13808703422546387
0.2636144161224365, 0.47724005579948425, 0.13810497522354126
0.26359692215919495, 0.4772932827472687, 0.1380850374698639
0.2636107802391052, 0.47722387313842773, 0.1381070613861084
0.26361462473869324, 0.4772286117076874, 0.13811758160591125
0.26361340284347534, 0.47722914814949036, 0.13811032474040985
0.2636111080646515, 0.47722887992858887, 0.13810588419437408
0.26359644532203674, 0.4772776961326599, 0.1380869597196579
0.2636137008666992, 0.4772328734397888, 0.13810691237449646
0.2635999917984009, 0.47728431224823, 0.13808441162109375
0.2635954022407532, 0.47727808356285095, 0.13808147609233856
0.26360785961151123, 0.47723037004470825, 0.13809922337532043
0.2636149227619171, 0.47723835706710815, 0.1380951702594757
0.26360973715782166, 0.47722911834716797, 0.13810068368911743
0.2636018991470337, 0.47728222608566284, 0.13808421790599823
0.2636148929595947, 0.47723400592803955, 0.13810350000858307
0.263597309589386, 0.47728413343429565, 0.13808168470859528
0.2635987401008606, 0.4772930145263672, 0.1380857229232788
0.26359298825263977, 0.47729504108428955, 0.13808037340641022
0.26361599564552307, 0.47724565863609314, 0.1381026953458786
0.263595312833786, 0.47728925943374634, 0.13807550072669983
0.26359862089157104, 0.4772850573062897, 0.13807834684848785
0.2635974884033203, 0.47728869318962097, 0.13808037340641022
0.2636117935180664, 0.47724011540412903, 0.1381024569272995
0.2636122405529022, 0.4772307574748993, 0.1381012499332428
0.2636107802391052, 0.4772261381149292, 0.13809168338775635
0.2636151611804962, 0.47722989320755005, 0.13809603452682495
0.26361969113349915, 0.4772416055202484, 0.13810941576957703
0.26360347867012024, 0.477291464805603, 0.13808894157409668
0.26359912753105164, 0.4772902727127075, 0.13808384537696838
0.26361656188964844, 0.4772399961948395, 0.13811002671718597
0.2636030614376068, 0.4772888422012329, 0.1380811631679535
0.26359793543815613, 0.4772883653640747, 0.13807713985443115
0.26342523097991943, 0.4770351052284241, 0.137825146317482
0.26359570026397705, 0.4772971272468567, 0.13807515799999237
0.26359856128692627, 0.4772994816303253, 0.1380753219127655
0.26359689235687256, 0.47729620337486267, 0.1380726844072342
0.2636142671108246, 0.4772423803806305, 0.13809922337532043
0.2635989487171173, 0.4772852957248688, 0.13807755708694458
0.26360586285591125, 0.4772804081439972, 0.1380871832370758
0.263619989156723, 0.47721919417381287, 0.1381099969148636
0.26361650228500366, 0.4772217273712158, 0.13811199367046356
0.26361802220344543, 0.4772246778011322, 0.1381143033504486
0.26361486315727234, 0.47722241282463074, 0.13810914754867554
0.2636176645755768, 0.47724199295043945, 0.13811008632183075
0.2636091113090515, 0.47724035382270813, 0.13810327649116516
0.26360318064689636, 0.4772314429283142, 0.13810136914253235
0.2636059522628784, 0.4772377908229828, 0.13809967041015625
0.26339980959892273, 0.47708094120025635, 0.1377992331981659
0.2636122703552246, 0.4772297441959381, 0.13809986412525177
0.2636203169822693, 0.47723257541656494, 0.1381056308746338
0.263622522354126, 0.4772306978702545, 0.1381101757287979
0.26362156867980957, 0.47722887992858887, 0.1381225734949112
0.2636234164237976, 0.4772276282310486, 0.1381191462278366
0.2636236846446991, 0.4772278964519501, 0.1381177306175232
0.26362425088882446, 0.4772249162197113, 0.13810572028160095
0.2636031210422516, 0.47727805376052856, 0.13807307183742523
0.26359793543815613, 0.477277547121048, 0.13806501030921936
0.26342469453811646, 0.4770331382751465, 0.13782164454460144
0.2636075019836426, 0.47724857926368713, 0.13808825612068176
0.26358941197395325, 0.47729843854904175, 0.1380741447210312
0.26358869671821594, 0.47730302810668945, 0.1380770206451416
0.2635953426361084, 0.4772937595844269, 0.13807833194732666
0.26360684633255005, 0.47722554206848145, 0.138099804520607
0.26341965794563293, 0.47701990604400635, 0.1378319263458252
0.26360172033309937, 0.47721871733665466, 0.138096883893013
0.2636083662509918, 0.4772270619869232, 0.13811182975769043
0.26361462473869324, 0.4772304594516754, 0.1381128579378128
0.263610303401947, 0.4772369861602783, 0.13810940086841583
0.26361092925071716, 0.4772402048110962, 0.13810566067695618
0.2635979652404785, 0.477292537689209, 0.13806918263435364
0.26359277963638306, 0.47728919982910156, 0.13806718587875366
0.2634083330631256, 0.4770795404911041, 0.13779056072235107
0.26340270042419434, 0.4770776927471161, 0.1377875953912735
0.26342013478279114, 0.4770307242870331, 0.1378185898065567
0.26361384987831116, 0.4772467017173767, 0.138105109333992
0.26359933614730835, 0.47730007767677307, 0.13808132708072662
0.2635982930660248, 0.47729459404945374, 0.13808971643447876
0.26361653208732605, 0.47724512219429016, 0.13811539113521576
0.26360711455345154, 0.47723641991615295, 0.1381099671125412
0.26360368728637695, 0.4772256016731262, 0.1381017565727234
0.26360762119293213, 0.47723421454429626, 0.13809725642204285
0.2636014223098755, 0.477237343788147, 0.13809219002723694
0.2635837197303772, 0.4772963523864746, 0.13807950913906097
0.26360610127449036, 0.47725528478622437, 0.1381060630083084
0.2636067569255829, 0.4772615432739258, 0.1381096988916397
0.263603538274765, 0.47726258635520935, 0.13810038566589355
0.2636045217514038, 0.4772532284259796, 0.13809558749198914
0.26360800862312317, 0.4772581160068512, 0.13810016214847565
0.2634175717830658, 0.47704100608825684, 0.13782046735286713
0.2636035680770874, 0.4772379398345947, 0.1381016969680786
0.2636103928089142, 0.47722408175468445, 0.1381005346775055
0.2636142671108246, 0.4772319793701172, 0.13810497522354126
0.26361358165740967, 0.47723305225372314, 0.13810817897319794
0.26361435651779175, 0.47722822427749634, 0.13810965418815613
0.26359909772872925, 0.47728830575942993, 0.13807834684848785
0.2636134922504425, 0.4772396683692932, 0.13809999823570251
0.26342594623565674, 0.47703486680984497, 0.13781718909740448
0.26341062784194946, 0.47708839178085327, 0.13778656721115112
0.2635948956012726, 0.47730258107185364, 0.13806377351284027
0.2636035084724426, 0.4772999882698059, 0.13808037340641022
0.26360398530960083, 0.47729748487472534, 0.13808566331863403
0.2636120915412903, 0.4772298336029053, 0.13810738921165466
0.2636127173900604, 0.4772229492664337, 0.13811811804771423
0.2635922431945801, 0.47727131843566895, 0.13810065388679504
0.26358529925346375, 0.4772625267505646, 0.13808920979499817
0.2636019289493561, 0.4772111475467682, 0.13810929656028748
0.2634184658527374, 0.4770234525203705, 0.13783377408981323
0.2635902464389801, 0.4772931933403015, 0.13807451725006104
0.26358866691589355, 0.4772988557815552, 0.138072669506073
0.2635909914970398, 0.4773051142692566, 0.13806451857089996
0.26359373331069946, 0.47731485962867737, 0.1380789875984192
0.2636112868785858, 0.47725409269332886, 0.13809695839881897
0.26361551880836487, 0.4772377908229828, 0.13810503482818604
0.26361283659935, 0.47722434997558594, 0.13810700178146362
0.2636141777038574, 0.4772201180458069, 0.1381160169839859
0.26361748576164246, 0.47721347212791443, 0.1381203681230545
0.26361706852912903, 0.47723299264907837, 0.13812661170959473
0.2636123597621918, 0.47723454236984253, 0.13811641931533813
0.2635919153690338, 0.4772752821445465, 0.13808134198188782
0.2635916769504547, 0.47728705406188965, 0.13807548582553864
0.2635960578918457, 0.47729700803756714, 0.13806886970996857
0.2636120319366455, 0.4772520065307617, 0.1380923092365265
0.26361414790153503, 0.47724488377571106, 0.1380918025970459
0.2636120915412903, 0.47724229097366333, 0.13809877634048462
0.26361045241355896, 0.4772433340549469, 0.1381041407585144
0.26361754536628723, 0.47723880410194397, 0.13811597228050232
0.2636190950870514, 0.4772278666496277, 0.13811379671096802
0.2636164426803589, 0.47722727060317993, 0.1381140947341919
0.26361051201820374, 0.47722122073173523, 0.13810443878173828
0.2636149823665619, 0.47722455859184265, 0.1381102353334427
0.26361700892448425, 0.4772320091724396, 0.13811080157756805
0.26359641551971436, 0.47729256749153137, 0.13807353377342224
0.26359817385673523, 0.4772895574569702, 0.1380711942911148
0.26361140608787537, 0.47724270820617676, 0.13809829950332642
0.2635922431945801, 0.47730526328086853, 0.13806775212287903
0.2636049687862396, 0.4772534966468811, 0.1380864977836609
0.2636106312274933, 0.47724637389183044, 0.13809408247470856
0.2636147737503052, 0.477237731218338, 0.1381019800901413
0.2635971009731293, 0.4772890508174896, 0.13807795941829681
0.2636110186576843, 0.47723209857940674, 0.1381065547466278
0.2635993957519531, 0.4772878587245941, 0.13808377087116241
0.2636098265647888, 0.47723624110221863, 0.13809996843338013
0.2636111378669739, 0.47724124789237976, 0.13811039924621582
0.26359009742736816, 0.47728878259658813, 0.1380816102027893
0.2636032998561859, 0.4772293269634247, 0.13809596002101898
0.2636028826236725, 0.47723937034606934, 0.13809671998023987
0.2636094093322754, 0.47724345326423645, 0.13809636235237122
0.26360732316970825, 0.47724050283432007, 0.13809430599212646
0.2636116147041321, 0.4772447347640991, 0.13810133934020996
0.2635936141014099, 0.47729235887527466, 0.138079434633255
0.2635968029499054, 0.4772953987121582, 0.13807857036590576
0.2636129558086395, 0.47723159193992615, 0.13810324668884277
0.2636113464832306, 0.47722169756889343, 0.1381049007177353
0.263431578874588, 0.4770298898220062, 0.13784003257751465
0.2636028230190277, 0.4772808253765106, 0.1380911022424698
0.2636188268661499, 0.47723016142845154, 0.13811282813549042
0.2636016011238098, 0.47729116678237915, 0.13807733356952667
0.2636006474494934, 0.47728946805000305, 0.13807471096515656
0.26361313462257385, 0.4772407114505768, 0.1380944401025772
0.26361367106437683, 0.47724178433418274, 0.13809943199157715
0.26359355449676514, 0.4772932231426239, 0.13806524872779846
0.26361319422721863, 0.47723129391670227, 0.1380929946899414
0.263615220785141, 0.4772341549396515, 0.1380995810031891
0.2636018991470337, 0.4772903621196747, 0.13807643949985504
0.26360446214675903, 0.4772840440273285, 0.13808196783065796
0.2636208236217499, 0.47722598910331726, 0.1381087601184845
0.26360422372817993, 0.4772818684577942, 0.13808594644069672
0.26361462473869324, 0.47723105549812317, 0.13810446858406067
0.26360878348350525, 0.47723057866096497, 0.13809853792190552
0.26361608505249023, 0.47723937034606934, 0.13810385763645172
0.26361215114593506, 0.4772402048110962, 0.13809888064861298
0.26361557841300964, 0.4772414267063141, 0.13809777796268463
0.2636149525642395, 0.4772424101829529, 0.1380985826253891
0.2635955214500427, 0.4772892892360687, 0.1380753368139267
0.2636010944843292, 0.47729232907295227, 0.13807740807533264
0.26360172033309937, 0.47728151082992554, 0.13808518648147583
0.2636145055294037, 0.4772273004055023, 0.13810962438583374
0.2636174261569977, 0.4772298336029053, 0.13810820877552032
0.2636151611804962, 0.4772307276725769, 0.13810747861862183
0.2636202573776245, 0.4772290289402008, 0.13811708986759186
0.26361188292503357, 0.4772297143936157, 0.1381017416715622
0.2636001408100128, 0.4772840738296509, 0.1380835473537445
0.2635985016822815, 0.47729143500328064, 0.13807246088981628
0.26359811425209045, 0.47728851437568665, 0.13807310163974762
0.263592928647995, 0.4772944450378418, 0.1380680501461029
0.2636127769947052, 0.4772395193576813, 0.13809999823570251
0.2636198401451111, 0.47724395990371704, 0.13810503482818604
0.26361727714538574, 0.4772355258464813, 0.13809950649738312
0.2634315490722656, 0.4770238995552063, 0.1378312110900879
0.26360347867012024, 0.4772842824459076, 0.13808466494083405
0.26361992955207825, 0.4772292971611023, 0.13810504972934723
0.2636167109012604, 0.4772374927997589, 0.13810963928699493
0.2636164724826813, 0.4772292673587799, 0.1381080150604248
0.26361656188964844, 0.4772253632545471, 0.13810595870018005
0.26361045241355896, 0.47722548246383667, 0.13810110092163086
0.26361677050590515, 0.477227121591568, 0.13810227811336517
0.2636104226112366, 0.47722938656806946, 0.13809515535831451
0.2636094093322754, 0.47722408175468445, 0.13809823989868164
0.2636072039604187, 0.47722184658050537, 0.1380942165851593
0.263615220785141, 0.47723206877708435, 0.1381019502878189
0.26360321044921875, 0.4772930443286896, 0.13808299601078033
0.26359835267066956, 0.47729605436325073, 0.13807843625545502
0.2635977268218994, 0.47729140520095825, 0.13807836174964905
0.2636067867279053, 0.47723501920700073, 0.1380908042192459
0.2634202241897583, 0.477023720741272, 0.13781686127185822
0.2636084258556366, 0.4772287905216217, 0.13809135556221008
0.26361241936683655, 0.4772270917892456, 0.13810326159000397
0.2636079788208008, 0.4772248864173889, 0.13809774816036224
0.26359400153160095, 0.47727635502815247, 0.138081356883049
0.26361551880836487, 0.4772251844406128, 0.13811051845550537
0.2636135220527649, 0.47722265124320984, 0.1381024867296219
0.26361551880836487, 0.4772235155105591, 0.13809910416603088
0.2634287178516388, 0.4770215153694153, 0.13782699406147003
0.26342883706092834, 0.4770295321941376, 0.13783186674118042
0.26359859108924866, 0.4772801399230957, 0.1380767524242401
0.2635987401008606, 0.4772920310497284, 0.13808254897594452
0.26359590888023376, 0.47729524970054626, 0.1380792260169983
0.2636110186576843, 0.4772346019744873, 0.1380908340215683
0.2635936141014099, 0.4772835373878479, 0.13806715607643127
0.26340457797050476, 0.4770723879337311, 0.13779523968696594
0.2636089026927948, 0.4772246479988098, 0.13808952271938324
0.2634200155735016, 0.47701624035835266, 0.13781589269638062
0.2636048495769501, 0.4772263467311859, 0.13809476792812347
0.2635970413684845, 0.47728613018989563, 0.13808314502239227
0.263617604970932, 0.47722887992858887, 0.13811853528022766
0.2636183202266693, 0.47722989320755005, 0.13811348378658295
0.26361095905303955, 0.47723162174224854, 0.13810215890407562
0.26360756158828735, 0.4772266447544098, 0.13809454441070557
0.26340365409851074, 0.47707048058509827, 0.13779033720493317
0.26341816782951355, 0.47703617811203003, 0.13781429827213287
0.2635892927646637, 0.47728532552719116, 0.13806045055389404
0.2635340988636017, 0.4771824777126312, 0.13799867033958435
0.2635984420776367, 0.47729453444480896, 0.13808035850524902
0.26359811425209045, 0.4772879183292389, 0.13808032870292664
0.26359421014785767, 0.47727781534194946, 0.13807688653469086
0.26361873745918274, 0.4772302806377411, 0.1381063610315323
0.26361608505249023, 0.4772264063358307, 0.13810978829860687
0.2636098861694336, 0.4772140085697174, 0.1381007432937622
0.26361897587776184, 0.47722652554512024, 0.1381039321422577
0.2636181116104126, 0.47723206877708435, 0.13810299336910248
0.2636181712150574, 0.4772399365901947, 0.1380986124277115
0.26361072063446045, 0.477223664522171, 0.1380942463874817
0.2636198103427887, 0.47723641991615295, 0.13809938728809357
0.26362064480781555, 0.4772438108921051, 0.13810166716575623
0.26361358165740967, 0.47723397612571716, 0.13809268176555634
0.2636197507381439, 0.47723087668418884, 0.13810501992702484
0.2634298503398895, 0.47702667117118835, 0.13782702386379242
0.26359474658966064, 0.47727900743484497, 0.13807563483715057
0.2636120915412903, 0.47722694277763367, 0.13810595870018005
0.2636023163795471, 0.4772847592830658, 0.13808682560920715
0.26361706852912903, 0.4772356152534485, 0.13810332119464874
0.26360100507736206, 0.4772844910621643, 0.13807807862758636
0.2636145353317261, 0.4772256016731262, 0.1381034553050995
0.2634050250053406, 0.4770771861076355, 0.13778947293758392
0.2634240388870239, 0.47703272104263306, 0.13781796395778656
0.26360082626342773, 0.4772953391075134, 0.1380782276391983
0.2636200487613678, 0.47724536061286926, 0.13811972737312317
0.26361599564552307, 0.4772455394268036, 0.1381065398454666
0.2636151909828186, 0.47723811864852905, 0.1381111890077591
0.2636016309261322, 0.4772913455963135, 0.1380888670682907
0.26361700892448425, 0.47722283005714417, 0.1381068229675293
0.26361536979675293, 0.47721680998802185, 0.13810127973556519
0.2634265422821045, 0.4770163595676422, 0.13782881200313568
0.2636157274246216, 0.4772259294986725, 0.13810531795024872
0.26361513137817383, 0.4772348701953888, 0.13810457289218903
0.26360395550727844, 0.47730186581611633, 0.13807697594165802
0.2635951638221741, 0.4772951304912567, 0.13807320594787598
0.26361238956451416, 0.4772498309612274, 0.13809774816036224
0.26359596848487854, 0.4772939085960388, 0.1380714774131775
0.2636171579360962, 0.47723862528800964, 0.13810573518276215
0.2634254992008209, 0.4770141541957855, 0.1378253847360611
0.2634275555610657, 0.47700828313827515, 0.1378311961889267
0.26362136006355286, 0.477218896150589, 0.13811269402503967
0.26362141966819763, 0.4772208333015442, 0.13812239468097687
0.26361945271492004, 0.47722113132476807, 0.13810788094997406
0.2635995149612427, 0.4772828221321106, 0.13807356357574463
0.26360073685646057, 0.47728708386421204, 0.1380740851163864
0.2635948061943054, 0.4772949814796448, 0.13806888461112976
0.2635992765426636, 0.4773041903972626, 0.13806520402431488
0.26360106468200684, 0.4772980809211731, 0.13806822896003723
0.26360422372817993, 0.4772999882698059, 0.138078510761261
0.2635982930660248, 0.4772917628288269, 0.13807733356952667
0.2636186480522156, 0.4772286117076874, 0.13810473680496216
0.26361432671546936, 0.4772212505340576, 0.13810855150222778
0.26361826062202454, 0.4772253930568695, 0.1381169557571411
0.26361745595932007, 0.47722309827804565, 0.13811227679252625
0.26361963152885437, 0.477220743894577, 0.13811293244361877
0.2636183202266693, 0.47723206877708435, 0.13811320066452026
0.2636147439479828, 0.4772396683692932, 0.1381019651889801
0.2635996341705322, 0.4772983491420746, 0.13807892799377441
0.2636184096336365, 0.4772433936595917, 0.13810519874095917
0.2636147439479828, 0.4772528111934662, 0.13810011744499207
0.2636108100414276, 0.4772509038448334, 0.13809552788734436
0.26361027359962463, 0.47723811864852905, 0.13809442520141602
0.263423353433609, 0.47703200578689575, 0.13782896101474762
0.26342669129371643, 0.4770222306251526, 0.1378278136253357
0.2636128067970276, 0.47721976041793823, 0.13810481131076813
0.263610303401947, 0.47721585631370544, 0.1381130814552307
0.2636153995990753, 0.4772253632545471, 0.13810686767101288
0.26360422372817993, 0.4772833585739136, 0.1380847692489624
0.26361557841300964, 0.4772284924983978, 0.13810861110687256
0.2636145055294037, 0.47723913192749023, 0.13810448348522186
0.26340824365615845, 0.4770849347114563, 0.13779832422733307
0.2635970413684845, 0.47729602456092834, 0.13807852566242218
0.26361531019210815, 0.47724267840385437, 0.13810275495052338
0.26360559463500977, 0.4772910177707672, 0.13808222115039825
0.26360639929771423, 0.47727492451667786, 0.13807697594165802
0.2636090815067291, 0.4772665500640869, 0.13809621334075928
0.2636256217956543, 0.47721344232559204, 0.13812392950057983
0.2636275887489319, 0.4772149920463562, 0.13811787962913513
0.2636292576789856, 0.47722315788269043, 0.1381252110004425
0.26362645626068115, 0.477219820022583, 0.13812141120433807
0.2636251747608185, 0.47722429037094116, 0.13810427486896515
0.26361048221588135, 0.47728684544563293, 0.13808400928974152
0.2636267840862274, 0.477236270904541, 0.13811247050762177
0.2636284828186035, 0.47723397612571716, 0.1381073147058487
0.2636285126209259, 0.4772370755672455, 0.13810637593269348
0.2636311948299408, 0.4772321581840515, 0.1381068378686905
0.26362812519073486, 0.4772227704524994, 0.13809947669506073
0.26361075043678284, 0.4772816002368927, 0.1380745768547058
0.26359647512435913, 0.47728627920150757, 0.13807359337806702
0.2636001706123352, 0.47723478078842163, 0.13810184597969055
0.2636001408100128, 0.47723299264907837, 0.13811221718788147
0.2635914385318756, 0.4772864282131195, 0.13808947801589966
0.2636076509952545, 0.47722142934799194, 0.13811179995536804
0.26361316442489624, 0.47722116112709045, 0.1381116807460785
0.26359856128692627, 0.47728198766708374, 0.1380823850631714
0.26360970735549927, 0.4772334098815918, 0.13809482753276825
0.2636193633079529, 0.4772348403930664, 0.13810597360134125
0.26360073685646057, 0.47729286551475525, 0.13807031512260437
0.2635972797870636, 0.47730863094329834, 0.13807378709316254
